total_secs,recent_worst_eplen,n_updates,best_ext_ret,epcount,eprew_recent,tcount,eprew_std,rew_mean,recent_best_eplen,eplen,eplen_std,best_eplen,eprew,recent_best_ext_ret
235.0767806,375,1,-134,640,-139.809375,240000,1.729161647,-0.35446557,375,375,0,375,-139.9,-134
469.3727574,375,2,-130,1280,-139.95,480000,1.324235629,-0.36450142,375,375,0,375,-140.08,-130
705.1041722,375,3,-130,1920,-139.778125,720000,1.839130229,-0.36042592,375,375,0,375,-139.76,-132
938.5794737,375,4,-130,2688,-139.7317708,1008000,1.483239697,-0.35442463,375,375,0,375,-139.8,-130
1174.615552,375,5,-130,3328,-139.3,1248000,1.735626688,-0.35789496,375,375,0,375,-139.26,-130
1410.282627,375,6,-130,3968,-139.03125,1488000,2.026228023,-0.3568342,375,375,0,375,-138.88,-130
1647.062954,375,7,-130,4736,-138.3828125,1776000,2.416940214,-0.34890398,375,375,0,375,-138.28,-130
1883.38242,375,8,-126,5376,-137.484375,2016000,2.555308201,-0.3520628,375,375,0,375,-137.48,-126
2115.523376,375,9,-126,6016,-137.16875,2256000,3.189733531,-0.3516746,375,375,0,375,-136.84,-126
2348.657547,375,10,-126,6784,-137.1588542,2544000,2.905098966,-0.34626898,375,375,0,375,-136.98,-126
2583.491724,375,11,-114,7424,-135.95,2784000,3.168595904,-0.34864128,375,375,0,375,-136.2,-114
2817.898272,375,12,106.6,8065,-134.2205928,3024364,24.39045477,-0.34479314,364,374.89,1.094486181,364,-132.354,106.6
3052.31536,375,13,106.6,8832,-133.3220339,3311989,4.552757406,-0.3367281,375,375,0,364,-133.18,-110
3284.938754,375,14,106.6,9472,-131.784375,3551989,5.109833657,-0.33898598,375,375,0,364,-131.64,-102
3521.404029,375,15,120.4,10114,-129.8685358,3792693,5.206303871,-0.3327786,329,375,0,329,-129.88,120.4
3756.159993,375,16,120.4,10880,-129.4608355,4079936,5.498217893,-0.3299059,368,375,0,329,-129.36,105
3991.727006,375,17,120.4,11520,-128.95,4319936,5.852144906,-0.33170018,375,375,0,329,-128.82,-98
4227.104842,375,18,120.4,12163,-128.9281493,4561028,24.68389953,-0.3335038,342,374.67,3.283458542,329,-126.748,115.2
4462.338755,375,19,120.4,12928,-128.9006536,4847881,6.62721661,-0.3288473,353,375,0,329,-128.4,111
4692.343186,375,20,120.4,13568,-127.66875,5087858,5.81914083,-0.32928324,365,375,0,329,-128.24,106.1
4923.335518,375,21,137.2,14224,-125.4353659,5333515,34.09133055,-0.3249644,287,374.44,3.960606014,287,-123.591,137.2
5155.505767,375,22,137.2,14976,-123.7628989,5615162,7.31300212,-0.31373656,296,375,0,287,-128.2,133.6
5385.59701,375,23,147.6,15616,-117.6571875,5854298,23.9012003,-0.30525273,261,374.93,0.696491206,261,-125.532,147.6
5619.213971,375,24,147.6,16331,-109.0362238,6120530,61.04493594,-0.27677688,277,373.38,6.136415892,261,-110.386,137.2
5852.251894,375,25,156.8,17024,-92.85829726,6376308,65.6070559,-0.2395122,228,372.52,9.331109259,228,-106.304,156.8
6086.003994,375,26,158.8,17713,-85.68461538,6628826,90.75923963,-0.22227305,233,366.56,24.28593008,228,-84.411,158.8
6320.611509,375,27,167.6,18436,-74.46168741,6891655,114.2995201,-0.18928033,211,358.56,31.40965457,211,-48.464,167.6
6555.614406,375,28,167.6,19142,-65.21288952,7144413,110.9907351,-0.17326903,214,357.77,35.39176599,211,-63.035,166.6
6793.903175,375,29,173.2,19850,-78.56638418,7401167,96.08902295,-0.2033761,197,365.49,25.55014481,197,-87.963,173.2
7032.735012,375,30,173.2,20546,-94.16451149,7655921,89.93839883,-0.24594477,225,365.78,26.00253065,197,-94.904,162
7269.57275,375,31,174.2,21255,-98.67827927,7915331,73.28586398,-0.25622833,195,370.24,17.74887039,195,-108.729,174.2
7505.830808,375,32,174.2,21957,-80.41965812,8168096,113.7895891,-0.21280907,199,355.87,43.45449459,195,-68.202,172.4
7735.886455,375,33,174.2,22671,-66.82689076,8422659,103.935655,-0.17653264,206,361.02,34.03820794,195,-82.532,169.9
7968.04441,375,34,179.8,23404,-59.35252387,8681150,118.1863754,-0.15409596,181,352.89,43.72296765,181,-58.713,179.8
8199.791324,375,35,187.6,24154,-40.45226667,8937983,133.0989619,-0.104701474,151,334.74,58.01251934,151,-21.012,187.6
8431.354607,375,36,187.6,24936,-9.238618926,9196319,134.9047009,-0.011130801,175,328.42,62.47530392,151,-7.408,182
8663.294049,375,37,191.3,25713,2.241055341,9450269,131.3605207,0.016160097,152,335.42,57.82113454,151,-7.383,191.3
8893.329464,375,38,191.3,26517,14.85273632,9706201,133.2625689,0.058912273,168,310.26,68.08195356,151,38.605,184.8
9124.699146,375,39,191.3,27340,27.0309842,9962806,136.6854919,0.10196084,160,314.53,68.57848861,151,24.901,188
9360.104462,375,40,191.3,28179,36.29034565,10220832,136.3051667,0.13374594,165,311.86,67.33053096,151,28.555,186.2
9595.645446,375,41,191.3,29026,44.30200708,10477525,133.9988545,0.15953928,160,308.65,70.34051109,151,35.528,188
9826.981526,375,42,192,29913,65.18951522,10732221,131.6391986,0.23775719,150,289.7,76.93627233,150,61.467,192
10058.50072,375,43,192,30868,95.02858639,10989733,120.4286417,0.36963072,151,274.74,72.47863409,150,86.413,191.6
10290.31595,375,44,192,31857,109.7125379,11245577,90.55272751,0.43851328,157,251.1,66.37205737,150,125.321,189.4
10522.28469,375,45,195.7,32894,122.3076181,11504692,98.75330494,0.51239556,141,253.07,68.63035116,141,119.342,195.7
10755.52197,375,46,195.7,33943,131.9443279,11758546,93.01482881,0.553654,143,244.27,65.71177292,141,127.539,195
10988.20214,375,47,195.7,35071,150.1191489,12016243,51.28956869,0.67550087,146,225.2,52.04325124,141,155.012,193.6
11223.796,375,48,195.7,36187,147.6086918,12271875,64.89839443,0.6594477,143,229.18,56.48351618,141,149,194.8
11459.5807,375,49,197.4,37340,154.0776236,12528002,52.80338432,0.70728487,137,217.64,56.12780416,137,158.298,197.4
11692.7005,375,50,197.4,38510,157.5980342,12785166,51.83125986,0.73447657,137,214.32,50.60649761,137,159.399,197.2
11924.54958,375,51,197.4,39704,162.4572864,13040573,17.55749239,0.7713635,142,208.64,43.79326889,137,168.481,195.4
12155.85745,375,52,197.4,40937,164.698459,13297740,50.86798186,0.8108874,141,211.54,49.203947,137,160.539,195.6
12386.63994,375,53,197.4,42178,165.265834,13553860,44.13411171,0.8131354,138,204.36,48.53875153,137,165.728,196.9
12618.08716,375,54,197.4,43428,167.39952,13810140,53.33195755,0.8324792,136,213.82,55.70733883,136,159.552,196.9
12848.27534,375,55,197.6,44697,169.4998424,14064897,33.51204864,0.85367423,136,205.91,46.46441542,136,167.286,197.6
13079.19361,375,56,199.2,45992,169.7735135,14321308,42.47529946,0.87314373,132,201.68,45.79385985,132,166.956,199.2
13308.87605,375,57,199.2,47282,169.1894574,14578153,57.97198009,0.8673037,134,199.46,49.71748586,132,163.555,197.8
13540.03908,375,58,199.2,48581,170.5896844,14835054,18.35997111,0.88272774,136,201.57,45.84457547,132,171.369,197.6
13775.65295,375,59,199.2,49904,173.6278912,15090136,32.38963377,0.9096562,138,187.71,38.87397458,132,174.532,196.8
14007.77533,375,60,199.2,51256,173.695858,15347714,16.55956458,0.93304324,135,195.65,41.17775492,132,173.689,198.2
14237.5143,375,61,199.4,52604,173.7969585,15603893,16.19824299,0.92981505,132,189.01,40.27443234,132,176.382,199.4
14471.20911,375,62,199.4,53971,175.631602,15859043,11.64239988,0.9525263,134,182.81,29.21598706,132,178.855,198.4
14703.86501,375,63,201.2,55362,176.6474479,16115756,32.17103758,0.97350776,127,188.38,37.30784904,127,174.429,201.2
14936.48014,375,64,201.2,56754,176.8918103,16371815,42.86311443,0.97852117,128,178.8,35.18067651,127,175.989,201
15166.45538,375,65,201.2,58155,177.4231263,16627752,12.06011924,0.9828372,128,180.63,29.9314734,127,179.518,200.8
15398.79124,375,66,201.5,59566,177.9274982,16884117,42.2486333,0.9962022,127,181.14,38.76390589,127,175.272,201.5
15628.97038,375,67,201.5,60984,179.1299013,17139892,31.96540511,1.0068588,127,179.75,37.04601868,127,177.974,201.2
15860.37581,375,68,202.6,62424,179.8620833,17396198,11.97725891,1.0260522,124,178.58,29.94367379,124,180.537,202.6
16098.58626,375,69,202.6,63867,179.5435897,17652545,31.4993591,1.0287735,126,182.33,32.75547435,124,176.824,201.6
16336.47804,375,70,202.6,65316,180.6904072,17907994,12.60755087,1.0349903,129,176.92,31.55746504,124,181.219,200.4
16570.98425,375,71,202.8,66769,180.564212,18164741,42.49759287,1.0411797,123,177.56,36.23846575,123,176.56,202.8
16806.66984,375,72,203.8,68230,180.5809719,18420654,32.13324601,1.0442625,121,173.11,30.46798155,121,180.401,203.8
17040.34265,375,73,205.6,69680,181.4435172,18674815,9.446088026,1.0412332,116,172.37,22.88958497,116,183.039,205.6
17276.77383,375,74,205.6,71150,181.0015646,18931448,12.47911355,1.0534468,127,174.12,31.11696643,116,182.385,201.2
17515.4081,375,75,205.6,72637,181.5233356,19189033,15.86534097,1.0712308,127,175.93,39.44521644,116,181.666,201.2
17754.69108,375,76,205.6,74104,181.4442399,19443829,32.18154285,1.0546663,127,175.13,33.4307209,116,179.79,201.5
17995.93815,375,77,205.6,75598,182.0012718,19700832,9.285526372,1.0768628,123,171.97,22.85539542,116,183.16,202.8
18234.42277,375,78,205.6,77113,183.8788779,19957727,11.78112367,1.1038145,121,172.44,29.17201399,116,183.015,203.6
18470.10941,359,79,205.6,78621,184.1933024,20213295,9.153441102,1.0985266,121,165.71,22.75271193,116,185.754,203.6
18704.77429,375,80,205.6,80129,183.3692971,20469220,11.49003094,1.0968268,125,170.71,28.62037561,116,183.733,202.2
18941.39142,375,81,205.6,81658,184.8800523,20725353,8.86084979,1.1179191,125,165.83,22.17749084,116,185.771,202
19175.14936,375,82,205.6,83167,183.4987409,20980589,9.984697241,1.0958636,125,166.67,24.85319094,116,185.261,202.2
19410.081,375,83,205.6,84700,184.830137,21236306,29.47044844,1.1219912,128,169.57,29.98241318,116,182.087,200.9
19645.2821,375,84,205.6,86239,184.5835608,21493580,31.16068566,1.1288624,125,166.59,27.94462202,116,183.187,202.3
19878.30981,375,85,205.6,87776,184.8226415,21749538,10.03195988,1.1221677,125,164.92,25.00587131,116,186.091,202.3
20116.9092,375,86,205.6,89327,185.177305,22004789,32.33685852,1.1367608,123,161.34,29.6493575,116,185.191,202.9
20353.7566,375,87,205.6,90887,185.8680769,22260623,10.40698703,1.1473145,123,164.9,25.62518293,116,185.939,202.8
20586.68946,375,88,205.6,92444,185.4476557,22517573,10.98391351,1.1447052,124,166.19,27.45530732,116,185.638,202.7
20823.70524,375,89,205.6,93998,185.8983912,22773402,11.65104609,1.1433041,124,163.04,29.20236977,116,186.755,202.4
21058.48239,375,90,205.6,95556,186.0165597,23028904,12.16387483,1.1474543,120,168.06,30.21814687,116,184.843,204.2
21292.55468,375,91,205.6,97136,186.4386709,23285763,45.35014792,1.1658156,119,168.32,43.76411315,116,180.278,204.4
21530.08858,375,92,205.6,98719,187.0922931,23540992,8.947701157,1.1704462,123,160.41,22.38396524,116,187.962,202.9
21765.0924,375,93,205.6,100316,187.324546,23797620,9.802008927,1.1855435,123,163.2,24.45935404,116,186.711,202.8
22000.27454,375,94,205.6,101902,186.697541,24053926,8.495426063,1.1731398,122,162.84,21.28977219,116,186.844,203.2
22237.26411,375,95,205.6,103502,187.7234375,24309435,9.999794948,1.1868583,119,159.44,24.92641972,116,188.249,204.4
22473.62459,375,96,205.7,105104,188.0462547,24564625,9.237303232,1.1930271,116,158.38,23.00033913,116,188.623,205.7
22709.44411,375,97,205.7,106724,188.0033951,24821660,32.21004322,1.204456,119,160.83,28.42113826,116,185.346,204.5
22943.35828,375,98,205.7,108322,187.4824781,25077317,8.19088585,1.186394,121,157.11,20.35578296,116,189.217,203.8
23172.94242,375,99,205.7,109938,187.835953,25333368,9.808102518,1.2034681,120,158.5,24.368217,116,188.585,204
23402.02914,375,100,206.8,111563,188.6103385,25589399,8.81625062,1.2100233,113,157.52,21.75705862,113,188.975,206.8
23632.45796,375,101,206.8,113189,188.4787208,25845538,9.844627977,1.2123262,114,154.91,24.34875562,113,190.01,206.4
23862.99673,375,102,206.8,114809,188.227963,26101082,9.97422799,1.2066959,118,157.15,24.89673673,113,189.176,205.1
24092.1197,375,103,206.8,116463,189.876058,26357560,29.47370109,1.245169,116,152.69,26.95577675,113,189.012,205.6
24325.21963,375,104,206.8,118109,189.581045,26613393,8.432168108,1.2343043,122,155.74,20.85647142,113,189.679,203.2
24553.41071,375,105,206.8,119767,189.8161037,26870054,11.41391585,1.2441801,117,156.23,28.37247081,113,189.535,205.2
24783.51517,375,106,206.8,121421,190.112757,27124935,7.284222676,1.2437027,117,153.38,17.95259313,113,190.63,205.3
25012.37305,375,107,206.8,123088,190.1704259,27382153,5.340346805,1.2542742,120,150.42,13.34179898,113,191.936,204.2
25245.20711,375,108,206.8,124743,189.727432,27638221,9.314351507,1.2418698,115,158.34,23.31017803,113,188.684,206
25474.4723,375,109,206.8,126392,188.8430564,27893698,31.98155873,1.2322507,115,152.87,28.16190867,113,188.551,206.1
25703.84145,375,110,206.8,128083,191.0011236,28151289,31.44931559,1.2789367,118,157.07,35.17620076,113,187.093,204.8
25935.48142,375,111,206.8,129746,190.3478052,28406039,34.023243,1.2506769,115,159.7,41.41654259,113,185.844,206.1
26166.22429,375,112,206.8,131432,191.0284104,28661577,32.28766638,1.2732564,117,154.21,30.45892152,113,188.1,205.2
26399.76589,375,113,206.8,133124,191.009279,28918621,7.750934073,1.27908,118,151.53,19.09369268,113,191.411,204.8
26633.02184,375,114,206.8,134804,190.5209524,29174213,9.813932698,1.2665627,114,154.2,24.58739514,113,190.365,206.4
26867.19333,375,115,206.8,136484,190.8188095,29429811,7.120088412,1.2668625,119,149.2,17.88463027,113,192.379,204.6
27103.46392,331,116,206.8,138176,191.4621158,29686020,11.27455946,1.2815046,118,154.57,28.23127875,113,190.197,205.1
27340.04918,375,117,206.8,139896,192.2212791,29942642,8.908752719,1.3086786,116,151.64,22.2452332,113,191.445,205.8
27577.78939,375,118,206.8,141608,192.0438668,30198929,6.493682776,1.3000162,113,146.79,16.23840817,113,193.378,206.8
27815.66228,375,119,206.8,143316,191.7817916,30453987,6.707247125,1.2944057,114,146.13,16.39857006,113,193.594,206.5
28052.65992,375,120,206.8,145038,191.9211963,30711061,9.994898699,1.3101364,114,151.66,25.02247789,113,191.38,206.4
28288.78317,375,121,206.8,146748,192.1144444,30966065,9.364344024,1.2964207,116,147.5,23.46380191,113,193.031,205.6
28523.19644,375,122,206.8,148469,192.1078443,31222210,12.30803295,1.3078239,115,153.28,30.76364088,113,190.785,206
28757.21125,375,123,206.8,150194,192.5429565,31477669,6.363434293,1.3142308,114,148.73,15.85424549,113,192.552,206.4
28993.13197,282,124,206.8,151924,192.8181503,31733865,7.822311934,1.3199254,117,150.18,19.58896628,113,192.006,205.4
29228.85317,375,125,206.8,153665,192.8072372,31990616,6.937738536,1.3272355,116,147.29,17.07412955,113,193.128,205.6
29465.02049,375,126,206.8,155394,192.7175824,32245897,5.914883853,1.31664,114,143.96,14.8242504,113,194.443,206.6
29701.94359,375,127,206.8,157138,193.1637041,32502117,6.145834036,1.3326417,114,144.64,15.35872391,113,194.218,206.4
29938.68357,375,128,208,158884,192.8898053,32758621,9.889007786,1.3324038,110,147.23,24.66327432,110,193.145,208
30171.80656,375,129,208,160636,193.547774,33014164,7.005010992,1.3402205,114,144.52,17.37957422,110,194.189,206.4
30401.28385,375,130,208,162398,193.6675369,33270614,5.82026898,1.3512689,113,143.02,14.51825058,110,194.787,207
30630.82756,375,131,208,164163,193.8614164,33526284,6.522551265,1.3517418,114,145.11,16.36330957,110,194.015,206.5
30861.96051,375,132,208,165925,193.3610102,33782377,7.904696326,1.3460517,114,146.38,19.95483901,110,193.424,206.4
31091.68536,375,133,208,167689,193.7144558,34037852,32.17414582,1.3496139,115,145.87,28.28627052,110,191.379,206
31321.28789,375,134,208,169447,193.3722412,34294140,8.686026192,1.3443968,114,145.66,21.51195946,110,193.757,206.4
31556.58163,375,135,208,171219,194.0795147,34550279,10.26202802,1.3611075,115,146.57,25.66252326,110,193.459,206.1
31788.73059,375,136,208.1,172996,194.1150253,34806564,6.029047271,1.3621812,110,143.54,14.67339088,110,194.633,208.1
32015.56162,375,137,208.1,174777,194.5641213,35061867,6.513281508,1.3682147,111,144.05,16.33240644,110,194.442,207.6
32244.42119,375,138,208.1,176552,193.8667042,35318485,32.34830832,1.3610023,114,151.49,39.23021667,110,189.407,206.5
32475.93893,375,139,208.1,178349,194.9163606,35574571,9.535170476,1.384327,115,143.52,23.84050335,110,194.682,206
32705.75859,375,140,208.1,180143,194.8188406,35830091,11.27750305,1.3811316,113,144.45,28.01156011,110,194.205,206.9
32934.26688,375,141,208.1,181935,194.7959263,36086117,8.264119735,1.3823388,113,142.5,20.48975354,110,195.045,206.8
33167.03075,375,142,208.1,183734,194.1322957,36342744,33.09506005,1.3801957,111,146.28,31.95624509,110,191.26,207.6
33397.51009,369,143,208.1,185549,195.6737741,36598574,7.527331267,1.4030977,112,141.59,18.04832125,110,195.322,207.2
33631.54254,375,144,208.1,187359,195.0871271,36855212,5.346547578,1.3979089,115,140.43,13.39720493,110,195.923,206.2
33864.2899,331,145,208.1,189187,195.8869256,37111903,10.0871435,1.4148489,113,143.77,25.12920811,110,194.544,207
34096.08594,375,146,208.1,190995,195.3363385,37366534,11.7114079,1.3960521,111,145.61,29.22905917,110,193.695,207.6
34326.45487,375,147,208.4,192824,195.663532,37622687,4.028275065,1.4142185,109,138.49,10.12471728,109,196.66,208.4
34559.29843,375,148,208.4,194653,195.5299071,37878939,44.83217303,1.4150667,112,142.14,34.64188794,109,190.669,207.2
34789.36725,375,149,208.9,196475,195.3010977,38134620,5.853193658,1.4059169,108,138.55,14.59272079,108,196.618,208.9
35021.24668,375,150,208.9,198318,196.1483451,38391639,6.445492921,1.429486,109,142.22,16.08016169,108,195.161,208.4
35255.46442,375,151,208.9,200147,196.2244396,38645852,7.880302723,1.4193945,108,140.79,19.72931575,108,195.773,208.8
35486.46334,375,152,209.1,201995,196.2336039,38903226,32.24869418,1.4313353,108,140.11,27.62857036,108,193.782,209.1
35717.31409,375,153,209.1,203846,196.7341437,39158640,5.274821229,1.440579,111,136.66,13.25837094,108,197.381,207.7
35949.05908,375,154,209.1,205689,196.3964731,39414427,5.720452692,1.4304755,109,138.79,14.29146249,108,196.539,208.6
36181.90204,375,155,209.1,207556,196.9098554,39670722,7.854544162,1.4533169,110,137.36,19.67359652,108,197.144,208
36409.6393,325,156,209.1,209416,196.921828,39927074,5.227800302,1.4481113,108,135.86,13.02460748,108,197.748,208.8
36636.77337,375,157,209.1,211279,196.5703167,40183259,4.854954068,1.4479862,108,135.7,12.15524578,108,197.761,208.8
36867.66213,375,158,209.1,213140,196.8235357,40439113,9.871660245,1.4473205,111,137.24,24.6767583,108,197.182,207.8
37095.76353,375,159,209.1,215010,197.0818182,40695417,4.987203625,1.4569161,108,136.34,12.64533115,108,197.46,208.8
37324.27789,375,160,209.1,216889,197.4147419,40951505,6.307714642,1.4666383,112,135.45,15.83248243,108,197.856,207.2
37556.91052,375,161,209.1,218781,197.6238901,41208372,6.386953812,1.4785349,110,135.51,15.92010992,108,197.789,208
37788.29634,370,162,209.3,220648,197.4301018,41463318,6.774901549,1.4562646,107,136.65,16.94247621,107,197.403,209.3
38019.10335,375,163,209.3,222520,197.2538996,41718715,5.785125323,1.4595835,109,134.79,14.51984504,107,198.155,208.5
38247.03434,375,164,209.3,224411,197.2193548,41975703,6.135197715,1.4755535,111,135.01,15.35870763,107,198.057,207.8
38477.40708,273,165,209.3,226309,198.1550053,42231445,4.308722665,1.4859724,107,133.22,10.40920746,107,198.703,209.2
38707.21657,375,166,209.3,228204,197.9873351,42487022,8.47321049,1.4819763,110,137.56,21.20062263,107,197.052,208
38934.73394,375,167,209.3,230107,197.9170783,42743996,6.120091829,1.489757,107,135.15,15.15016502,107,197.974,209.2
39165.42828,375,168,209.3,232000,197.9768093,42999385,5.279912405,1.4815913,109,133.93,13.12040777,107,198.465,208.5
39396.01669,315,169,209.3,233896,198.155327,43254782,7.270437332,1.4837745,111,138.39,18.19554616,107,196.729,207.9
39624.08482,375,170,209.3,235806,198.1860733,43511394,8.187504137,1.4959383,107,136.67,20.55239889,107,197.376,209.3
39854.17712,259,171,209.3,237721,198.569765,43767360,5.120208101,1.5018599,109,133.01,12.81366068,107,198.863,208.6
40081.68585,375,172,209.3,239634,198.3537899,44023001,4.597940408,1.5001003,109,132.36,11.36531566,107,199.088,208.4
40313.6685,375,173,209.3,241555,198.2473712,44279739,32.24542602,1.5049014,108,136.8,29.69915824,107,195.151,209.1
40547.87467,375,174,209.6,243476,198.6505986,44534997,5.311521345,1.5082998,106,132.76,13.31774756,106,198.929,209.6
40778.22598,301,175,209.6,245398,198.8415713,44790637,3.999988,1.5114826,109,131.85,9.933151564,106,199.264,208.4
41011.32081,375,176,209.6,247334,198.7673554,45048036,9.510422914,1.5211887,109,135.37,23.82127411,106,197.916,208.4
41239.56192,344,177,209.6,249253,198.8842105,45303121,10.61702458,1.5088205,107,134.48,26.53845512,106,198.283,209.2
41472.98771,375,178,209.6,251189,198.9258264,45559667,4.49308758,1.5212862,109,132.44,11.04655602,106,199.058,208.6
41703.44583,361,179,210.4,253111,199.1402706,45813968,3.218975613,1.5126863,104,129.74,8.080371279,104,200.186,210.4
41935.67688,270,180,210.5,255056,199.1973779,46070992,4.677819578,1.529938,104,131.19,11.68049228,104,199.598,210.5
42168.91428,375,181,210.5,257004,199.1785934,46327927,8.829235301,1.5356091,106,132.68,22.10379153,104,199.002,209.6
42396.71465,375,182,210.5,258942,199.1597523,46583595,4.173201529,1.5245359,108,129.98,10.42686914,104,200.083,209
42624.23193,375,183,210.5,260884,199.245932,46838879,5.629204118,1.5288593,106,132.37,14.07384454,104,199.131,209.6
42855.10632,375,184,210.5,262839,199.288491,47096258,3.853347116,1.5406266,105,130.27,9.663182706,104,199.946,210.1
43087.63481,348,185,210.5,264792,199.8146953,47351289,5.619010144,1.5417604,107,130.4,14.10035461,104,199.915,209.4
43315.06313,375,186,210.5,266743,199.1662737,47606989,5.508326334,1.5356885,107,130.01,13.47552967,104,200.021,209.5
43545.06023,253,187,210.5,268714,199.8552004,47864162,5.441336141,1.5553387,106,132,13.62717872,104,199.269,209.7
43773.23059,375,188,210.8,270669,199.7522251,48119227,6.018103023,1.5423567,103,130.67,15.03399814,103,199.794,210.8
44001.02125,375,189,210.8,272644,199.9395443,48375983,5.045740679,1.5635741,105,129.93,12.49020016,103,200.001,210
44232.7674,325,190,210.8,274607,199.9360163,48631715,11.11798435,1.5483187,105,132.62,27.78444889,103,198.968,210
44463.61776,375,191,210.8,276573,199.8409461,48887842,10.56389777,1.5543077,107,133.35,26.34895634,103,198.692,209.3
44692.73149,375,192,210.8,278546,199.9772935,49143505,3.523702031,1.5584524,107,128.12,8.841131149,103,200.818,209.3
44923.63894,375,193,210.8,280520,199.9448835,49400102,4.737881805,1.5610027,104,129.11,11.87341147,103,200.426,210.4
45154.02982,375,194,210.8,282491,200.0651446,49655762,7.762596215,1.5569527,105,131.32,19.41024472,103,199.49,210
45388.8574,365,195,210.8,284458,200.0945094,49911248,9.493718924,1.5548288,108,133.5,23.75605186,103,198.651,208.8
45625.03089,375,196,210.8,286439,200.2747602,50167209,3.72003172,1.566025,106,128.23,9.082791421,103,200.742,209.6
45859.57012,375,197,210.8,288414,200.0597468,50423260,3.75527509,1.5626832,107,127.88,9.280387923,103,200.847,209.3
46090.00087,375,198,210.8,290414,200.57625,50680105,3.983381855,1.5851096,106,127.95,9.630550348,103,200.863,209.8
46319.657,375,199,210.8,292405,200.5967353,50935142,3.501213504,1.5782859,105,126.81,8.751794102,103,201.352,210.1
46551.66007,375,200,210.8,294409,200.8031936,51191390,3.362887301,1.5882562,107,124.67,8.277747278,103,202.117,209.2
46781.45649,270,201,210.8,296403,200.7485456,51447126,4.192118319,1.582469,106,129.24,10.48438839,103,200.388,209.6
47014.7631,318,202,210.8,298411,200.8704681,51704080,3.774357031,1.5953382,104,128.65,9.21018458,103,200.527,210.4
47250.31035,261,203,210.8,300416,201.003591,51959895,5.656969153,1.5942224,105,128.63,14.15108123,103,200.61,210.1
47487.61524,375,204,210.8,302415,200.8378689,52215297,6.919726223,1.5845531,106,129.24,17.38914604,103,200.383,209.7
47724.52514,375,205,211,304432,201.0043133,52472180,5.607560878,1.6019933,103,129.36,14.04529815,103,200.319,211
47956.61155,375,206,211,306452,201.2294554,52728269,3.254291167,1.6067343,107,126.46,8.177310071,103,201.483,209.4
48189.79137,305,207,211,308470,201.440337,52983635,4.300872005,1.6059449,103,125.15,10.74651106,103,202.01,210.8
48421.8026,375,208,211,310500,201.2077833,53240525,10.09206475,1.6156038,104,128.5,25.18273218,103,200.623,210.4
48657.14412,375,209,211,312514,201.3320755,53495387,3.402942256,1.600825,105,126.61,8.522787103,103,201.428,210.1
48887.4852,375,210,211,314544,201.211133,53752296,7.285855543,1.612896,103,127.29,18.26269148,103,201.147,210.8
49119.09159,375,211,211,316578,201.5150934,54007678,32.54830048,1.6192079,104,128.47,27.43153477,103,198.444,210.4
49350.79815,291,212,211,318615,201.7851743,54263696,7.316054333,1.6247729,105,126.69,18.26948001,103,201.393,210
49586.37894,272,213,211,320659,202.0149217,54519410,5.278531898,1.631251,104,125.79,13.1994659,103,201.751,210.5
49820.93207,311,214,211,322704,201.8710513,54776032,4.378699693,1.631329,106,125.34,10.96468878,103,201.933,209.8
50054.38023,375,215,212.5,324747,201.948605,55031416,5.579593086,1.628786,99,125.87,13.97043664,99,201.721,212.5
50285.34528,374,216,212.5,326807,202.1478641,55288459,4.425465399,1.6460758,105,125.14,11.06979675,99,202.016,210
50514.67896,375,217,212.5,328856,202.0468521,55544076,4.324034574,1.635797,104,124.42,10.81589571,99,202.305,210.7
50746.15643,359,218,212.5,330901,202.1370171,55799313,3.737272267,1.6339622,100,123.38,9.32285364,99,202.714,212
50979.98984,348,219,212.5,332955,202.0410419,56056137,4.244413269,1.6412743,104,124.76,10.64154124,99,202.166,210.5
51207.44221,330,220,212.5,335010,202.2714842,56311938,4.728581606,1.6424596,103,124.95,11.73488389,99,202.054,210.9
51440.741,346,221,212.5,337068,202.4077259,56567431,3.682391071,1.6450691,103,123.25,9.208012815,99,202.786,210.8
51676.30867,375,222,212.5,339125,202.1715119,56823493,3.780396276,1.6445242,103,122.95,9.447089499,99,202.898,210.8
51908.35987,375,223,212.5,341200,202.3527711,57080774,3.591765443,1.6588109,99,122.59,8.994548349,99,203.039,212.4
52142.54928,293,224,212.5,343273,202.6238784,57336989,3.468960075,1.6593126,101,123.86,8.66950979,99,202.546,211.6
52376.24189,236,225,212.5,345335,202.806838,57590967,3.88302395,1.6527283,103,122.96,9.771304928,99,202.895,210.8
52610.00979,375,226,212.5,347410,202.4953735,57847554,2.968299176,1.6611167,102,121.6,7.431016081,99,203.44,211.2
52844.50126,375,227,212.5,349474,202.3694283,58102815,3.425031971,1.6501243,103,123.51,8.345651562,99,202.634,210.9
53079.67757,375,228,212.5,351556,202.4716619,58359775,3.877212401,1.6673692,100,123.03,9.756490148,99,202.868,212
53314.89857,365,229,212.5,353637,202.8234983,58615928,3.367125035,1.6642741,101,122.12,8.457280887,99,203.213,211.6
53543.5475,375,230,212.5,355709,202.6625483,58871313,3.560090448,1.6572272,103,121.01,8.94482532,99,203.666,210.9
53777.39441,375,231,212.5,357790,202.4994714,59127982,3.947746066,1.6657573,101,121.95,9.893811197,99,203.299,211.6
54012.07009,373,232,212.5,359860,202.7052657,59383368,7.811033926,1.6561546,103,124.34,18.64093345,99,202.293,210.8
54245.83334,326,233,212.5,361948,202.8768199,59640117,5.521927562,1.6759145,103,120.8,13.82244551,99,203.746,210.8
54484.03099,375,234,212.5,364030,202.7652257,59896142,3.978906885,1.6663125,101,121.63,9.957564963,99,203.43,211.7
54722.44627,375,235,212.5,366123,203.0952699,60151806,5.114694419,1.6784829,100,122.91,12.80085544,99,202.899,212.2
54958.01528,375,236,212.5,368217,202.9378223,60408421,4.825685029,1.6796231,104,122.01,12.11651352,99,203.258,210.6
55191.15747,375,237,212.5,370302,203.0208633,60663427,4.952556814,1.6738824,104,124.16,12.37878831,99,202.391,210.4
55428.90722,375,238,212.5,372407,203.1467933,60920305,3.432433539,1.6909976,102,121.24,8.545314506,99,203.54,211.2
55663.71549,354,239,212.5,374514,203.4940674,61176159,10.46668711,1.6924369,103,123.62,26.18082504,99,202.631,211
55896.50991,313,240,212.5,376615,203.3796763,61431882,5.165274049,1.6886811,102,121.73,12.9041505,99,203.388,211.2
56130.17827,344,241,212.5,378717,203.461941,61687318,9.519292988,1.6882848,101,123.13,23.82547166,99,202.819,211.6
56368.7942,336,242,212.5,380828,203.3165324,61944555,3.278059639,1.6981744,102,121.82,8.239393182,99,203.355,211.4
56603.816,375,243,212.5,382940,203.5035985,62199846,7.99687664,1.695648,102,121.8,19.99299877,99,203.342,211.2
56838.97648,262,244,212.5,385064,203.6750942,62456807,4.302406187,1.7100167,103,121.05,10.78830385,99,203.649,210.8
57075.24007,261,245,212.5,387183,203.7675319,62712649,2.969261861,1.7057292,102,118.85,7.434211458,99,204.522,211.2
57308.65008,285,246,212.5,389297,203.7874172,62967772,3.307200629,1.7023882,102,120.6,8.255906976,99,203.832,211.4
57542.81125,268,247,212.5,391428,203.8693571,63224524,4.703922937,1.717252,103,122.25,11.7374401,99,203.153,211
57778.81447,375,248,212.5,393546,203.6647781,63480263,5.081370976,1.7032819,99,121.18,12.70226751,99,203.587,212.4
58017.02288,352,249,212.5,395666,203.7250472,63736453,3.527022966,1.707438,101,120.17,8.86008465,99,204.003,211.9
58254.37914,375,250,212.5,397780,203.5744087,63991676,4.225586232,1.7004306,102,120.75,10.62673515,99,203.789,211.2
58494.78755,344,251,212.5,399908,203.8842575,64247980,9.622326694,1.7151215,99,122.87,24.07930854,99,202.927,212.4
58731.70744,294,252,212.5,402050,204.1126984,64504768,3.2817183,1.7251415,101,119.92,8.188626258,99,204.095,211.7
58969.83716,375,253,212.5,404176,203.6681562,64760956,3.675727955,1.7116792,101,119.35,9.176464461,99,204.332,211.6
59207.05668,252,254,212.5,406311,204.193911,65016525,2.90422778,1.7207135,103,119.22,7.257520238,99,204.381,210.9
59442.3228,359,255,212.5,408447,204.2196629,65272075,3.013583249,1.7235652,102,117.54,7.515876529,99,205.054,211.4
59677.04223,369,256,212.5,410578,204.1748475,65527235,3.696421377,1.7201204,102,119.18,9.281573143,99,204.413,211.4
59914.73524,336,257,212.5,412732,204.2887651,65784528,3.080178404,1.7369677,99,118.67,7.757647839,99,204.599,212.4
60149.09191,375,258,212.5,414872,204.2001869,66040040,3.570379672,1.7260423,103,119.15,8.738850039,99,204.383,210.8
60383.95235,332,259,212.5,417031,204.5397869,66296616,2.772330969,1.7435127,100,118.56,6.95890796,99,204.659,212
60618.86688,341,260,212.5,419176,204.4079254,66552183,3.50766304,1.7350128,102,118.42,8.787695944,99,204.71,211.4
60855.45824,304,261,212.5,421332,204.5821429,66808079,2.959435588,1.7419671,102,118.8,7.252585746,99,204.521,211.4
61088.84958,367,262,212.5,423484,204.3562732,67064707,5.701324408,1.737405,101,120.04,13.52103546,99,203.97,211.9
61322.22119,335,263,212.5,425638,204.6242804,67320161,2.770742861,1.739932,101,118.52,6.927452634,99,204.672,211.8
61554.47973,274,264,212.5,427792,204.7373259,67575007,2.742533683,1.7424885,102,118.3,6.838859554,99,204.753,211.4
61790.45075,348,265,212.5,429956,204.5858595,67831901,3.195118777,1.7507445,103,118.2,8.062257748,99,204.796,211
62026.6611,329,266,212.5,432125,204.6122637,68089205,5.579613876,1.7536601,100,119.84,13.88360184,99,204.103,212.1
62257.23501,375,267,212.5,434274,204.514751,68343582,3.084673565,1.7364672,100,117.87,7.60217732,99,204.883,212
62485.9682,375,268,212.5,436449,204.6506667,68600287,5.831426584,1.7595558,102,118.15,14.62284172,99,204.808,211.3
62713.02364,375,269,212.5,438618,204.7366989,68856433,2.956675667,1.7529632,100,117.03,7.399263477,99,205.263,212
62941.34483,255,270,212.5,440803,205.1497483,69112767,3.578008385,1.7714304,99,117.47,8.935832362,99,205.084,212.4
63174.02341,313,271,212.7,442975,204.9650552,69368526,3.931724685,1.7562361,99,117.66,9.30399914,99,204.971,212.7
63404.28279,375,272,212.7,445145,204.8434562,69624170,5.179864477,1.7570196,99,118.69,12.96973014,99,204.598,212.6
63636.78779,375,273,213,447324,204.8591097,69880244,8.150003926,1.7620413,98,118.71,20.40700615,98,204.594,213
63867.94428,336,274,213,449501,205.0742306,70136039,2.272400493,1.764199,102,115.94,5.707573915,98,205.714,211.3
64098.36045,338,275,213,451682,204.9805594,70392803,3.221523087,1.7649755,100,116.51,8.097524313,98,205.467,212
64328.71174,375,276,213,453863,204.8425034,70648658,3.28402436,1.7662864,101,116.87,8.189816848,98,205.328,211.8
64562.75333,375,277,213,456055,205.2213047,70904841,4.186858488,1.7762468,101,117.23,10.52697012,98,205.196,211.6
64794.58103,375,278,213,458233,205.1168044,71159999,2.943966542,1.7683867,99,116.8,7.364781056,98,205.369,212.4
65026.39234,255,279,213,460427,205.3549225,71416254,2.160767456,1.7752258,99,115.13,5.414157367,98,206.022,212.4
65255.51129,375,280,213,462620,205.2103055,71672599,6.325415006,1.7786913,101,116.8,15.79810115,98,205.355,211.7
65487.29462,259,281,213,464814,205.3696445,71928746,4.273324701,1.7815783,100,118.12,10.68014981,98,204.836,212
65715.80505,326,282,213,467010,205.5537796,72184138,3.361763823,1.7811155,101,116.98,8.40473676,98,205.288,211.8
65944.13548,307,283,213,469210,205.4438636,72440609,3.465149203,1.7852774,101,116.25,8.667612128,98,205.579,211.8
66174.99802,252,284,213,471403,205.4324213,72696311,5.681842219,1.7803843,100,117.44,14.2410112,98,205.113,212.1
66403.94445,375,285,213,473607,205.3980944,72952338,2.672832954,1.7875017,98,115.79,6.680261971,98,205.758,212.9
66636.60496,340,286,213,475807,205.6134545,73207862,2.749273359,1.7866508,100,116.11,6.883160611,98,205.636,212.1
66869.29012,288,287,213,478023,205.7912004,73464300,3.736628962,1.8036193,99,114.94,9.323969112,98,206.098,212.4
67101.90987,375,288,213,480234,205.6478517,73720348,3.113053164,1.7978636,100,115.29,7.470334665,98,205.93,212.2
67333.63721,338,289,213,482452,205.7667268,73977125,2.53830081,1.8016906,98,115.13,6.331911244,98,206.023,212.8
67564.31484,375,290,213,484651,205.6089131,74231984,2.817102057,1.785114,98,115.31,7.030924548,98,205.944,212.8
67794.09942,307,291,213,486877,205.9663971,74488619,4.289053975,1.8121289,99,114.69,10.74401694,98,206.204,212.6
68024.92285,375,292,213,489094,205.9016238,74744020,2.776761423,1.8017383,100,114.01,6.933245993,98,206.486,212.1
68258.10712,297,293,213,491324,205.9966368,75000922,2.766292826,1.8163228,99,115.1,6.895650803,98,206.032,212.6
68488.56004,375,294,213.5,493539,205.7916479,75256682,2.580251151,1.8008275,97,114.13,6.470942744,97,206.448,213.5
68718.14613,375,295,213.5,495764,205.9980225,75512439,4.603841439,1.8096036,99,116.34,11.53882143,97,205.538,212.5
68950.03368,230,296,213.5,498000,206.1514311,75769185,2.743475715,1.8208458,99,114.51,6.850540125,97,206.271,212.4
69178.66589,249,297,213.5,500224,206.1533273,76024533,2.514050715,1.8119419,99,114.25,6.275946144,97,206.393,212.5
69409.65317,375,298,213.5,502454,206.125426,76280160,2.708235403,1.8151611,99,114.2,6.634756966,97,206.381,212.6
69637.76202,342,299,213.5,504692,206.3131367,76536252,2.521661952,1.8277247,97,115.15,6.321985448,97,206.039,213.2
69870.75034,225,300,213.5,506934,206.2875112,76792944,3.220008696,1.8243345,99,114.86,7.814115433,97,206.112,212.4
70102.05755,375,301,213.5,509170,206.2587657,77048567,2.63649085,1.8243445,97,113.59,6.583456539,97,206.654,213.5
70336.60374,350,302,213.5,511418,206.4782028,77304843,3.450677615,1.8336271,99,115.04,8.630086906,97,206.068,212.4
70570.15214,352,303,213.5,513651,206.3218988,77560318,3.582830724,1.8176619,99,114.19,8.972953806,97,206.418,212.5
70799.88151,375,304,213.5,515899,206.3024021,77817117,2.753930101,1.8336041,98,113.86,6.851306445,97,206.563,212.8
71031.1071,263,305,213.5,518146,206.5390743,78072957,3.647459938,1.8312315,98,113.49,9.133996935,97,206.694,212.8
71259.71869,375,306,213.5,520396,206.4975111,78328894,4.420865979,1.8348285,98,112.81,11.08755609,97,206.988,212.8
71491.15298,357,307,213.5,522636,206.4770536,78584312,3.539629783,1.8286132,97,113.58,8.86925025,97,206.661,213.2
71721.89867,269,308,213.5,524889,206.6578784,78840201,6.796170686,1.8383695,99,114.72,16.97709045,97,206.192,212.5
71956.18629,311,309,213.5,527158,206.8687528,79096743,2.65355309,1.8538256,99,113.32,6.596787097,97,206.784,212.6
72186.82261,375,310,213.5,529408,206.4006667,79352607,5.233884217,1.8332722,98,114.64,13.0847392,97,206.216,212.8
72419.16928,375,311,213.9,531667,206.6393537,79608745,7.57145554,1.8440547,96,115.3,18.89206183,96,205.981,213.9
72648.04411,232,312,213.9,533934,206.889281,79864931,4.891674049,1.8510381,98,114.37,12.24635048,96,206.355,212.9
72878.1873,375,313,213.9,536203,206.8959454,80120780,32.06731786,1.8530467,96,115.65,27.10438156,96,203.685,213.6
73107.98153,364,314,213.9,538463,206.7047345,80377242,4.909322866,1.8452406,97,114.25,12.28606935,96,206.393,213.2
73337.98767,375,315,213.9,540727,206.8632067,80632681,2.67177544,1.8487946,96,113,6.642288762,96,206.896,213.7
73569.68644,375,316,213.9,543001,206.9200088,80888961,2.835580364,1.860831,98,112.83,7.045644044,96,206.978,213
73800.64545,318,317,213.9,545275,207.1010554,81144771,2.206059836,1.8592868,97,110.87,5.5238664,96,207.75,213.2
74031.78962,375,318,213.9,547547,206.9667254,81400563,2.428271813,1.8592345,98,112.4,6.063002556,96,207.164,212.9
74261.99301,259,319,213.9,549830,207.1403417,81657194,7.798265448,1.8647405,97,114.72,19.51260106,96,206.216,213.5
74495.0086,225,320,213.9,552104,207.2044855,81912420,2.43695794,1.85946,97,112.79,6.102941914,96,206.994,213.3
74727.14511,375,321,213.9,554373,206.9049802,82168296,2.818116215,1.8558278,98,113.31,7.0366114,96,206.789,212.8
74959.07765,209,322,214.3,556665,207.365445,82424650,2.413595658,1.8760954,95,110.97,6.038965143,95,207.734,214.3
75185.70592,375,323,214.3,558941,207.0019332,82680242,2.572561953,1.8617208,95,113.41,6.375099999,95,206.745,214
75416.66424,375,324,214.6,561230,207.1746177,82936803,1.939629862,1.8736353,94,110.5,4.832183771,94,207.906,214.6
75645.17868,204,325,214.6,563523,207.3846053,83193179,2.26681627,1.8773712,97,110.73,5.451339285,94,207.788,213.4
75874.93055,232,326,214.6,565801,207.259482,83448597,2.234148384,1.8652996,98,110.7,5.547071299,94,207.841,212.8
76103.01533,361,327,214.6,568097,207.4671603,83704832,2.621491179,1.8804332,97,111.61,6.52823866,94,207.472,213.3
76333.34452,375,328,214.6,570387,207.3274236,83960642,6.316180096,1.8745098,97,113.76,15.21520292,94,206.563,213.3
76564.00075,326,329,214.6,572692,207.6077657,84217103,3.209560094,1.8900119,98,110.72,8.00884511,94,207.818,213
76793.78152,217,330,214.6,574992,207.6088696,84472974,2.236931827,1.8871984,96,110.63,5.581496215,94,207.856,213.6
77021.84403,375,331,214.6,577287,207.4701961,84728561,2.466108473,1.878301,97,110.27,6.131647413,94,208.003,213.4
77252.11679,313,332,214.6,579590,207.6524099,84984569,2.341986336,1.8854958,97,111.33,5.834475126,94,207.59,213.3
77487.3395,334,333,214.6,581902,207.6865917,85241375,2.606030698,1.8924922,97,111.01,6.490754964,94,207.702,213.2
77718.89919,375,334,214.6,584208,207.6921075,85496990,2.265921446,1.8904543,97,110.43,5.643146286,94,207.96,213.2
77949.86662,375,335,214.6,586512,207.5643663,85753191,2.492767739,1.8840055,97,110.46,5.913408493,94,207.903,213.5
78186.58194,353,336,214.6,588811,207.6172684,86008991,3.004165608,1.8817954,96,111.29,7.507722691,94,207.617,213.6
78417.75681,274,337,214.6,591120,207.8404504,86264653,2.49278539,1.8939319,95,110.13,6.220377802,94,208.089,214.3
78648.86356,327,338,214.6,593440,207.9536638,86520890,2.740909338,1.9029022,97,110.05,6.845984224,94,208.104,213.4
78878.61911,375,339,214.6,595756,207.7141192,86777478,2.626484152,1.8991625,95,109.75,6.535097551,94,208.241,214
79107.64495,276,340,214.6,598062,207.9074588,87032424,2.357155913,1.8923348,97,110.37,5.874785102,94,208.004,213.2
79336.98476,375,341,214.6,600387,207.9807312,87288496,33.33250322,1.9073118,97,112.82,27.06709441,94,204.727,213.5
79569.67209,189,342,214.6,602719,208.1434391,87544942,1.962939378,1.9160331,96,109.24,4.866456616,94,208.463,213.7
79801.09582,352,343,214.7,605043,208.0757315,87800927,2.22457996,1.9073337,94,110.26,5.534654461,94,208.038,214.7
80030.66688,349,344,214.7,607372,208.1833834,88056808,2.482396221,1.9135886,95,109.94,6.191639524,94,208.147,214.2
80262.09406,375,345,214.7,609704,208.0817753,88313064,2.238191011,1.9145615,96,110.32,5.538736318,94,207.999,213.8
80492.04837,303,346,214.7,612041,208.2534446,88569467,4.351162948,1.9195937,97,109.62,10.8699402,94,208.291,213.2
80723.71282,289,347,214.7,614366,208.1815914,88824961,2.563950858,1.9098897,96,109.51,6.347432552,94,208.334,213.8
80952.07545,321,348,214.7,616697,208.1413127,89081366,2.962373373,1.9156594,96,109.32,7.153852109,94,208.388,213.6
81182.95292,375,349,214.7,619023,207.9817713,89337005,5.344149979,1.9087257,97,110.22,13.31133352,94,208.031,213.4
81415.75766,144,350,214.7,621368,208.4577825,89593075,2.778920654,1.9317183,96,109.4,6.902173571,94,208.38,213.8
81650.60532,375,351,214.7,623709,208.3262708,89848916,5.056431153,1.9184539,96,109.48,12.59164803,94,208.348,213.6
81884.07065,375,352,214.7,626040,208.1527242,90104156,1.807611407,1.9182209,96,108.82,4.515263005,94,208.621,213.9
82113.63331,303,353,214.7,628392,208.4338435,90361115,8.153972958,1.9300042,94,110.74,20.35073463,94,207.835,214.6
82343.66168,262,354,214.7,630742,208.5829787,90617011,4.284114378,1.9343116,95,109.55,10.69146856,94,208.342,214.1
82571.80018,146,355,214.7,633102,208.7439407,90873063,2.366739529,1.9428943,96,108.36,5.920337828,94,208.788,213.9
82801.28085,240,356,214.7,635454,208.5985544,91129044,2.490216657,1.9343562,94,109.5,6.184658438,94,208.361,214.6
83030.1753,257,357,214.7,637806,208.6293367,91384880,2.407814569,1.9337507,94,109.15,6.005622366,94,208.477,214.4
83256.82714,223,358,214.7,640163,208.6801443,91640991,2.394946972,1.9401982,96,109,5.961543424,94,208.573,213.9
83485.84583,178,359,214.7,642519,208.7677844,91896474,2.551525818,1.9402665,96,108.49,6.371020326,94,208.754,213.8
83715.29338,217,360,214.7,644877,208.7488126,92152266,2.054511864,1.9403918,96,107.8,5.112729212,94,209.059,213.8
83942.71704,254,361,214.7,647250,208.7112937,92409934,2.079731713,1.9528747,96,108.23,5.180453648,94,208.854,213.6
84171.42466,221,362,214.7,649609,208.8047054,92665489,2.077366362,1.9455339,94,107.96,5.110616401,94,208.957,214.4
84402.77217,268,363,214.7,651970,208.8339687,92921026,1.968090191,1.9424785,95,107.7,4.87954916,94,209.061,214.3
84632.41038,171,364,214.7,654338,208.8464949,93177318,2.37290771,1.9519124,95,109.07,5.936758375,94,208.503,214
84859.90875,226,365,214.7,656707,208.9848459,93432910,1.913268408,1.9529594,96,107.13,4.713077551,94,209.298,213.9
85091.3504,375,366,214.7,659079,208.8698567,93688946,3.644420942,1.9544197,95,108.03,9.074640489,94,208.914,214.2
85319.71963,375,367,214.7,661448,208.7030393,93945115,2.282503888,1.9514976,94,107.28,5.681689889,94,209.224,214.5
85550.42293,334,368,214.7,663821,208.9465655,94201383,2.559119184,1.9558332,95,107.78,6.338106973,94,209.047,214
85780.84018,171,369,215.2,666196,209.1046316,94456908,2.221822675,1.9607092,92,107.5,5.530822724,92,209.152,215.2
86010.34056,241,370,215.2,668583,209.1012149,94713754,1.991917669,1.9650308,94,106.58,4.970271622,92,209.508,214.7
86240.70518,306,371,215.2,670951,209.0873733,94968669,2.540936048,1.9520893,94,107.46,6.356760181,92,209.162,214.4
86473.59313,230,372,215.2,673346,209.2917745,95225263,2.269309146,1.9751991,95,107.35,5.636266495,92,209.206,214.2
86701.08521,207,373,215.2,675725,209.1520387,95480954,4.245239569,1.9615333,92,108,10.62073444,92,208.929,215.2
86929.65002,233,374,215.2,678117,209.3256689,95737038,2.901871121,1.9754304,96,106.91,7.276118471,92,209.388,213.9
87160.14001,375,375,215.2,680499,208.8739295,95993009,2.558549589,1.9641073,94,107.43,6.436233371,92,209.168,214.4
87389.74265,289,376,215.2,682903,209.5090266,96249236,1.926805387,1.9838592,94,105.5,4.834252786,92,209.939,214.7
87619.96021,207,377,215.2,685301,209.5008757,96504868,1.969816997,1.9808621,95,106.24,4.921625748,92,209.661,214.2
87850.50607,290,378,215.2,687693,209.3286789,96760927,2.612461674,1.9723418,94,107,6.503845017,92,209.362,214.4
88079.53659,375,379,215.2,690097,209.4012479,97017290,2.186763819,1.9869109,94,106.4,5.451605268,92,209.592,214.4
88309.55546,346,380,215.2,692491,209.4371345,97272879,1.905281869,1.979067,93,106.6,4.703190407,92,209.499,215
88540.18578,267,381,215.2,694889,209.4454128,97528871,2.646219001,1.9780893,96,107.56,6.567069362,92,209.145,213.9
88767.92765,363,382,215.2,697284,209.4288518,97784594,10.40868267,1.9758675,94,109.22,25.99560732,92,208.445,214.7
88998.93337,181,383,215.2,699690,209.5243142,98040939,2.136510005,1.9906698,95,106.17,5.32551406,92,209.675,214.3
89228.60263,368,384,215.2,702099,209.6055625,98297100,1.962880282,1.9882715,95,105.11,4.917102806,92,210.101,214
89456.86059,315,385,215.2,704503,209.6108153,98552711,2.701087929,1.9872448,95,106.84,6.755323826,92,209.418,214.3
89686.37926,142,386,215.2,706924,209.8041718,98808973,2.26584973,2.0029774,94,106.31,5.740548754,92,209.615,214.4
89914.93686,298,387,215.2,709332,209.6564369,99064760,2.787495471,1.9939839,95,106.31,6.998135466,92,209.613,214.1
90145.66552,358,388,215.2,711739,209.6477358,99320463,1.879270869,1.9863149,95,105.57,4.720709692,92,209.921,214.2
90374.73233,367,389,215.2,714147,209.6537375,99576258,2.579786619,1.9900557,94,107.27,6.420054517,92,209.249,214.6
90603.7539,192,390,215.2,716571,209.8631601,99832465,2.031782223,2.008546,94,105.49,5.074435929,92,209.919,214.4
90837.88188,267,391,215.2,718994,209.7744944,100089134,2.313914432,2.0036955,94,105.83,5.78628551,92,209.8,214.7
91069.32943,254,392,215.2,721417,209.8342963,100345435,1.900447316,2.0040324,94,105.54,4.729524289,92,209.93,214.4
91299.21578,231,393,215.2,723834,209.8888291,100600745,2.57386305,2.0002005,95,105.6,6.420280368,92,209.877,214.3
91532.27067,224,394,215.2,726258,209.8161716,100857289,1.625194142,2.006725,94,104.62,4.006943973,92,210.312,214.6
91765.73529,297,395,215.2,728675,209.856806,101112822,1.892425692,1.9984235,93,104.73,4.738892276,92,210.255,214.8
91998.09037,316,396,215.2,731095,209.7899174,101369080,1.978589397,2.0031993,93,104.29,4.919949187,92,210.428,215.1
92232.28556,375,397,215.2,733522,209.7715286,101625644,1.897860638,2.008621,94,105.1,4.788527958,92,210.105,214.6
92462.425,189,398,215.2,735947,209.9684536,101881370,1.641205654,2.0064228,93,104.3,4.129164564,92,210.438,214.8
92694.43435,175,399,215.2,738379,210.0145148,102137559,1.982094599,2.0143752,92,104.88,4.976504798,92,210.201,215.2
92929.07542,220,400,215.2,740808,210.1207081,102392806,2.556610843,2.01335,94,105.59,6.382938195,92,209.921,214.7
93159.18009,320,401,215.2,743241,210.0507604,102648886,2.11722082,2.0145528,94,104.57,5.257860782,92,210.324,214.7
93390.65457,193,402,215.2,745681,210.1215574,102905220,1.983879029,2.0224538,94,104.26,4.981204674,92,210.432,214.7
93618.32045,174,403,215.2,748109,210.0426689,103160775,1.841165663,2.009955,94,104.33,4.57832939,92,210.403,214.6
93848.38337,244,404,215.4,750556,210.1569677,103417677,1.966444507,2.0273252,92,104.54,4.926296784,92,210.364,215.4
94078.60195,375,405,215.4,752990,210.0693919,103673146,2.349914041,2.0162933,94,105.03,5.853981551,92,210.148,214.7
94308.89008,166,406,215.4,755430,210.2262705,103928860,1.787972036,2.023243,94,104.21,4.47949774,92,210.466,214.4
94537.85332,247,407,215.4,757882,210.2086868,104185897,1.757263782,2.0266483,93,104.71,4.389293793,92,210.268,215
94769.27881,163,408,215.4,760329,210.3173682,104441746,2.047182454,2.0298436,94,104.49,5.090176814,92,210.362,214.7
94998.31037,205,409,215.6,762772,210.3201801,104697171,2.330773262,2.0231886,91,105.51,5.774937229,91,209.936,215.6
95228.09395,192,410,215.6,765226,210.3137327,104953799,4.77195725,2.0344555,93,106.48,11.86884999,91,209.568,214.8
95461.4392,375,411,215.6,767662,210.1009852,105209256,2.023826821,2.0173793,94,104.46,5.042658029,91,210.375,214.6
95691.08801,200,412,215.6,770104,210.3178133,105464579,2.153578417,2.0235343,92,104.03,5.38229505,91,210.53,215.2
95921.65517,265,413,215.6,772559,210.3735642,105720923,3.321038392,2.0375142,93,104.48,8.239514549,91,210.352,214.8
96152.78962,375,414,215.6,775014,210.3024847,105977143,1.899646283,2.0346372,94,105.14,4.772881729,91,210.088,214.7
96384.71108,180,415,215.6,777472,210.4702604,106233223,2.323328647,2.0346413,93,104.59,5.772512451,91,210.312,215.1
96618.56971,198,416,215.6,779929,210.4660562,106489209,1.635157179,2.0375228,94,104,4.079215611,91,210.531,214.6
96853.41063,256,417,215.6,782389,210.4557724,106745541,2.534927218,2.0349307,94,104.27,6.297388348,91,210.412,214.5
97089.53761,237,418,215.6,784844,210.5175967,107000998,1.482828041,2.0323465,93,103.56,3.745183574,91,210.711,215.1
97324.31219,375,419,215.6,787308,210.3381899,107257367,1.640762018,2.0413144,92,103.53,4.097450427,91,210.71,215.4
97559.83173,296,420,215.6,789768,210.5368699,107513247,1.792152616,2.0406864,91,104.86,4.503376511,91,210.217,215.6
97798.50442,375,421,215.6,792224,210.1473534,107769457,2.038982835,2.0294294,92,103.95,5.13298159,91,210.557,215.2
98033.4249,256,422,215.6,794689,210.5840974,108025516,1.494339653,2.0441382,93,103.1,3.750999867,91,210.893,215.1
98268.82449,375,423,215.6,797148,210.5300122,108280789,1.837435985,2.0368762,93,103.18,4.570295395,91,210.877,215.1
98503.11288,375,424,215.6,799612,210.4318588,108537163,1.77915598,2.0413556,93,103.9,4.491102315,91,210.598,215.1
98737.99055,163,425,215.6,802084,210.7636731,108792885,1.948522261,2.0528495,93,103.81,4.87994877,91,210.619,214.8
98975.35937,375,426,215.6,804555,210.5117361,109049484,2.774230704,2.0460827,93,103.6,6.335613625,91,210.638,215.1
99210.60081,338,427,215.6,807021,210.6864152,109305077,1.665831924,2.0440977,91,102.83,4.166665333,91,210.998,215.6
99445.30796,181,428,215.6,809504,210.7793798,109561861,2.360538922,2.061505,93,103.64,5.932149695,91,210.684,214.8
99681.23618,272,429,215.6,811974,210.8021457,109817114,1.806834525,2.0512912,93,102.88,4.519468995,91,210.993,215.1
99912.30566,250,430,215.6,814451,210.7501817,110073435,2.614937667,2.0550277,93,103.73,6.520513783,91,210.651,215
100139.6812,375,431,215.6,816921,210.6782591,110328892,2.27775745,2.0542252,93,103.54,5.655828852,91,210.711,215
100369.7435,196,432,215.6,819405,210.8841787,110585115,1.973610651,2.0581279,93,103.04,4.92731164,91,210.931,215.1
100599.6176,159,433,215.6,821883,210.8404358,110840990,1.948776796,2.058394,92,103.09,4.884864379,91,210.913,215.2
100827.7026,283,434,215.6,824365,210.90834,111096882,1.696658775,2.0618308,93,103.13,4.201559234,91,210.907,215.1
101056.6912,250,435,215.6,826850,210.8721127,111353263,2.988539945,2.0624733,92,103.28,7.467369015,91,210.823,215.2
101282.8779,271,436,215.6,829329,210.8115369,111609427,1.775525556,2.0577152,92,102.75,4.490823978,91,211.047,215.5
101513.0564,140,437,215.6,831815,210.9801287,111865296,1.995153127,2.0656781,93,103.22,4.977107594,91,210.858,215.1
101743.6868,311,438,215.6,834306,210.9445203,112121865,2.201712742,2.071532,92,103.44,5.497854127,91,210.781,215.5
101972.3155,291,439,215.6,836782,210.9701939,112376744,2.322643968,2.0571692,92,102.68,5.806685802,91,211.055,215.2
102201.0672,210,440,215.9,839282,211.00644,112633865,3.360913418,2.0786684,91,103.34,8.416911548,91,210.819,215.9
102429.7284,184,441,215.9,841769,211.0568959,112889308,2.419911362,2.065477,92,103.27,5.425596741,91,210.823,215.2
102656.9504,375,442,215.9,844252,210.8577527,113145010,2.357336633,2.0632524,92,103.42,5.899457602,91,210.758,215.2
102889.3456,210,443,216,846742,211.0318072,113400888,1.695658869,2.066691,90,102.32,4.206851554,90,211.221,216
103119.7504,257,444,216,849238,211.0217949,113657445,2.101794234,2.074799,92,102.79,5.192870112,90,211.031,215.2
103349.5071,295,445,216,851733,211.0893788,113913507,7.86867581,2.0732722,92,105.18,19.66589942,90,210.079,215.5
103581.8457,298,446,216,854225,211.0961477,114169208,1.836621627,2.0724072,92,102.08,4.581877344,90,211.311,215.2
103813.2137,250,447,216,856725,211.11872,114425573,1.908841533,2.0759957,92,102.54,4.802957422,90,211.118,215.2
104042.316,225,448,216,859218,211.1887686,114680829,2.505349477,2.0734198,92,103.61,6.220763619,90,210.732,215.4
104270.7291,158,449,216,861719,211.267613,114936377,1.761545912,2.07839,91,101.54,4.41909493,90,211.534,215.6
104500.3785,265,450,216,864232,211.14807,115193889,1.725426324,2.0898337,91,102.52,4.31388456,90,211.152,215.6
104733.8443,242,451,216,866719,211.1041415,115448999,3.954907205,2.0662794,92,102.82,9.886738593,90,211.003,215.2
104964.9433,375,452,216,869224,211.1388822,115705192,1.780070504,2.0831277,92,102.1,4.428317965,90,211.293,215.2
105195.6086,199,453,216,871730,211.239984,115961420,2.497013216,2.0856776,92,102.6,6.217716623,90,211.105,215.2
105427.5765,298,454,216,874234,211.3008387,116217083,1.988491891,2.0806339,91,102.42,4.927839283,90,211.17,215.9
105662.3093,322,455,216,876738,211.2103035,116473306,1.552070875,2.0833786,92,101.88,3.884018538,90,211.374,215.2
105896.0058,307,456,216,879250,211.3274283,116729596,2.440143438,2.090627,92,102.38,6.146185809,90,211.19,215.2
106129.0317,375,457,216,881756,211.2181963,116985392,2.174229749,2.083197,91,102.23,5.401583101,90,211.255,215.9
106364.0887,375,458,216,884267,211.2235763,117241660,1.831813036,2.086479,91,102.41,4.534523128,90,211.169,215.8
106597.8733,375,459,216,886790,211.4356718,117497847,2.05092662,2.098655,93,101.52,5.086216669,90,211.55,215
106831.0202,132,460,216,889306,211.4750795,117753641,1.674269692,2.0941048,92,101.66,4.205282392,90,211.489,215.2
107063.6117,375,461,216,891822,211.3847774,118009476,32.83020128,2.0947084,93,104.43,27.54932123,90,208.178,215.1
107294.597,196,462,216,894338,211.4620032,118265348,3.212767499,2.093304,93,102.45,7.949056548,90,211.185,215.1
107530.3579,314,463,216,896853,211.3832604,118521596,1.868797474,2.0910149,91,101.66,4.650204297,90,211.486,215.6
107765.144,375,464,216,899370,211.456178,118777073,2.146023998,2.0934885,92,100.88,5.339063588,90,211.791,215.5
107998.652,200,465,216,901892,211.4549167,119033597,3.601119826,2.0976553,92,102.2,9.028842672,90,211.256,215.4
108236.3345,201,466,216,904408,211.5071542,119289164,2.15708507,2.0943162,92,102.47,5.419326526,90,211.128,215.2
108471.9015,249,467,216,906931,211.4891003,119545551,1.741933122,2.0994034,93,101.97,4.281249818,90,211.363,215.1
108707.1334,178,468,216,909449,211.5387609,119801130,1.773160737,2.0964355,91,100.72,4.418325475,90,211.849,215.6
108940.8664,375,469,216,911969,211.392381,120057252,2.033748018,2.0962746,90,101.47,5.078296959,90,211.563,216
109179.1947,171,470,216,914494,211.6103762,120313063,2.160280306,2.101893,92,101.52,5.426748566,90,211.533,215.5
109413.4198,177,471,216.1,917020,211.5031275,120569667,1.815300526,2.1039433,90,102.21,4.490645833,90,211.278,216.1
109652.0157,137,472,216.1,919545,211.6084356,120825496,1.677147578,2.1025476,92,101.14,4.188126073,90,211.676,215.2
109889.7628,264,473,216.1,922065,211.5300794,121081325,1.684238404,2.096131,92,100.94,4.220947761,90,211.771,215.5
110124.8947,271,474,216.1,924588,211.5851367,121337032,1.545061811,2.100207,90,100.8,3.883297568,90,211.828,216
110359.2866,375,475,216.1,927124,211.5533517,121593717,2.512572188,2.1113787,92,101.93,6.298023499,90,211.341,215.2
110593.4587,290,476,216.1,929653,211.6025306,121849927,1.755871294,2.1069505,91,100.96,4.38387956,90,211.754,215.9
110831.7471,186,477,216.1,932182,211.7500198,122105247,1.794039019,2.1047795,91,100.67,4.50345423,90,211.868,215.6
111070.5723,257,478,216.1,934723,211.7452971,122361787,1.962402609,2.1166868,92,101.67,4.874535875,90,211.476,215.2
111307.2185,259,479,216.1,937254,211.7638088,122617206,1.790681155,2.1086965,92,100.98,4.456411112,90,211.731,215.2
111546.9007,235,480,216.1,939793,211.7441906,122873551,2.925391598,2.1134267,90,101.59,7.287105049,90,211.478,216
111780.0471,375,481,216.1,942325,211.6361769,123129329,1.584488561,2.1100225,91,100.06,3.95934338,90,212.114,215.8
112014.3648,334,482,216.1,944864,211.7707759,123385495,9.679829544,2.1166434,92,103.46,24.21339299,90,210.75,215.2
112249.1026,284,483,216.1,947405,211.8412436,123641439,1.546106077,2.1159852,92,100.16,3.88772427,90,212.066,215.5
112486.8697,375,484,216.2,949948,211.7728667,123897424,1.604694363,2.1156585,90,100.21,4.018196113,90,212.066,216.2
112722.2355,375,485,216.2,952495,211.7790342,124153790,1.541104799,2.1214228,91,99.87,3.835765895,90,212.214,215.6
112955.0297,286,486,216.2,955035,211.8346457,124409653,1.629594735,2.116675,90,100.42,4.074751526,90,211.961,216
113190.744,375,487,216.2,957573,211.7005122,124665631,1.989155348,2.1110494,90,100.79,5.026519671,90,211.819,216
113429.1216,203,488,216.2,960123,211.8817647,124922179,1.883945594,2.1258895,91,100.88,4.697403538,90,211.793,215.6
113664.6483,375,489,216.2,962669,211.8391987,125178057,1.75734914,2.1207469,92,100.29,4.412017679,90,212.018,215.5
113899.5003,215,490,216.2,965216,212.0142128,125433495,1.478242199,2.1237257,91,99.76,3.712465488,90,212.24,215.8
114135.4589,288,491,216.2,967762,211.873802,125689709,1.393770426,2.1233473,91,100.31,3.440043604,90,212.002,215.6
114371.0201,338,492,216.2,970304,211.8953186,125945407,2.108723785,2.1199229,91,100.32,5.304488665,90,212.022,215.6
114608.1237,204,493,216.2,972864,212.0653516,126201818,1.611346021,2.131811,91,100.2,4.007492982,90,212.058,215.6
114841.908,229,494,216.2,975416,212.0184561,126457729,2.128402922,2.1287026,92,101.23,5.32701605,90,211.649,215.5
115074.8604,375,495,216.2,977963,211.8945426,126713387,2.326254285,2.1231663,91,100.53,5.795610408,90,211.929,215.6
115311.3483,301,496,216.2,980515,211.9633621,126969626,2.284357897,2.129943,90,101.63,5.703779449,90,211.453,216.2
115545.1576,139,497,216.2,983073,212.0880766,127225687,1.672797358,2.1328487,90,99.98,4.233154852,90,212.157,216
115780.1121,161,498,216.2,985625,212.0487461,127481392,1.494864208,2.1281269,92,99.08,3.73545178,90,212.509,215.5
116013.3157,195,499,216.2,988176,212.0408467,127737104,1.62316327,2.128493,91,100.26,4.122183887,90,212.029,215.6
116244.4718,375,500,216.2,990732,211.9400235,127993344,1.781817892,2.1324244,91,100.44,4.448190643,90,211.955,215.9
116471.9546,288,501,216.2,993292,212.1054297,128249535,1.748593435,2.132609,91,100.29,4.348091535,90,212.011,215.6
116701.2592,140,502,216.2,995852,212.1482031,128505429,1.53229599,2.1367502,91,100.46,3.855956431,90,211.937,215.6
116929.0362,369,503,216.2,998416,212.0952028,128762021,10.85441933,2.1386797,92,102.97,27.14791152,90,210.959,215.5
117161.5932,375,504,216.2,1000974,212.0615715,129017724,1.570891467,2.1345837,91,99.81,3.959027658,90,212.19,215.6
117390.7685,219,505,216.2,1003534,212.1544922,129273544,1.732673079,2.134803,91,100.22,4.369393551,90,212.038,215.6
117619.6069,214,506,216.2,1006094,212.1557031,129529344,1.982748345,2.1354396,91,99.95,4.916045158,90,212.147,215.9
117849.8609,180,507,216.8,1008660,212.1536633,129785784,1.590345874,2.139941,88,100.07,3.965488621,88,212.12,216.8
118078.0528,375,508,216.8,1011216,212.0208529,130041491,6.045963529,2.1309805,89,101.58,15.1288995,88,211.495,216.4
118305.7614,206,509,216.8,1013788,212.2765163,130297713,1.561321235,2.1460218,90,99.07,3.927480108,88,212.526,216
118537.1203,219,510,216.8,1016363,212.3601553,130553650,1.569083809,2.151849,91,99.44,3.95049364,88,212.376,215.9
118772.0158,268,511,216.8,1018930,212.2507986,130809536,1.538010078,2.1430402,90,99.85,3.894547471,88,212.195,216
119003.0724,191,512,216.8,1021505,212.3354563,131065634,1.64029601,2.1486762,89,99.57,4.143078566,88,212.273,216.7
119234.8842,205,513,216.8,1024077,212.4061431,131321009,4.457695705,2.15085,90,100.72,11.10232408,88,211.843,216.3
119467.0354,239,514,216.8,1026657,212.3505814,131577524,1.698270885,2.15753,91,99.63,4.234749107,88,212.274,215.6
119697.5313,375,515,216.8,1029233,212.2420807,131833736,1.52754018,2.1492612,91,98.97,3.874157973,88,212.539,215.9
119930.7831,375,516,216.8,1031813,212.3082171,132089979,1.610311771,2.1529725,91,98.45,4.020882988,88,212.736,215.9
120165.2542,132,517,216.8,1034396,212.5377855,132345550,1.59233759,2.159752,90,99.2,4.019950248,88,212.419,216
120397.0023,201,518,216.8,1036981,212.5183366,132601471,1.388297879,2.1604984,90,98.35,3.488194375,88,212.773,216
120627.2626,323,519,216.8,1039567,212.5145785,132857540,1.264108777,2.160776,90,97.34,3.213160438,88,213.173,216
120859.9696,196,520,216.8,1042151,212.4969814,133113495,1.587336133,2.1622608,90,98.96,3.994796616,88,212.542,216
121089.8221,220,521,216.8,1044735,212.4345975,133369858,1.810993098,2.1575954,90,99.21,4.481729577,88,212.452,216.3
121318.7157,249,522,216.8,1047314,212.5516092,133624972,1.854039913,2.156429,91,98.67,4.617477666,88,212.656,215.9
121548.4031,134,523,216.8,1049913,212.5780685,133881846,1.797315776,2.1749573,91,99.56,4.499599982,88,212.284,215.6
121778.8032,375,524,216.8,1052496,212.4648858,134137348,1.7704169,2.157661,91,98.62,4.40177237,88,212.668,215.9
122008.4947,215,525,216.8,1055090,212.5847726,134393755,1.373562885,2.1680133,91,98.26,3.48602926,88,212.795,215.9
122239.375,195,526,216.8,1057677,212.6173174,134649215,1.625261517,2.1640818,91,98.3,4.143669871,88,212.795,215.9
122469.3382,375,527,216.8,1060272,212.4895568,134905739,1.525406175,2.1684134,90,97.96,3.805049277,88,212.944,216
122701.0889,200,528,216.8,1062872,212.7146923,135161819,1.574678062,2.1784098,90,98.58,3.945072876,88,212.667,216
122930.6794,271,529,216.8,1065465,212.661936,135417573,1.658349782,2.167593,90,98.29,4.172037871,88,212.774,216
123160.4046,283,530,216.8,1068060,212.7202697,135673145,1.540445066,2.1735659,90,98.21,3.832218679,88,212.827,216
123391.1891,128,531,216.8,1070676,212.8678899,135929742,1.922342321,2.1889584,90,98.62,4.791200267,88,212.66,216
123618.0458,375,532,216.8,1073266,212.620695,136184868,1.763998583,2.1653576,90,98.18,4.46403405,88,212.847,216
123851.1384,127,533,216.8,1075887,212.8830981,136441892,1.852924985,2.1937225,90,98.16,4.668447279,88,212.837,216
124083.774,375,534,216.8,1078489,212.6849731,136697779,1.543462018,2.177848,90,98.1,3.853569774,88,212.865,216.3
124320.3635,196,535,216.8,1081104,212.9628681,136953669,1.683218346,2.1907318,90,97.38,4.227954588,88,213.124,216
124559.0374,196,536,216.8,1083712,212.927569,137209125,1.728199931,2.1807234,90,97.62,4.353802935,88,213.055,216.3
124792.0819,207,537,216.8,1086331,212.9235968,137465671,1.537412111,2.194224,90,97.69,3.859261587,88,213.042,216
125026.6571,277,538,216.8,1088943,212.9874043,137721111,1.860140855,2.1870158,90,97.96,4.656006873,88,212.926,216
125259.9936,375,539,216.8,1091568,212.8639619,137978067,1.80633441,2.197084,89,97.68,4.588856067,88,213.034,216.4
125492.961,366,540,216.8,1094184,212.9847859,138233911,2.311894461,2.1929803,89,97.52,5.788747706,88,213.112,216.4
125730.702,375,541,216.8,1096803,212.9865216,138489524,2.104919001,2.195773,89,97.63,5.339765912,88,213.054,216.4
125966.1862,202,542,216.8,1099435,213.162804,138745787,1.417483333,2.2040844,89,97.04,3.546604009,88,213.279,216.4
126201.8881,375,543,216.8,1102065,212.970038,139001975,3.641295923,2.2045355,90,98.14,9.091776504,88,212.858,216.3
126436.7675,173,544,216.8,1104686,213.2011446,139256874,1.46467027,2.1930788,89,97.32,3.690203246,88,213.179,216.6
126670.3941,375,545,216.8,1107326,213.0479545,139514040,1.511957671,2.213542,90,96.89,3.786541958,88,213.328,216
126905.074,192,546,216.8,1109953,213.2111534,139769434,1.706567022,2.2009852,90,97.34,4.285370462,88,213.177,216.3
127136.7101,362,547,216.8,1112591,213.2247536,140025803,1.884478442,2.210093,90,97.48,4.731764998,88,213.121,216.3
127363.611,238,548,216.8,1115223,213.2611322,140281321,1.875477539,2.208538,90,96.64,4.750831506,88,213.428,216.3
127589.414,256,549,216.8,1117869,213.3275132,140537817,2.14523099,2.2184,89,97.3,5.395368384,88,213.172,216.4
127815.4678,344,550,216.8,1120511,213.3829674,140793528,1.822853807,2.2163885,90,96.95,4.620335486,88,213.302,216.3
128048.9122,142,551,216.8,1123155,213.3761346,141049485,2.489096222,2.2171135,89,97.43,6.266187038,88,213.14,216.4
128282.677,268,552,216.8,1125812,213.4866391,141305931,2.339075672,2.2294776,89,96.58,5.093486036,88,213.425,216.4
128512.9671,238,553,216.8,1128466,213.5873399,141561441,1.762771681,2.2281837,89,96.24,4.368340646,88,213.606,216.7
128744.1623,190,554,216.8,1131128,213.5973704,141817630,1.994059929,2.2339523,89,96.66,5.00443803,88,213.425,216.4
128974.7778,226,555,216.8,1133784,213.5975527,142073246,1.568693724,2.22871,89,95.89,3.959532801,88,213.74,216.4
129204.1279,213,556,216.8,1136451,213.6089989,142329843,1.568717948,2.2393231,89,96.45,4.0059331,88,213.518,216.4
129435.2515,183,557,216.8,1139119,213.7447526,142585595,1.589344519,2.2419589,89,96.11,3.969622148,88,213.628,216.4
129661.3688,147,558,216.8,1141793,213.7743082,142841786,1.403246236,2.246251,89,95.38,3.551844591,88,213.95,216.4
129889.0146,217,559,216.8,1144463,213.7734457,143097581,1.914052246,2.239677,90,95.98,4.760210079,88,213.702,216.3
130117.8467,207,560,216.8,1147140,213.8104968,143353728,1.549119427,2.2501392,89,95.39,3.895882442,88,213.923,216.4
130347.041,375,561,216.8,1149817,213.7895405,143609441,1.670938658,2.2468946,89,95.62,4.246834115,88,213.858,216.4
130581.6487,172,562,216.8,1152505,213.9895461,143865496,1.440312119,2.2601898,89,95.36,3.670204354,88,213.951,216.4
130816.5667,280,563,216.8,1155189,213.9235469,144121602,2.03136875,2.2574067,89,96.03,5.152581877,88,213.671,216.7
131043.8897,126,564,216.8,1157888,214.046721,144378320,1.693341076,2.2675853,89,95.27,4.272832784,88,213.986,216.4
131271.938,350,565,216.8,1160576,214.0046503,144634268,1.730894566,2.2589989,88,95.25,4.40539442,88,214.002,216.8
131502.3071,265,566,216.8,1163266,214.0349814,144890179,1.449784467,2.261987,89,94.71,3.609141172,88,214.185,216.4
131733.0114,160,567,216.8,1165967,214.1673825,145146267,1.645326411,2.271753,89,94.95,4.131283094,88,214.101,216.4
131963.7101,375,568,216.8,1168654,214.0192408,145401424,1.694964306,2.260217,89,95.12,4.276166508,88,214.036,216.4
132193.6703,218,569,216.8,1171355,214.1021844,145657921,1.508003647,2.2721517,89,94.76,3.765952735,88,214.175,216.7
132425.8884,375,570,216.8,1174045,213.9847584,145913553,2.082749145,2.2601576,89,95.77,5.218917512,88,213.766,216.4
132664.4004,138,571,216.8,1176754,214.1750461,146170305,1.697083086,2.277024,89,95.14,4.221421562,88,214.053,216.4
132901.9989,132,572,216.8,1179452,214.16894,146426054,1.746084477,2.270025,89,94.89,4.442735644,88,214.133,216.7
133138.5065,375,573,216.8,1182148,214.0226261,146681976,1.50872761,2.2674549,89,94.81,3.759507947,88,214.171,216.7
133376.4847,221,574,216.8,1184856,214.2360414,146938208,1.616174186,2.278523,88,94.83,4.034984511,88,214.159,216.8
133613.3042,150,575,216.8,1187564,214.3488552,147193685,1.173396352,2.2801178,89,94.17,3.003514608,88,214.421,216.4
133847.0797,130,576,216.8,1190275,214.2921062,147449810,1.492901872,2.2808418,89,94.57,3.787492574,88,214.262,216.4
134082.007,269,577,216.8,1192979,214.260318,147705500,1.586600139,2.2754922,89,94.63,3.948809947,88,214.23,216.4
134314.8202,165,578,216.8,1195699,214.4110662,147961607,1.118722039,2.290449,89,93.76,2.778920654,88,214.569,216.4
134552.0404,208,579,216.8,1198416,214.3203165,148218112,1.491668529,2.28683,89,94.49,3.801302408,88,214.295,216.4
134786.8779,182,580,216.8,1201125,214.3143226,148473882,1.529896729,2.2792993,88,94.69,3.861851887,88,214.196,216.8
135020.6193,138,581,216.8,1203837,214.3533555,148729650,1.428793547,2.2835174,89,94.22,3.618231612,88,214.407,216.4
135256.7681,225,582,216.8,1206551,214.3855564,148985434,1.55764277,2.2834706,89,94.25,3.925238846,88,214.407,216.4
135491.6795,208,583,216.8,1209281,214.4447985,149242283,1.697246005,2.3000507,89,94.34,4.322545546,88,214.334,216.4
135724.0475,128,584,216.8,1212004,214.4069409,149498742,2.072568214,2.290577,89,94.38,4.60169534,88,214.281,216.4
135953.4862,142,585,216.8,1214718,214.466986,149753945,1.081177136,2.2856042,89,93.78,2.722425389,88,214.584,216.4
136185.4595,375,586,216.8,1217430,214.256674,150009818,0.998426762,2.2810318,89,93.53,2.586329445,88,214.688,216.7
136421.1396,137,587,216.8,1220146,214.4764728,150265173,1.84442159,2.2889376,89,94.13,4.605768123,88,214.447,216.7
136651.1389,158,588,216.8,1222877,214.5195167,150521636,1.779796337,2.296039,89,93.69,3.887659965,88,214.575,216.4
136880.6643,227,589,216.8,1225607,214.4906227,150778185,5.500187179,2.2972488,89,95.37,13.75474827,88,213.929,216.7
137111.9333,195,590,216.8,1228330,214.518509,151033896,1.760163629,2.292715,89,94.44,4.427911472,88,214.332,216.7
137346.423,375,591,216.8,1231054,214.3975771,151289978,33.11621553,2.2923198,89,96.72,28.18158264,88,211.213,216.7
137578.7225,295,592,216.8,1233760,214.2248707,151545970,1.571974555,2.276575,89,93.54,3.953277122,88,214.664,216.4
137808.472,319,593,216.8,1236481,214.4495406,151801895,1.589005664,2.2943454,88,94.66,4.008041916,88,214.231,216.8
138040.339,150,594,216.8,1239208,214.5358269,152057794,1.238739278,2.2955077,89,93.7,3.160696126,88,214.585,216.4
138272.0765,307,595,216.8,1241938,214.4741392,152314355,1.281552184,2.2978337,89,93.5,3.269556545,88,214.668,216.7
138503.113,166,596,216.8,1244662,214.5671806,152569726,1.068239673,2.294202,89,93.18,2.692136698,88,214.792,216.7
138734.5472,241,597,216.8,1247401,214.575648,152826476,1.328886376,2.3063407,89,93.25,3.404041715,88,214.781,216.4
138964.3754,375,598,216.8,1250130,214.5082814,153082209,2.16938217,2.2982495,88,94.2,5.412947441,88,214.409,216.8
139194.637,208,599,216.8,1252858,214.5646261,153337929,1.439878814,2.2997646,89,93.51,3.648273564,88,214.643,216.4
139421.1014,263,600,216.8,1255592,214.6059254,153593948,1.51157666,2.3000197,89,94.08,3.918367007,88,214.456,216.7
139652.3279,254,601,217.2,1258326,214.6079005,153849960,1.46950706,2.3044925,87,93.76,3.64450271,87,214.557,217.2
139880.499,271,602,217.2,1261061,214.6101645,154106045,1.254035087,2.3047652,89,93.33,3.206415444,87,214.714,216.4
140113.3672,216,603,217.2,1263790,214.6059362,154361612,2.471007082,2.300164,89,94.35,6.189305292,87,214.318,216.4
140346.8743,320,604,217.2,1266526,214.6012427,154617837,1.709788291,2.3029602,89,93.73,4.272832784,87,214.568,216.4
140574.5804,214,605,217.2,1269264,214.6206355,154874107,1.046825678,2.3059955,89,93.05,2.639602243,87,214.834,216.4
140804.3298,338,606,217.2,1271990,214.5887748,155129454,3.301196601,2.2980757,89,94.29,8.248993878,87,214.349,216.4
141037.4252,328,607,217.2,1274725,214.5646435,155385792,0.928965015,2.30294,89,93.06,2.428250399,87,214.832,216.4
141268.539,375,608,217.2,1277458,214.4564215,155642087,1.123966192,2.300581,88,93.24,2.807561219,87,214.75,216.8
141499.1749,152,609,217.2,1280190,214.6114202,155897817,1.352517652,2.3022897,89,93.6,3.346640106,87,214.636,216.4
141730.4822,199,610,217.2,1282926,214.5903143,156154084,1.360294086,2.3066432,89,93.65,3.421622422,87,214.6,216.7
