n_updates,epcount,total_secs,best_ext_ret,eprew_recent,tcount,eprew_std,eplen_std,recent_worst_eplen,eplen,recent_best_eplen,best_eplen,rew_mean,eprew,recent_best_ext_ret
1,640,304.770354,-130,-140.321875,240000,2.113196631,0,375,375,375,375,-0.35327005,-140.12,-130
2,1280,596.4175949,-130,-140.234375,480000,1.713359273,0,375,375,375,375,-0.36933744,-140.62,-132
3,1920,886.3599405,-130,-140.259375,720000,1.685229955,0,375,375,375,375,-0.36902383,-140.6,-130
4,2688,1169.565983,-128,-140.1770833,1008000,2.116601049,0,375,375,375,375,-0.3641494,-140,-128
5,3328,1455.834254,-128,-139.75,1248000,2.507907494,0,375,375,375,375,-0.3670941,-139.48,-130
6,3968,1742.915094,-128,-139.30625,1488000,2.343586994,0,375,375,375,375,-0.365294,-139.26,-130
7,4736,2030.353195,-128,-138.7552083,1776000,2.845628226,0,375,375,375,375,-0.35924894,-138.68,-130
8,5376,2316.738248,-128,-138.425,2016000,2.863843571,0,375,375,375,375,-0.36285588,-138.72,-128
9,6016,2603.791778,-128,-138.246875,2256000,2.901792549,0,375,375,375,375,-0.362975,-138.86,-128
10,6784,2892.878198,-124,-137.9322917,2544000,3.335326071,0,375,375,375,375,-0.35732684,-137.66,-124
11,7424,3181.444348,-124,-137.6,2784000,3.499657126,0,375,375,375,375,-0.36183456,-137.18,-124
12,8064,3471.194587,-124,-136.975,3024000,4.100926725,0,375,375,375,375,-0.3605546,-136.68,-124
13,8832,3762.814586,-120,-136.796875,3312000,4.010536124,0,375,375,375,375,-0.355174,-137.34,-120
14,9472,4052.871614,-120,-135.19375,3552000,4.587766341,0,375,375,375,375,-0.3559908,-135.18,-120
15,10112,4345.492548,-120,-134.678125,3792000,4.309245874,0,375,375,375,375,-0.3545611,-134.48,-120
16,10880,4636.32231,-116,-132.7760417,4080000,5.0774403,0,375,375,375,375,-0.34416044,-131.86,-116
17,11520,4928.667292,-116,-131.578125,4320000,5.520869497,0,375,375,375,375,-0.3464042,-131.6,-120
18,12160,5224.292631,-116,-130.1125,4560000,4.963023272,0,375,375,375,375,-0.34190583,-129.78,-116
19,12928,5515.993902,-116,-129.4401042,4848000,5.020398391,0,375,375,375,375,-0.33505997,-129.34,-116
20,13568,5813.010417,-116,-127.90625,5088000,4.552977048,0,375,375,375,375,-0.33594406,-127.52,-116
21,14208,6105.256064,-112,-126.884375,5328000,4.923250958,0,375,375,375,375,-0.3340019,-125.96,-112
22,14976,6399.675613,-112,-125.7578125,5616000,4.362155431,0,375,375,375,375,-0.3253346,-125.54,-112
23,15616,6695.599815,-112,-124.5,5856000,4.327770789,0,375,375,375,375,-0.32763553,-124.48,-112
24,16256,6992.36069,-108,-123.81875,6096000,4.510254982,0,375,375,375,375,-0.32719466,-123.76,-108
25,17024,7283.29548,-108,-123.2942708,6384000,4.254127408,0,375,375,375,375,-0.3187249,-123.32,-112
26,17664,7573.304985,-108,-122.609375,6624000,3.660546407,0,375,375,375,375,-0.32380986,-122.98,-116
27,18304,7870.008705,-108,-121.85625,6864000,3.974468518,0,375,375,375,375,-0.32302943,-121.94,-108
28,19072,8163.606271,-104,-121.2473958,7152000,3.788984033,0,375,375,375,375,-0.31303144,-121.94,-104
29,19712,8458.839279,-104,-120.63125,7392000,3.750786584,0,375,375,375,375,-0.31886688,-120.54,-108
30,20352,8754.681871,-104,-120.278125,7632000,3.540112993,0,375,375,375,375,-0.3193011,-120.26,-108
31,21120,9049.279361,135,-119.4726563,7919993,3.510612482,0,375,375,368,368,-0.3087109,-119.34,135
32,21760,9344.202055,135,-119.646875,8159993,3.650972473,0,375,375,375,368,-0.3163031,-119.48,-108
33,22401,9639.922381,135,-119.0951638,8400368,3.364461324,0,375,375,375,368,-0.31698975,-119.02,-104
34,23168,9935.649529,135,-119.0065189,8687993,3.504283094,0,375,375,375,368,-0.30741617,-118.6,-108
35,23808,10228.37859,135,-118.240625,8927993,3.318794962,0,375,375,375,368,-0.31279972,-118.16,-104
36,24449,10520.84625,135,-118.4586583,9168368,3.057842377,0,375,375,375,368,-0.3151557,-118.64,-92
37,25216,10819.93614,135,-117.833116,9455993,2.678731043,0,375,375,375,368,-0.30448762,-118.38,-92
38,25856,11120.46595,135,-117.80625,9695993,2.964051282,0,375,375,375,368,-0.31154564,-118.12,-92
39,26497,11417.2491,135,-117.2480499,9936368,3.479942528,0,375,375,375,368,-0.31236625,-117.9,-76
40,27264,11706.88182,162.6,-116.5363755,10223917,3.458323293,0,375,375,299,299,-0.30044883,-116.6,162.6
41,27904,12003.93362,162.6,-116.30625,10463917,3.781851398,0,375,375,375,299,-0.3075578,-116.76,-68
42,28547,12298.93112,162.6,-115.0681182,10705019,3.720430083,0,375,375,352,299,-0.30618805,-115.72,141.2
43,29312,12589.4069,162.6,-115.040915,10991845,4.934612447,0,375,375,326,299,-0.29669303,-115.64,151.7
44,29952,12886.3595,162.6,-113.6920312,11231818,6.550603026,0,375,375,350,299,-0.3009487,-114.36,142.1
45,30600,13180.21907,162.6,-113.678858,11474783,5.668721196,0,375,375,354,299,-0.30241895,-114.16,137.6
46,31360,13477.59115,162.6,-112.6082895,11759660,5.861740356,0,375,375,329,299,-0.2900086,-113.8,150.6
47,32000,13775.93483,162.6,-111.8232813,11999603,5.682112283,0,375,375,350,299,-0.29585794,-113.56,138.8
48,32665,14071.46927,172.4,-108.0079699,12248689,36.22469703,5.573472885,375,374.42,274,274,-0.28663176,-107.425,172.4
49,33408,14364.73497,172.4,-107.0212651,12526985,7.074913427,0,375,375,306,274,-0.27552664,-110.16,159.8
50,34050,14659.82277,172.4,-102.1309969,12767205,26.12793478,0.298496231,375,374.97,285,274,-0.27141425,-105.868,168.3
51,34738,14953.4788,172.4,-103.1047965,13024683,25.48833998,0.099498744,375,374.99,301,274,-0.27269092,-106.455,161.6
52,35456,15248.4185,193.3,-97.65766017,13292677,35.42193129,2.687303481,375,374.72,222,222,-0.25189048,-104.528,193.3
53,36104,15543.07387,193.3,-89.6220679,13534083,50.06454006,9.095251508,375,373.58,231,222,-0.24115591,-95.827,189.6
54,36837,15837.58427,193.3,-82.80436562,13806893,81.97463395,14.16238327,375,370.37,270,222,-0.212055,-73.417,174.2
55,37506,16137.24132,193.3,-79.67772795,14055284,61.61248166,13.63144893,375,371.94,252,222,-0.21179473,-88.048,173.2
56,38183,16435.11128,193.3,-76.47680945,14306409,75.0569164,13.46588282,375,371.5,266,222,-0.2038546,-76.97,175.7
57,38904,16729.86376,193.3,-88.56532594,14575099,50.71784825,10.61225706,375,373,256,222,-0.22998203,-93.037,179.6
58,39559,17026.04265,193.3,-96.84473282,14820084,25.69649089,2.288471105,375,374.77,285,222,-0.25683507,-100.866,168
59,40248,17323.25515,193.3,-96.70290276,15077778,37.27507761,9.465748782,375,373.86,282,222,-0.25417128,-97.783,169.3
60,40955,17619.01694,198.8,-93.21697313,15341631,45.78772214,12.09704096,375,372.96,208,208,-0.24287544,-95.701,198.8
61,41614,17918.57364,198.8,-88.27268589,15587139,64.17997245,10.63226693,375,372.43,251,208,-0.23432599,-84.744,181.7
62,42322,18211.94238,198.8,-78.10621469,15849904,72.45867906,17.59501066,375,370.66,231,208,-0.20424919,-77.727,189.8
63,43012,18509.3831,198.8,-68.33478261,16105053,73.386626,13.51331196,375,371.48,238,208,-0.17958152,-72.982,187
64,43712,18805.65334,198.8,-41.89985714,16360017,105.3333164,31.05701048,375,360.89,233,208,-0.11061828,-40.269,189
65,44432,19104.03529,199.1,-6.040277778,16616317,115.4751361,35.48279019,375,356.54,208,208,-0.012228848,-15.757,199.1
66,45139,19401.49924,199.1,-25.91089109,16872274,114.6502587,28.30197696,375,360.09,233,208,-0.066981934,-16.217,189.1
67,45859,19693.3155,199.1,-0.586111111,17129210,118.1029157,28.18930826,375,358.73,221,208,0.00397616,-2.201,193.6
68,46586,19992.5588,199.1,30.41348006,17382506,120.4245377,29.42277349,375,356.98,210,208,0.088857256,8.147,198
69,47337,20284.81584,202.5,31.41198402,17642740,124.1896297,37.78174162,375,345.8,199,199,0.10200214,33.126,202.5
70,48091,20581.08545,204.1,48.14442971,17899173,119.3501169,40.90762643,375,334.69,195,195,0.14702554,70.798,204.1
71,48838,20875.03875,204.1,50.18099063,18154785,120.372115,37.02076579,375,344.27,232,195,0.15086706,49.171,189.2
72,49591,21171.10228,204.1,58.17290837,18410595,119.1010971,40.88003914,375,337.32,202,195,0.17618021,66.837,201.3
73,50365,21467.25868,204.1,81.07260982,18666177,123.2035336,45.49440735,375,334.17,204,195,0.250433,62.05,200.6
74,51155,21760.80712,204.1,95.07873418,18922976,108.6601178,42.34034837,375,325.07,212,195,0.3003817,96.114,197.3
75,51954,22054.0295,204.1,105.8921151,19177736,108.117528,43.116883,375,322.12,206,195,0.3328291,99.412,199.8
76,52766,22345.14989,204.1,113.5121921,19434666,92.87915255,43.7455552,375,309.92,204,195,0.3670174,123.561,200.4
77,53597,22635.74295,205.2,121.4375451,19690993,103.9514217,48.25694872,375,308.87,192,192,0.39851034,113.715,205.2
78,54438,22933.08952,205.2,122.9643282,19947469,101.4863056,45.80532174,375,305.65,193,192,0.4111806,118.476,205
79,55296,23231.29529,205.2,129.8782051,20204809,102.8461651,46.27800666,375,301.81,203,192,0.44161814,118.682,200.8
80,56166,23531.07643,206.9,145.1591954,20459742,65.66655535,46.34134223,375,284.4,188,188,0.49903437,154.303,206.9
81,57053,23832.01036,208.8,146.3036077,20716617,78.14982958,46.61709021,375,289.13,183,183,0.5131388,145.356,208.8
82,57952,24132.77474,213,151.1124583,20973629,60.31363437,43.23551781,375,288.9,173,173,0.53683335,154.447,213
83,58851,24431.44537,213,151.219911,21229870,55.43859843,40.2514832,375,286.59,186,173,0.5361524,157.498,207.6
84,59747,24730.54154,213,149.9739955,21485450,65.30665984,40.98358086,375,284.81,185,173,0.53149635,153.959,208.1
85,60656,25026.61489,213,154.2933993,21740714,58.50857218,42.50590077,375,276.22,179,173,0.55212724,160.059,210.4
86,61592,25322.85384,213,161.8304487,21998432,59.33355209,39.63133104,375,270.76,178,173,0.59929883,162.386,210.8
87,62532,25620.20689,213,163.6968085,22254993,74.72454785,43.48985629,375,276.82,181,173,0.60729617,152.807,209.6
88,63478,25915.75118,213,165.1427061,22510188,59.98839764,42.44045711,375,275.26,185,173,0.6150592,160.557,208.3
89,64436,26213.30956,213,169.8372651,22766116,29.16952895,36.3034654,375,270.28,178,173,0.64178765,171.691,210.8
90,65404,26510.24271,213,168.5914256,23021763,56.96700248,43.37960235,375,264.01,180,173,0.6434384,167.073,210.1
91,66387,26805.31899,213,172.028179,23279238,32.22173768,39.68450075,375,258.98,179,173,0.6681271,175.911,210.7
92,67366,27099.65977,213.5,171.8670072,23535245,49.35212786,35.45506875,375,260.09,172,172,0.66339207,170.926,213.5
93,68355,27393.64841,217.3,174.5444894,23790110,50.16623425,40.8889655,375,258.05,162,162,0.679581,171.571,217.3
94,69355,27690.18026,217.3,176.4267,24046764,14.30104877,34.93547767,375,252.18,179,162,0.69676805,180.702,210.6
95,70358,27986.17097,217.3,175.3091725,24302449,55.93174194,41.44568011,375,253.66,176,162,0.69410264,171.362,211.6
96,71381,28283.03065,219.5,180.1958944,24559625,28.91847387,31.61622843,375,250.71,157,157,0.72605354,179.437,219.5
97,72397,28581.11837,219.5,179.1051181,24814444,13.19501948,32.48859954,375,249.47,171,157,0.7163058,181.931,213.8
98,73430,28883.22327,219.5,180.1499516,25071656,47.41536882,37.86179605,375,248.38,173,157,0.7345843,175.98,212.8
99,74474,29181.95149,219.5,182.2176245,25327862,40.44390011,38.66445396,375,248.8,170,157,0.7501327,177.888,214.1
100,75527,29479.93293,219.5,183.2175689,25585510,30.73529455,32.66312906,375,245.6,163,157,0.76108295,181.487,217.1
101,76575,29777.70382,219.5,183.4834924,25839475,11.87733657,29.39234594,375,245.5,172,157,0.75759304,183.874,213.4
102,77628,30074.11853,219.5,182.7988604,26095917,42.62061374,36.43964188,375,241.35,171,157,0.7596843,180.622,213.9
103,78708,30363.74624,219.5,185.3263889,26353902,29.9252818,31.18731152,375,241.54,171,157,0.7885566,183.197,213.7
104,79784,30661.29286,219.5,185.9234201,26609568,11.56076278,28.82154749,375,238.28,172,157,0.7894258,186.742,213.4
105,80862,30956.12076,219.5,185.5447124,26864129,11.47048818,28.29569579,375,232.44,166,157,0.78738123,189.001,215.7
106,81953,31250.65606,219.5,186.5437214,27119713,9.989827376,24.84486869,375,233.45,162,157,0.80228305,188.507,217.4
107,83061,31543.33512,219.5,188.5766245,27376691,10.57346679,26.18320072,375,230.2,157,157,0.82190406,189.8,219.3
108,84173,31837.1605,219.5,189.4758094,27632833,10.61667556,25.89442218,375,228.83,165,157,0.8325148,190.52,216
109,85285,32136.5248,219.5,189.3388489,27888548,9.523180981,23.21305452,375,226.79,159,157,0.82767385,191.232,218.4
110,86408,32434.18029,219.5,190.509528,28145365,9.316412614,22.55076717,368,226.23,165,157,0.8444873,191.316,216.2
111,87535,32731.69446,219.5,191.0369122,28400915,30.80034578,30.46342069,375,230.8,165,157,0.8474346,187.09,216.2
112,88676,33023.91612,219.5,191.5865031,28657105,12.41431851,30.28006605,375,228.76,165,157,0.8609268,190.564,216.2
113,89815,33320.32203,221.4,191.9282704,28913201,9.993092614,24.67391132,375,224.09,152,152,0.86098975,192.41,221.4
114,90975,33616.46081,221.4,193.1591379,29170447,10.44656901,26.27766352,375,220.38,163,152,0.8837981,193.886,216.9
115,92131,33910.98033,221.7,193.8388408,29424691,9.192679914,22.97419422,375,214.92,151,151,0.88161504,196.006,221.7
116,93294,34205.45838,221.7,193.4299226,29681781,10.09979287,24.86619191,375,221.45,160,151,0.8869853,193.472,218.3
117,94467,34503.73782,222.1,194.9190111,29937232,9.226274654,22.7113716,361,216.56,150,150,0.90055484,195.416,222.1
118,95644,34805.65838,222.1,195.1202209,30193044,9.187263956,22.9665387,372,211.59,162,150,0.90518427,197.491,217.5
119,96831,35105.29105,222.1,195.5357203,30449248,9.476560558,23.70754099,375,212.55,154,150,0.9142165,197.1,220.4
120,98020,35405.39183,222.1,196.0042893,30705080,9.181571706,22.97402664,351,214.29,159,150,0.91842026,196.421,218.7
121,99221,35704.53034,222.1,196.3032473,30962581,8.974457699,21.92262758,354,211.72,154,150,0.93042403,197.353,220.7
122,100409,36006.10661,222.1,196.4861111,31216716,10.99001929,27.47634619,346,215.52,154,150,0.91829884,195.926,220.6
123,101625,36306.56961,222.1,197.0828125,31473805,8.586557168,21.47970903,375,206.39,151,150,0.94504815,199.494,221.9
124,102825,36605.93523,223.4,196.3259167,31730295,30.00935681,26.67667708,375,213.93,147,147,0.9262013,194.152,223.4
125,104036,36903.44433,223.4,197.3229562,31986301,8.646542662,21.54042711,375,212.5,150,147,0.9425817,197.05,222
126,105252,37200.18039,223.4,197.9998355,32241781,10.11955454,25.340661,339,209.03,149,147,0.94767845,198.504,222.5
127,106472,37500.25972,223.4,196.9486066,32498943,9.528625294,22.69232469,375,212.28,151,147,0.94664663,197.05,221.8
128,107705,37795.45034,223.4,198.8211679,32755012,8.401098976,21.04837048,375,207.69,150,147,0.9703861,199.056,222.3
129,108934,38097.25157,223.4,198.5701383,33011490,9.289565329,22.80937307,346,208.55,152,147,0.9577116,198.624,221.4
130,110163,38394.93745,223.4,199.354109,33265636,8.832417563,22.12002712,363,207.62,154,147,0.96393096,199.08,220.6
131,111408,38691.96338,223.4,199.548996,33522513,9.891802869,24.7486141,333,208.81,152,147,0.9789123,198.594,221.3
132,112665,38990.42466,226,200.1210819,33780016,7.931237671,19.84712574,326,209.54,140,140,0.99274266,198.237,226
133,113901,39290.85369,226,200.0484628,34033451,8.587473377,21.48511112,341,203.7,146,140,0.97250855,200.649,223.7
134,115165,39586.63384,226,200.3655063,34291647,8.944729118,22.34676487,352,203.39,148,140,0.9997999,200.761,223
135,116410,39886.88476,226,200.215502,34545916,8.378798184,20.93193493,375,203.79,148,140,0.98014337,200.521,223.1
136,117692,40184.7833,226,201.9418097,34802848,7.73277725,19.34241712,336,200.53,151,140,1.0213839,201.934,221.6
137,118967,40486.39703,226,201.7763137,35058910,8.322859845,20.79441031,333,202.85,151,140,1.012116,201.002,221.8
138,120253,40786.54032,226,202.5397356,35314599,7.827567374,19.57003832,318,197.44,141,140,1.026091,203.133,225.8
139,121544,41077.13673,226,202.8604183,35570277,8.900712106,22.00291799,331,198.46,148,140,1.0307463,202.582,222.8
140,122852,41372.89655,227.2,203.4717125,35827400,8.009078349,20.03609493,344,198.57,137,137,1.049288,202.692,227.2
141,124158,41672.64382,227.2,203.5807044,36083701,8.189827593,20.51015358,326,195.56,142,137,1.04689,203.882,225.2
142,125470,41965.09693,227.2,204.3157012,36338799,7.942055401,19.83271035,292,192.94,140,137,1.0564361,204.934,226.2
143,126785,42260.87853,227.2,204.1008365,36595216,8.882632268,22.18245027,297,200.67,142,137,1.0567498,201.862,225.3
144,128108,42552.21404,227.8,204.5918367,36851525,8.811014925,21.75162293,341,193.87,136,136,1.0659419,204.496,227.8
145,129437,42844.24704,227.8,204.5217457,37108790,8.501462462,21.27941729,375,191.92,144,136,1.0729591,205.356,224.6
146,130753,43141.88999,227.8,204.5239362,37363411,8.178189531,20.4730921,375,194.55,140,136,1.0578474,204.304,226.1
147,132093,43439.3961,227.8,205.4725373,37620113,8.889675978,22.24567374,299,191.9,140,136,1.0856034,205.381,226.2
148,133427,43737.70841,227.8,205.7904048,37874593,10.65523364,26.6034509,354,191.42,144,136,1.0802922,205.586,224.4
149,134786,44039.33573,227.8,206.0261221,38132389,7.38551684,18.29614987,375,191.47,141,136,1.1039369,205.379,225.7
150,136137,44337.55295,227.8,206.2759437,38388419,8.151429997,20.16864894,347,188.16,144,136,1.0969658,206.783,224.5
151,137493,44634.6209,227.8,206.8551622,38643483,9.470369528,23.70477589,369,190.06,139,136,1.1059061,206.099,226.5
152,138861,44931.27104,227.8,207.1734649,38899296,6.800392342,16.97061873,375,185.59,139,136,1.1147447,207.908,226.6
153,140238,45227.67552,227.8,207.5095861,39156112,8.639357615,21.27808967,289,184.77,141,136,1.1281843,208.15,225.8
154,141613,45526.65995,227.8,207.6501091,39411494,8.256514761,19.94160224,375,188.05,137,136,1.1223174,206.842,227.3
155,143011,45825.03392,227.8,208.5481402,39668610,7.912972829,19.82465889,296,184.77,139,136,1.1489663,208.131,226.7
156,144392,46124.44447,228.1,208.1296162,39923979,7.238893286,18.02959789,290,183.44,135,135,1.1314764,208.668,228.1
157,145790,46422.6009,228.1,208.9722461,40179579,6.917700413,17.24550666,270,181.85,136,135,1.151344,209.389,227.9
158,147196,46719.32836,228.1,208.7676387,40437335,8.127495248,19.97791531,348,186.73,137,135,1.1555611,207.361,227.4
159,148602,47015.91667,228.1,209.5319346,40692424,7.974088725,19.84642033,274,181.86,140,135,1.1620642,209.303,226.2
160,150000,47306.36529,228.1,208.5165951,40949014,7.993026648,20.00858816,375,184.58,144,135,1.147747,208.295,224.4
161,151402,47605.87404,228.1,209.3259629,41204174,7.685462836,19.21685718,276,178.82,140,135,1.1539067,210.619,226.2
162,152806,47898.24478,229,209.4045584,41459394,6.295247096,15.80737486,302,181.13,133,133,1.159202,209.692,229
163,154243,48194.70192,229,210.3008351,41717358,8.816817793,21.03776604,309,182.18,141,133,1.1912469,209.182,225.7
164,155665,48487.20818,229,209.9654712,41972618,33.29227021,26.10186775,375,179.15,140,133,1.1743438,207.888,226.2
165,157107,48785.1901,229,210.6746879,42230129,9.454438693,23.64115902,317,179.66,138,133,1.1973836,210.267,227.1
166,158541,49085.61845,229,211.4297071,42483565,8.024476245,20.10621794,298,177,142,133,1.1938316,211.341,225.3
167,159981,49386.44888,229,211.0032639,42739518,8.44779705,21.13736975,310,179.54,136,133,1.1969349,210.315,227.8
168,161437,49687.35562,229,211.6346841,42996075,7.707381592,19.33271579,295,177.81,136,133,1.212932,211.013,227.6
169,162895,49990.34866,229,211.6553498,43252891,7.780805614,19.49102357,371,177.6,136,133,1.2157828,211.092,227.6
170,164348,50292.17176,229,211.7049553,43508696,7.919414814,19.9024496,283,175.75,137,133,1.2105635,211.837,227.2
171,165804,50587.80956,229,212.0492445,43763748,5.998858225,15.03554123,296,172.85,134,133,1.2168759,212.99,228.5
172,167284,50884.51464,229,212.2804054,44022139,6.691395893,16.73140759,269,176,138,133,1.2371272,211.711,227
173,168743,51184.53235,229,212.3987663,44276380,6.424912451,15.66170808,336,176.47,136,133,1.2220838,211.47,227.8
174,170221,51482.23806,229,212.6465494,44533064,8.27537697,20.75613403,238,177.23,136,133,1.2356687,211.244,227.8
175,171691,51784.79733,229,212.6753741,44788243,6.888192796,17.22677857,304,172.41,134,133,1.2316955,213.16,228.4
176,173188,52083.85526,229,213.3988644,45045422,6.582793556,16.47174551,248,174.04,137,133,1.2591493,212.527,227.3
177,174683,52385.843,229,213.8801338,45300473,7.559422928,18.53475384,266,171.23,138,133,1.2583388,213.565,227
178,176175,52685.12183,229,213.4378016,45556608,6.39814184,15.94137698,355,169.15,134,133,1.2539688,214.441,228.7
179,177691,52981.23499,229,214.3540237,45813412,6.22653186,14.99432893,249,168.99,134,133,1.2803644,214.449,228.5
180,179196,53279.72033,229,214.1021262,46069320,5.789204695,14.46767431,281,166.92,136,133,1.2677363,215.353,227.6
181,180708,53576.24022,229,214.5141534,46324848,7.13617958,17.33522426,273,170.3,136,133,1.2775209,213.921,227.6
182,182234,53874.78186,229,214.7988204,46581674,6.526580958,16.32404362,250,167.84,135,133,1.2907671,214.979,228
183,183757,54173.50546,229.4,215.0252791,46837097,6.7161652,16.30657536,252,169.66,132,132,1.2891699,214.175,229.4
184,185287,54472.36792,229.4,215.2364052,47092948,6.098676578,15.27571602,291,165.35,136,132,1.2966545,215.988,227.8
185,186822,54771.02656,229.4,215.5957655,47348230,7.732903982,18.70617812,248,168.67,133,132,1.304776,214.586,228.9
186,188368,55071.41074,229.4,215.569599,47605465,4.960349181,12.41426196,302,164.69,135,132,1.311825,216.244,228
187,189913,55369.13089,229.4,215.781877,47861054,5.838039054,14.60127049,375,163.23,136,132,1.3116446,216.83,227.7
188,191468,55666.07037,229.4,216.3758842,48116646,5.873909346,14.72098842,264,164.35,134,132,1.3271177,216.383,228.4
189,193036,55967.08777,229.4,216.5183673,48373820,5.742304764,14.34939372,256,164.43,132,132,1.3346442,216.344,229.4
190,194595,56268.13446,230.6,216.6574727,48628975,6.102925446,15.23954068,238,161.58,129,129,1.3285067,217.501,230.6
191,196155,56568.63599,230.6,216.6058333,48884478,6.093547079,15.252131,250,162.15,133,129,1.3321168,217.278,229
192,197736,56868.9892,230.6,217.1733713,49141183,5.724779472,14.36448398,261,162.04,133,129,1.352661,217.31,229
193,199313,57172.69268,230.6,217.1876347,49397169,6.278102898,15.69181634,240,160.37,132,129,1.3477552,217.968,229.4
194,200885,57473.2466,230.6,217.0655852,49652830,6.426729417,16.09228387,239,163.72,131,129,1.3432875,216.643,229.6
195,202469,57770.06109,230.6,217.2582702,49909042,5.13163093,12.81693801,375,159.19,130,129,1.3556132,218.458,230
196,204059,58068.49254,230.6,217.4433333,50166150,5.646935806,14.14275786,236,161.68,135,129,1.3603348,217.454,228.3
197,205645,58365.2599,230.6,217.6017024,50421959,6.346973688,15.90676271,225,161.57,132,129,1.3585366,217.485,229.5
198,207242,58663.18219,230.6,217.9748904,50678077,5.283640696,13.23413767,246,159.76,131,129,1.3725328,218.229,229.6
199,208846,58958.20343,230.6,218.3222569,50933915,5.207360176,13.02096771,231,158.88,132,129,1.3765877,218.58,229.5
200,210454,59257.58046,230.6,218.3813433,51190131,5.789258674,14.47694374,219,158.09,129,129,1.3837924,218.878,230.5
201,212058,59554.5606,230.6,218.3525561,51445834,6.481764806,16.18350704,243,159.79,130,129,1.3784958,218.205,230
202,213662,59850.71572,230.6,218.5216958,51700872,4.763603258,11.92860428,232,158.78,130,129,1.3796731,218.622,230.3
203,215288,60147.20753,230.6,218.9704797,51957582,6.215880549,15.55138579,232,157.88,131,129,1.4018031,218.977,229.7
204,216908,60444.50207,230.6,218.9977778,52213219,5.105462173,12.12008251,244,159.06,132,129,1.3966396,218.416,229.3
205,218535,60742.24804,230.6,219.1147511,52469517,5.088681951,12.72192989,266,155.75,130,129,1.4043345,219.846,230
206,220170,61039.58255,230.6,219.2242813,52726607,4.370491506,10.9431988,258,155.08,132,129,1.4098853,220.102,229.4
207,221801,61335.94448,230.6,219.5631514,52981701,4.998825762,12.47038091,252,155.36,132,129,1.4090753,219.971,229.3
208,223433,61629.5576,230.6,219.410049,53237551,10.25144595,25.61927985,341,160.85,132,129,1.4099507,217.816,229.4
209,225075,61923.74606,230.6,219.7615713,53493551,5.965418594,14.90699165,346,157.96,131,129,1.419722,218.941,229.9
210,226729,62218.27285,231.2,220.0257557,53750334,5.099091978,12.79062156,247,156.4,127,127,1.434469,219.569,231.2
211,228391,62512.75348,231.2,220.4888087,54006411,4.202679621,10.51252111,228,153.87,130,127,1.4442025,220.578,230.2
212,230053,62807.57503,231.2,220.5376053,54262284,5.212235989,13.05785204,279,153.55,130,127,1.4404265,220.714,230.2
213,231721,63102.77424,231.2,220.6377098,54518678,6.291455396,15.76560814,307,154.16,130,127,1.4488357,220.467,230
214,233382,63398.29554,231.2,220.828537,54773220,4.513435055,11.28273017,238,151.2,127,127,1.442568,221.648,231.2
215,235073,63690.10132,231.2,221.2204613,55030664,6.110297783,15.27681577,215,152.33,129,127,1.4731656,221.169,230.7
216,236740,63989.02503,231.2,220.8904619,55285856,5.275614087,13.22426179,229,152.67,128,127,1.4491849,221.064,230.8
217,238425,64288.12855,231.2,221.2241543,55542360,5.753464695,14.41364284,222,154.13,130,127,1.4670774,220.462,230
218,240114,64587.81912,231.2,221.3249852,55799085,4.055953156,10.11444017,222,149.91,130,127,1.4721606,222.162,230.2
219,241803,64886.03583,231.2,221.7625814,56053943,5.786333813,14.46808902,234,152.12,129,127,1.4731096,221.279,230.6
220,243510,65185.16058,231.2,221.9314587,56310820,4.550230324,11.39682412,298,150.82,128,127,1.494218,221.802,231.1
221,245207,65484.12241,231.3,221.8269299,56566620,7.485052505,18.70874395,261,154.23,127,127,1.4775807,220.433,231.3
222,246910,65779.14934,231.3,222.0776277,56822265,5.094968008,12.72507367,231,152.95,128,127,1.4887418,220.949,230.8
223,248622,66079.56537,231.3,222.3370911,57078153,5.11231562,12.79482317,219,150.25,128,127,1.4999748,222.027,230.8
224,250346,66379.05818,231.3,222.3574246,57335759,3.894104647,9.757351075,244,149.21,127,127,1.5072619,222.457,231.2
225,252065,66678.55432,231.3,222.7116347,57591106,4.001315284,10.02781631,356,147.73,129,127,1.5067905,223.026,230.4
226,253790,66971.06841,231.3,222.6585507,57847565,4.645177607,11.59670643,247,148.58,128,127,1.5114723,222.675,230.8
227,255513,67265.32652,231.3,223.0573418,58102005,4.733888359,11.83344413,240,149.36,129,127,1.512633,222.401,230.5
228,257246,67563.54258,231.3,222.9480669,58358391,4.113847226,10.2571926,210,147.1,128,127,1.5211344,223.269,230.8
229,258982,67862.75197,231.3,223.1141705,58614526,4.470719853,11.15463581,213,150.29,129,127,1.5235653,222.008,230.7
230,260726,68158.52875,231.3,223.262844,58871167,4.555708946,11.36613831,236,147.47,128,127,1.5310327,223.146,231
231,262464,68452.38245,231.3,223.2535098,59126987,4.228247273,10.61131472,320,147.6,128,127,1.52795,223.075,231.1
232,264199,68747.53949,231.3,223.3318732,59382018,4.147252585,10.39816811,231,144.91,127,127,1.523205,224.164,231.2
233,265947,69045.3462,231.3,223.4434211,59638505,4.581638462,11.46250845,223,146.53,129,127,1.5402246,223.517,230.6
234,267695,69343.10138,231.3,223.605778,59894271,4.276635477,10.71494284,238,146.5,128,127,1.534961,223.517,230.8
235,269452,69636.00891,231.3,223.9198065,60149962,3.07830083,7.711912863,207,143.08,127,127,1.5503719,224.892,231.2
236,271216,69931.12908,231.8,224.0094104,60406292,3.563315731,8.898601014,310,145.07,126,126,1.5535014,224.109,231.8
237,272970,70227.81124,231.8,223.868358,60661769,5.224222334,13.04153365,214,146.72,128,126,1.5449564,223.451,230.8
238,274742,70522.14628,231.8,224.2370767,60918244,3.808332969,9.49363471,210,144.03,129,126,1.5632927,224.54,230.6
239,276517,70816.83041,231.8,224.3101408,61174847,3.277295226,8.184491432,247,143.71,128,126,1.5658358,224.644,231
240,278289,71111.14862,231.8,224.3296275,61430915,3.939644146,9.867623827,228,143.1,129,126,1.5674915,224.902,230.6
241,280063,71409.20881,231.8,224.5467306,61686320,2.923775641,7.349632644,231,143.23,128,126,1.5650524,224.844,231.1
242,281837,71708.51342,231.8,224.4663472,61942088,3.067000326,7.64117792,226,142.82,129,126,1.5652751,224.997,230.5
243,283621,72010.57957,231.8,224.6161996,62198638,4.264294901,10.66682239,220,143.83,126,126,1.5767887,224.617,231.6
244,285407,72311.26361,231.8,224.7458567,62454896,3.31594632,8.284660524,232,142.38,127,126,1.5816914,225.21,231.3
245,287202,72609.55864,231.8,224.8579387,62711944,3.367311093,8.402826905,287,142.85,129,126,1.5870372,224.996,230.7
246,288985,72911.43565,231.8,225.0468873,62966436,3.706249317,9.247805145,213,142.41,127,126,1.5777221,225.146,231.2
247,290783,73210.18048,231.8,225.0432703,63223104,4.140917773,10.32342482,211,143.87,127,126,1.5920651,224.58,231.2
248,292577,73512.32054,231.8,225.0389632,63479197,3.349886416,8.350155687,260,142.07,129,126,1.5890611,225.319,230.7
249,294374,73810.15591,231.8,225.1523094,63735255,4.06471598,10.14276097,219,142.38,128,126,1.5911108,225.178,231.1
250,296169,74107.17567,232.2,225.0951532,63990623,6.723471127,16.79702355,375,143.8,125,125,1.5881267,224.644,232.2
251,297967,74406.65349,232.2,225.348109,64245911,3.571052926,8.940531304,209,141.37,127,125,1.5973424,225.591,231.5
252,299783,74708.87198,232.2,225.4822137,64503116,3.494900714,8.733676202,227,142.23,126,125,1.607792,225.237,231.9
253,301593,75009.05447,232.2,225.6182873,64758898,3.164119309,7.903062697,210,141.04,127,125,1.6079632,225.707,231.5
254,303400,75308.45061,232.2,225.6728279,65014005,2.995342384,7.460268092,329,140.62,127,125,1.6023605,225.918,231.5
255,305229,75608.85833,232.2,225.7981957,65271658,3.419815638,8.548748446,240,141.67,127,125,1.6278496,225.481,231.2
256,307047,75909.36348,232.2,225.8045105,65527725,3.155899238,7.889765522,207,140.54,127,125,1.6130016,225.93,231.3
257,308870,76210.01071,233.3,226.0141525,65783581,2.69198737,6.739517787,234,139.17,122,122,1.6197337,226.502,233.3
258,310694,76505.84051,233.3,225.9980263,66038965,3.216753021,8.088881258,375,139.1,127,122,1.6220874,226.49,231.2
259,312523,76803.77635,233.3,226.1117004,66295205,1.979823224,4.927433409,216,138.02,126,122,1.6295972,226.95,231.9
260,314347,77101.5462,233.3,226.1247807,66550691,2.221551485,5.518142804,237,138.49,127,122,1.6202335,226.753,231.5
261,316175,77399.09942,233.3,226.0643326,66806985,3.772678094,9.435570995,249,139.1,125,122,1.6251996,226.51,232.3
262,318004,77698.30653,233.3,226.2157463,67062745,2.764525999,6.87316521,222,139.14,124,122,1.626653,226.486,232.7
263,319835,77997.64697,233.3,226.2002185,67318812,4.018084121,9.984282648,238,140.79,125,122,1.6303395,225.82,232.2
264,321669,78295.2539,233.3,226.357361,67574627,3.40937003,8.482517315,236,139.63,125,122,1.6313841,226.286,232.1
265,323505,78594.59817,233.3,226.4369281,67830345,2.543929834,6.342365489,212,138.88,125,122,1.6357064,226.611,232.2
266,325341,78891.82616,233.3,226.34439,68086447,2.785831833,6.982342014,233,138.37,126,122,1.6354375,226.771,231.9
267,327180,79191.53372,233.3,226.3476346,68342965,2.898338145,7.270240711,303,139.06,125,122,1.6358248,226.494,232.2
268,329024,79491.96901,233.3,226.5920282,68599052,3.669368338,9.135047893,269,139.97,127,122,1.6448082,226.156,231.5
269,330872,79789.6659,233.3,226.6766775,68855320,3.584080914,8.966933701,231,139.21,127,122,1.6467484,226.458,231.3
270,332716,80085.65035,233.3,226.6747831,69111017,4.10000622,10.25121944,243,139.25,126,122,1.646481,226.443,231.9
271,334566,80385.9508,233.3,226.5902162,69367321,3.647722029,9.098549335,375,138.42,126,122,1.6462665,226.782,231.7
272,336412,80689.0204,233.3,226.6750813,69623289,4.521972578,11.28948183,220,139.74,122,122,1.6476475,226.258,233.3
273,338261,80986.37649,233.3,226.9290968,69878542,4.146547841,10.32218969,215,139.18,126,122,1.6481879,226.471,231.9
274,340119,81285.95147,233.3,226.9260495,70135023,2.669631248,6.661613919,299,138.23,126,122,1.658718,226.863,231.6
275,341977,81586.88435,233.3,226.961733,70391353,2.732261152,6.820931021,211,137.57,126,122,1.6583706,227.107,231.9
276,343829,81884.57262,233.3,226.9164687,70647078,3.926633545,9.784329308,259,139.13,126,122,1.653524,226.493,231.9
277,345685,82188.62486,233.3,226.9335129,70903239,2.376138885,5.918411949,213,137.18,127,122,1.6577771,227.258,231.4
278,347550,82489.00966,233.3,227.1527078,71159637,3.375305023,8.43976303,230,137.52,126,122,1.6661717,227.146,231.8
279,349406,82791.86663,233.3,227.1438578,71414840,3.103477243,7.777010994,221,136.91,123,122,1.6591684,227.377,232.8
280,351275,83090.22485,233.3,227.3066881,71671079,4.425600411,11.01516682,216,138.19,125,122,1.6683899,226.881,232.2
281,353153,83386.76194,233.4,227.2776358,71928680,3.251357255,8.069175918,224,137.78,122,122,1.6819552,227.026,233.4
282,355011,83683.39385,233.4,227.3872443,72183034,4.214306111,10.56274586,219,136.78,124,122,1.6612276,227.432,232.4
283,356881,83984.60482,233.4,227.4273797,72438856,3.86041591,9.630010384,217,136.73,125,122,1.6732239,227.467,232.3
284,358761,84286.15482,233.4,227.4976064,72695732,2.426739376,6.019061389,229,135.97,126,122,1.6816874,227.756,231.9
285,360635,84587.02955,233.4,227.572412,72951423,3.379141311,8.429448381,248,136.62,126,122,1.6751547,227.498,231.7
286,362509,84880.32325,233.4,227.7278015,73206414,2.643199576,6.58634952,201,135.6,125,122,1.679247,227.936,232.3
287,364399,85177.82779,233.4,227.8048148,73463247,2.571057953,6.388888792,273,136.11,126,122,1.6936334,227.731,231.6
288,366272,85471.15005,233.4,227.6735718,73718388,2.391054997,5.93130677,310,134.86,124,122,1.676046,228.216,232.4
289,368161,85765.98529,233.4,227.7317099,73975396,3.423473528,8.535918228,303,136.59,125,122,1.691535,227.527,232.2
290,370050,86066.72811,233.4,227.9961355,74231153,2.94693383,7.353223783,227,135.99,125,122,1.6946516,227.759,232
291,371940,86364.48642,233.4,227.926455,74487354,2.381051028,5.929747044,188,135.41,125,122,1.6951731,227.986,232.3
292,373818,86663.13355,233.4,227.842279,74742346,2.645463097,6.577203053,306,136.02,125,122,1.6812602,227.755,232
293,375710,86958.32483,233.4,227.9151691,74998871,2.734339225,6.779756633,220,135.57,126,122,1.6960202,227.933,231.9
294,377604,87256.95534,233.4,227.9865892,75255354,2.751887352,6.844523358,238,136.25,125,122,1.698011,227.654,232.1
295,379492,87553.55568,233.4,228.0739936,75510668,2.305763214,5.738850059,301,134.16,124,122,1.6934612,228.516,232.7
296,381395,87855.38102,233.4,228.1201261,75767882,2.037501166,5.033994438,262,135.33,124,122,1.7075418,228.033,232.5
297,383286,88155.70021,233.4,228.1420412,76023385,2.961251593,7.348224275,210,135.06,125,122,1.6968299,228.167,232.3
298,385192,88456.27781,233.4,228.3432319,76279921,2.153063863,5.327062981,189,134.32,125,122,1.7098488,228.446,232.3
299,387091,88757.47591,233.4,228.3471301,76535504,2.962579282,7.340544939,196,134.42,125,122,1.7053577,228.418,232.3
300,388992,89054.67729,233.4,228.386323,76791169,2.450388541,6.083904996,211,134.19,125,122,1.7092665,228.486,232.3
301,390901,89353.10803,233.4,228.4044002,77047796,2.693139432,6.693661181,211,134.43,126,122,1.712885,228.42,231.9
302,392798,89649.9421,233.4,228.4031629,77302802,2.238924742,5.564629368,188,133.93,125,122,1.7037084,228.604,232.3
303,394712,89951.02246,233.4,228.5283177,77559492,3.335554527,8.290379967,184,135.36,124,122,1.7200587,228.026,232.6
304,396620,90250.97346,233.4,228.6417191,77814852,1.724135726,4.295800275,218,133.31,124,122,1.7161071,228.866,232.5
305,398527,90549.33449,233.4,228.5952281,78070303,3.839934895,9.581748275,230,135.51,124,122,1.7137399,227.97,232.4
306,400441,90849.84182,233.4,228.4886625,78327150,2.315777191,5.774590895,219,133.21,124,122,1.7218106,228.876,232.4
307,402355,91154.54217,233.4,228.6966562,78583027,3.161645141,7.882106317,193,134.18,123,122,1.7193714,228.5,232.8
308,404270,91453.24889,233.4,228.6986423,78839004,2.438500359,6.035726965,196,133.3,124,122,1.7218356,228.854,232.6
309,406182,91752.46366,233.6,228.4016213,79095337,3.25165973,8.121059044,375,133.78,121,121,1.7197772,228.653,233.6
310,408091,92051.94661,233.6,228.5376637,79350595,3.161679301,7.890114068,375,134.19,124,121,1.7133179,228.472,232.7
311,410015,92353.17707,233.6,228.7340956,79607514,2.24517683,5.613341251,202,133.48,124,121,1.7324861,228.741,232.6
312,411939,92653.51328,233.6,228.8251559,79864063,3.149077802,7.813168371,290,134.12,124,121,1.7284716,228.503,232.7
313,413859,92956.52221,233.6,228.9673438,80119440,1.77873663,4.436214603,229,132.6,124,121,1.730624,229.136,232.7
314,415791,93256.99091,233.6,229.16206,80375527,3.137364499,7.841549592,217,132.51,124,121,1.7408335,229.188,232.7
315,417718,93559.51818,233.6,229.0449922,80631496,3.351687784,8.364657793,221,132.95,123,121,1.7356524,228.983,232.9
316,419642,93853.5934,233.6,229.0652807,80886959,2.269062361,5.676266379,212,132.4,124,121,1.7312936,229.234,232.7
317,421571,94152.03657,233.6,229.1588906,81142655,2.86205241,7.083332549,210,132.92,124,121,1.7382481,229.016,232.7
318,423503,94445.93817,233.6,229.1578157,81398759,3.41581674,8.554969316,228,132.45,124,121,1.7403346,229.186,232.7
319,425445,94740.49798,233.6,229.3343975,81655332,3.520269308,8.810471043,207,132.34,123,121,1.7531837,229.252,233
320,427383,95037.61893,233.6,229.2186791,81911961,1.67496985,4.192087785,300,131.92,124,121,1.7466139,229.426,232.7
321,429318,95327.98691,233.6,229.2265116,82168096,2.523136738,6.237587675,265,131.85,124,121,1.7420049,229.441,232.7
322,431245,95624.39902,233.6,229.3512714,82422628,2.656279165,6.579635248,240,132.22,123,121,1.7372293,229.291,233.1
323,433180,95926.3542,233.6,229.3375711,82678293,2.02621297,5.018964037,202,131.7,122,121,1.7477367,229.519,233.5
324,435133,96222.05356,236.5,229.478341,82935656,3.53861894,8.860270876,212,131.66,114,114,1.7608713,229.524,236.5
325,437074,96515.84952,236.5,229.4724369,83191501,1.924218283,4.80558009,222,131.08,124,114,1.7526073,229.772,232.7
326,439020,96812.21241,236.5,229.5622302,83447579,1.928833845,4.824147593,225,131.26,123,114,1.7544079,229.7,232.9
327,440958,97108.44823,236.5,229.4814757,83703018,2.527005342,6.317744851,340,131.81,124,114,1.7491822,229.462,232.7
328,442904,97403.76204,236.5,229.3839157,83959349,3.535972851,8.776850232,375,133.37,122,114,1.7554183,228.836,233.5
329,444847,97698.32336,236.5,229.6106022,84214789,3.201551343,7.963284498,232,132.19,124,114,1.7553725,229.313,232.7
330,446796,97996.64536,236.5,229.6480246,84470866,2.250744543,5.541263394,199,131.88,124,114,1.7589658,229.457,232.7
331,448754,98292.30752,236.5,229.5333504,84728023,3.598752006,8.933733822,375,132.78,124,114,1.7665348,229.072,232.7
332,450711,98590.94245,236.5,229.8329586,84984230,1.013644415,2.530197621,203,130.41,124,114,1.7664919,230.035,232.7
333,452651,98885.55272,236.5,229.7589691,85238593,4.521492674,11.27064772,211,132.15,124,114,1.7531097,229.348,232.7
334,454612,99179.64395,236.5,229.6415094,85495700,1.667950539,4.111192041,375,130.09,124,114,1.7736164,230.179,232.7
335,456565,99472.93686,236.5,229.9082949,85751067,2.947997795,7.278433897,199,131.38,124,114,1.7637423,229.653,232.7
336,458535,99768.79808,236.5,229.9360406,86008544,2.169951843,5.377834137,304,130.67,123,114,1.7806884,229.953,233.1
337,460479,100067.7315,236.5,229.8579733,86262993,2.171923341,5.401703435,201,130.96,122,114,1.7573625,229.843,233.5
338,462435,100361.1356,236.5,229.8809305,86518930,2.046099704,5.047563769,241,130.89,123,114,1.767432,229.874,233.1
339,464387,100657.8318,236.5,229.7698258,86774876,1.53805429,3.823231617,277,130.23,124,114,1.7618403,230.133,232.7
340,466350,100955.8133,236.5,229.7754967,87031637,1.937919245,4.858178671,375,130.09,123,114,1.7732532,230.187,233.1
341,468304,101253.4756,236.5,229.9232344,87287115,2.987553347,7.39661409,375,130.99,124,114,1.7676558,229.825,232.7
342,470273,101552.1597,236.5,230.1799898,87543328,2.058318488,5.142713292,200,130.35,123,114,1.7824968,230.065,233.1
343,472236,101852.8438,236.5,230.1313296,87798988,1.93989974,4.797249212,195,129.92,124,114,1.7754102,230.267,232.7
344,474207,102152.1714,236.5,230.0939117,88055885,2.768587185,6.854276038,216,130.67,123,114,1.78181,229.965,233.1
345,476171,102451.4998,236.5,230.0625255,88311398,35.87439845,24.8474224,375,133.16,122,114,1.7778782,226.344,233.3
346,478142,102751.5611,236.5,230.2387113,88567604,2.8139785,7.008537651,195,129.98,123,114,1.7834831,230.255,233
347,480114,103053.6693,236.5,230.2747465,88823787,1.244512354,3.086486676,206,129.56,122,114,1.7861643,230.417,233.5
348,482083,103348.6247,236.5,230.3308786,89079272,2.056568744,5.027235821,201,130.13,122,114,1.7811038,230.155,233.5
349,484051,103647.4208,236.5,229.998374,89335613,2.817696045,7.042016757,375,130.3,123,114,1.7790627,230.117,233
350,486022,103942.57,236.5,230.3810756,89591160,2.388618848,5.94726828,183,129.3,122,114,1.7865893,230.53,233.5
351,488003,104238.2529,236.5,230.4104997,89847849,1.990235162,4.895916666,190,129.7,123,114,1.7942299,230.358,233.1
352,489980,104534.7859,236.5,230.3996965,90104081,2.83504074,6.989105808,201,130.82,123,114,1.7896893,229.912,233.1
353,491952,104832.425,236.5,230.4373225,90359464,1.365744852,3.322709738,217,129.14,122,114,1.7878975,230.571,233.5
354,493927,105128.9605,236.5,230.4442025,90615206,1.09145545,2.695830113,317,129.05,123,114,1.7868295,230.615,233.1
355,495911,105425.1984,236.5,230.4778226,90871963,2.026485628,4.952363072,185,129.79,122,114,1.7988353,230.334,233.5
356,497891,105720.2052,236.5,230.5373737,91127897,1.576865245,3.9,183,129.3,121,114,1.7944963,230.536,233.9
357,499870,106017.5715,236.5,230.498282,91383913,1.603826362,3.957916118,250,128.93,123,114,1.791966,230.671,233.1
358,501842,106311.979,236.5,230.3562373,91639079,2.774030281,6.853933177,375,129.94,122,114,1.7863142,230.234,233.4
359,503826,106606.7556,236.5,230.4596774,91895943,4.554898462,11.33100172,237,130.78,122,114,1.7982954,229.95,233.5
360,505805,106902.6345,236.5,230.5695806,92151621,2.566732553,6.372903577,198,129.31,121,114,1.7934811,230.522,233.7
361,507792,107197.3597,236.5,230.6935078,92407722,1.918868417,4.723346271,286,128.9,121,114,1.8015623,230.688,233.9
362,509776,107498.0357,236.5,230.6548891,92663639,2.032787249,5.018077321,243,129.17,123,114,1.7981298,230.576,233.1
363,511768,107796.1264,236.5,230.6917169,92920364,1.266277616,3.075971391,225,128.28,123,114,1.805841,230.929,233.1
364,513757,108093.978,236.5,230.7558572,93176444,3.962030288,9.875221517,217,130,123,114,1.8040342,230.246,233.1
365,515736,108393.305,236.5,230.7138454,93431443,1.500033333,3.717674004,253,128.17,122,114,1.7965605,230.99,233.5
366,517729,108693.0887,236.5,230.7850477,93687904,2.098332671,5.194073546,195,128.96,123,114,1.8071792,230.68,233.1
367,519711,108991.4858,236.5,230.7149344,93943317,1.536566302,3.757272947,259,128.77,123,114,1.79738,230.758,233.1
368,521698,109290.2281,236.5,230.7227479,94199325,1.800499931,4.421131077,242,128.56,121,114,1.801219,230.84,233.9
369,523686,109589.5878,236.5,230.740996,94455390,1.262962786,3.119919871,212,128.31,123,114,1.804495,230.945,233.1
370,525679,109889.4903,236.5,230.752283,94712016,2.03588089,5.043917129,190,129.17,122,114,1.8075156,230.583,233.5
371,527667,110190.6183,236.5,230.7865191,94967834,2.356453904,5.845776253,181,128.87,122,114,1.8023641,230.705,233.5
372,529654,110489.0624,236.5,230.6318571,95223732,1.56916379,3.807505745,375,128.23,122,114,1.8017374,230.955,233.5
373,531640,110790.1027,236.5,230.7552367,95479466,1.411777603,3.427462618,181,128.35,122,114,1.8044196,230.922,233.5
374,533633,111089.0045,236.5,230.7667837,95736060,2.83190307,7.029729725,232,129.27,122,114,1.8048975,230.565,233.3
375,535618,111389.9185,236.5,230.8153652,95991364,1.95349021,4.790782817,218,129.22,122,114,1.8035113,230.574,233.5
376,537612,111691.0936,236.5,230.8512036,96247662,1.544862453,3.769562309,284,128.48,121,114,1.8079064,230.88,233.9
377,539603,111992.5611,236.5,230.8614766,96503528,1.243756809,3.019453593,257,128.23,119,114,1.8072971,230.963,234.7
378,541595,112293.553,236.5,230.7044177,96760303,1.7045759,4.203569911,276,128.3,121,114,1.8056784,230.939,233.8
379,543576,112594.204,236.5,230.8709743,97014853,0.955248659,2.345719506,199,127.76,122,114,1.7980869,231.17,233.5
380,545578,112894.5953,236.5,230.8471528,97272209,1.613652689,3.964479789,244,128.27,121,114,1.8184803,230.955,233.9
381,547564,113195.9029,236.5,230.8933031,97527293,2.589683185,6.404029981,246,129.22,122,114,1.8016698,230.579,233.3
382,549570,113493.9098,236.5,231.0235294,97784307,1.546961861,3.77437412,290,128.29,122,114,1.8197551,230.953,233.5
383,551569,113796.4783,236.5,231.0131566,98040473,1.775951576,4.341474404,179,128.46,123,114,1.8169179,230.886,233.1
384,553557,114089.8361,236.5,231.0040744,98295252,1.48217779,3.613460945,195,128.27,123,114,1.8040928,230.943,233.1
385,555560,114385.145,236.5,230.9109336,98552441,2.10517909,5.18724397,352,128.45,122,114,1.8177383,230.889,233.5
386,557556,114680.1977,236.5,231.044489,98808056,1.76325693,4.380079908,276,127.93,122,114,1.8140858,231.105,233.5
387,559550,114976.0773,236.5,230.9641424,99063808,1.354067945,3.335790761,203,128.35,121,114,1.8086598,230.93,233.9
388,561551,115274.8342,236.5,230.9644678,99319876,0.946467115,2.2895196,375,127.59,122,114,1.8168707,231.24,233.5
389,563543,115570.2459,236.5,231.0389056,99574999,0.874923425,2.116601049,246,127.4,123,114,1.8097626,231.303,233.1
390,565551,115866.0293,236.5,230.9443725,99832035,2.437860537,6.058580692,375,128.44,122,114,1.8218417,230.894,233.5
391,567549,116162.7255,236.5,231.1461962,100087399,1.326671022,3.278337994,189,127.65,121,114,1.8178226,231.212,233.9
392,569552,116458.9577,236.5,231.0865202,100343705,0.893157881,2.178508664,232,127.21,122,114,1.8180037,231.387,233.5
393,571555,116753.5068,236.5,231.121967,100599838,1.283956386,3.179685519,204,127.64,120,114,1.8209498,231.216,234.3
394,573557,117049.5938,236.5,231.1866134,100855507,1.162387199,2.908246895,171,127.39,122,114,1.8198197,231.316,233.5
395,575566,117346.5285,236.5,231.1815829,101112087,0.854481714,2.131290689,194,127.24,121,114,1.8217034,231.381,233.9
396,577572,117641.9727,236.5,231.116002,101368623,2.580271304,6.378236433,305,128.09,122,114,1.8228525,231.04,233.5
397,579565,117937.9252,236.5,231.1918214,101623152,1.350038518,3.306523854,277,127.63,121,114,1.8116645,231.214,233.9
398,581576,118236.7137,236.5,231.1804575,101880028,1.417171832,3.477297801,307,127.78,119,114,1.827704,231.168,234.7
399,583586,118535.768,236.5,231.209602,102136616,0.794606821,1.969670023,232,126.98,120,114,1.8269217,231.48,234.1
400,585587,118835.0113,236.5,231.2644178,102391792,0.805669908,1.980378752,198,127.09,119,114,1.8181627,231.436,234.7
401,587596,119132.3661,236.5,231.2740169,102647934,0.820060973,2.042057786,174,127.1,121,114,1.8253739,231.45,233.9
402,589598,119427.4331,236.5,231.2641858,102903216,0.854468256,2.081249625,207,127.22,122,114,1.8205343,231.378,233.5
403,591608,119725.3264,236.5,231.2216418,103159755,1.368852074,3.377869151,204,127.5,121,114,1.827912,231.262,233.9
404,593623,120023.8463,236.5,231.3011414,103416536,2.301827752,5.696455038,185,127.48,122,114,1.830942,231.283,233.5
405,595623,120320.1296,236.5,231.3248,103671265,1.510860351,3.703660352,202,127.77,121,114,1.8201712,231.151,233.9
406,597642,120616.9834,236.5,231.3148588,103928479,1.643806558,4.03950492,245,127.32,121,114,1.8338631,231.35,233.7
407,599646,120914.8882,236.5,231.3251996,104183727,0.683177137,1.712191578,182,126.78,122,114,1.8232185,231.563,233.5
408,601655,121213.122,236.5,231.3380289,104439557,0.890350493,2.194789284,189,126.77,122,114,1.8251332,231.574,233.5
409,603667,121507.2381,236.5,231.2621769,104696147,1.275295652,3.097353709,194,127.08,121,114,1.8295095,231.439,233.9
410,605681,121803.6297,236.5,231.3351043,104952621,1.946914482,4.821566136,191,127.75,121,114,1.8317909,231.182,233.9
411,607690,122098.6092,236.5,231.4203584,105208046,1.946325769,4.7860631,180,127.44,122,114,1.82859,231.296,233.5
412,609694,122394.4518,236.5,231.3536427,105463162,1.393181969,3.461849217,200,127.34,121,114,1.821869,231.338,233.9
413,611710,122691.0898,236.5,231.3632937,105719778,1.889056908,4.707982583,201,127.43,122,114,1.8339067,231.308,233.5
414,613727,122987.8137,236.5,231.4030243,105976295,1.029473652,2.547528214,182,126.99,122,114,1.8356062,231.472,233.5
415,615738,123285.601,236.5,231.5224267,106231459,1.294594917,3.144137402,154,127.12,121,114,1.8277634,231.432,233.9
416,617758,123580.629,236.5,231.4257921,106488257,0.989183502,2.444913086,174,127.32,121,114,1.8381007,231.354,233.9
417,619767,123877.7404,236.5,231.3848183,106743873,1.290542522,3.146045136,208,127.32,121,114,1.8291767,231.33,233.7
418,621776,124172.5808,236.5,231.3651568,106999589,1.422920939,3.476147293,215,127.58,122,114,1.8268943,231.236,233.5
419,623792,124472.6803,236.5,231.5008929,107255521,1.447290918,3.555544965,177,127.09,122,114,1.8340338,231.443,233.5
420,625812,124769.3783,236.5,231.4845545,107512043,1.004929848,2.502079135,186,126.86,120,114,1.8374187,231.546,234.3
421,627830,125063.6324,236.5,231.4869673,107768290,1.337364573,3.272598356,190,127.01,119,114,1.8365344,231.484,234.7
422,629847,125358.565,236.5,231.496827,108024359,1.617745036,4.000237493,254,127.09,121,114,1.834684,231.449,233.9
423,631855,125656.6531,236.5,231.5049303,108279242,1.747202335,4.35426228,182,127.02,122,114,1.827287,231.478,233.5
424,633874,125958.2504,236.5,231.5032689,108535524,1.028943147,2.57767337,236,126.66,121,114,1.8388668,231.626,233.9
425,635901,126255.8709,236.5,231.4894919,108792891,1.109166804,2.702942841,293,126.79,120,114,1.8432759,231.557,234.3
426,637915,126554.3441,236.5,231.5500497,109048308,1.302856861,3.240046296,176,126.61,122,114,1.8339386,231.642,233.5
427,639928,126847.2732,236.5,231.5100845,109303795,1.205995025,2.96814757,290,127.01,118,114,1.8306811,231.476,235.1
428,641926,127147.0878,236.5,230.908008,109560306,2.68937093,6.619206901,274,128.69,121,114,1.813742,230.778,233.9
429,643941,127444.7532,236.5,231.507196,109816069,1.685900056,4.125530269,207,127,121,114,1.8336158,231.479,233.9
430,645955,127740.184,236.5,231.451142,110071990,1.29139111,3.160047468,254,126.71,121,114,1.8324848,231.597,233.9
431,647968,128037.1152,236.5,231.4293592,110327868,1.551636555,3.83739495,235,127.12,121,114,1.8336895,231.432,233.9
432,649988,128335.729,236.5,231.3161881,110584658,1.154069322,2.860839038,375,126.66,120,114,1.8343822,231.618,234.3
433,652004,128630.7442,236.5,231.5772817,110840184,1.580270863,3.865229618,174,127.2,121,114,1.8360194,231.388,233.9
434,654017,128925.5891,236.5,231.5494287,111095461,1.998390352,4.896314941,199,126.69,120,114,1.8348256,231.594,234.3
435,656035,129222.7383,236.5,231.4386026,111351936,1.591342515,3.905432114,362,127.26,121,114,1.8355855,231.373,233.9
436,658058,129517.177,236.5,231.6214039,111608148,1.246234328,3.092507074,168,126.42,121,114,1.8391978,231.71,233.9
437,660078,129810.0697,236.5,231.6626733,111863783,1.00276418,2.479596741,180,126.46,121,114,1.8400596,231.692,233.9
438,662103,130108.9081,236.5,231.6556049,112120097,1.809686161,4.47726479,193,126.71,120,114,1.846832,231.606,234.3
439,664126,130404.3986,236.5,231.4566485,112376558,0.842792382,2.109881513,375,126.22,119,114,1.8410189,231.799,234.7
440,666140,130698.365,236.5,231.589573,112631785,1.026978091,2.538089833,275,126.59,121,114,1.831952,231.654,233.9
441,668163,130992.1637,236.5,231.6405833,112887891,1.244901201,3.057711563,205,126.48,121,114,1.8423749,231.689,233.9
442,670182,131288.104,236.5,231.6666171,113143374,1.115266336,2.7695487,187,126.36,121,114,1.8401384,231.741,233.9
443,672203,131583.7913,236.5,231.5972786,113399454,0.971215218,2.42097088,258,126.17,121,114,1.8376567,231.821,233.9
444,674223,131882.3811,236.5,231.6681188,113655065,1.243534881,3.047031342,218,126.66,120,114,1.8396804,231.611,234.3
445,676249,132178.7244,236.5,231.6644126,113911466,1.511447981,3.698797102,189,126.33,121,114,1.8445607,231.755,233.9
446,678279,132475.7814,236.5,231.7057143,114168154,1.519874666,3.76,185,126.32,120,114,1.8496168,231.759,234.3
447,680304,132771.9595,236.5,231.7071605,114424197,1.319354388,3.293554311,271,126.35,120,114,1.8463084,231.752,234.3
448,682329,133073.0078,236.5,231.7028148,114680254,2.305168107,5.668333088,204,126.9,119,114,1.8429064,231.52,234.7
449,684345,133367.8027,236.5,231.5946429,114935725,1.159027178,2.857463911,357,125.93,121,114,1.8362061,231.916,233.9
450,686368,133661.5672,236.5,231.768957,115191211,0.940201574,2.324994624,179,126.12,120,114,1.8434663,231.839,234.3
451,688393,133959.3453,236.5,231.7628148,115446994,2.216542127,5.476312628,201,126.9,121,114,1.8468691,231.521,233.9
452,690422,134256.3755,236.5,231.775998,115703210,1.451068572,3.573177857,292,126.18,120,114,1.8465054,231.82,234.3
453,692454,134553.6879,236.5,231.8128937,115959601,1.194394826,2.941088234,259,126.1,121,114,1.8503889,231.839,233.9
454,694488,134851.3159,236.5,231.764061,116216474,1.154121311,2.785031418,275,125.94,121,114,1.8541485,231.898,233.9
455,696510,135146.1592,236.5,231.6390208,116471865,1.581243498,3.893725722,375,126.33,121,114,1.8426992,231.737,233.9
456,698544,135444.2198,236.5,231.850885,116728311,0.897717105,2.209502206,176,125.59,121,114,1.8530492,232.052,233.9
457,700570,135739.7843,236.5,231.8649062,116983682,3.846855339,9.567711325,214,126.83,120,114,1.8512084,231.552,234.3
458,702598,136037.4416,236.5,231.8418639,117239394,1.774019166,4.372310602,175,126.23,121,114,1.8436284,231.784,233.9
459,704631,136333.7784,236.5,231.8553369,117495679,0.84950515,2.072944765,192,125.77,120,114,1.8525368,231.971,234.3
460,706667,136629.1511,236.5,231.9056974,117752077,1.283384198,3.194620478,174,125.88,119,114,1.8574597,231.925,234.7
461,708701,136925.9818,236.5,231.8852016,118008322,1.015741601,2.528458028,189,125.63,120,114,1.8559183,232.037,234.3
462,710735,137224.3769,236.5,231.9513274,118264256,1.441561306,3.528115644,275,125.82,120,114,1.8535528,231.951,234.3
463,712764,137519.0985,236.5,231.9706259,118519450,1.595935776,3.927136361,211,125.76,119,114,1.8524354,231.983,234.7
464,714796,137821.1875,236.5,231.7198819,118775640,1.576711451,3.922690403,375,125.95,119,114,1.8481584,231.909,234.7
465,716827,138116.1659,236.5,231.8439193,119031709,1.829057408,4.533916629,341,126.06,120,114,1.8521607,231.843,234.3
466,718855,138418.7009,236.5,231.7319527,119287364,1.250110395,3.115942875,375,126.03,120,114,1.8478907,231.868,234.3
467,720894,138716.8289,236.5,232.0115743,119543617,0.963574076,2.357032032,186,125.62,118,114,1.8586426,232.035,235.1
468,722934,139013.3644,236.5,231.9957843,119800069,1.564116044,3.878711126,301,125.66,120,114,1.8615984,232.021,234.3
469,724975,139314.2226,236.5,232.0366487,120056457,1.072042443,2.657066051,179,125.4,119,114,1.8621277,232.125,234.7
470,727009,139619.5732,236.5,232.0598328,120311836,2.493005415,6.141693578,228,126.14,119,114,1.8574619,231.818,234.7
471,729050,139923.8692,236.5,232.044929,120568180,1.618331239,4.013614331,225,125.47,119,114,1.8610715,232.102,234.7
472,731090,140224.2087,236.5,232.0869608,120824184,2.115800321,5.248799863,177,125.51,121,114,1.8616167,232.083,233.9
473,733124,140525.2001,236.5,232.1522124,121079100,0.826372192,2.027313493,153,125.1,120,114,1.8558582,232.247,234.3
