total_secs,tcount,opt_vf,tps,ev,rank,n_updates,best_ext_ret,retstd,recent_best_ext_ret,vpredstd,rew_mean,vpredmean,opt_feat_var,ups,eprew,opt_tot,eplen,epcount,opt_dyn_loss,advstd,opt_clipfrac,eprew_recent,opt_pg,retmean,advmean,opt_ent,opt_approxkl
466.23233222961426,153792940.0,62.005196,549.0824665215006,0.9590863548219204,0,601,372.55,56.35679,372.55,57.113617,0.1295742,16.456968,0.20067336,0.0021448533848496118,94.68450000000001,62.46988,748.13,266.0,0.07028743,11.399357,0.0,136.7907894736842,0.46566966,16.417141,-0.039827686,0.9847872,1.604679e-11
921.5838265419006,154068357.0,142.87834,562.2030523620763,0.9540977478027344,0,602,372.55,59.706806,366.9,60.437225,0.18528828,18.219038,0.19713071,0.0021961056732893603,126.206,143.83237,755.75,637.0,0.06956523,12.79207,0.0,116.56859838274931,0.9550454,18.388546,0.16950616,1.0142566,1.4822477e-11
1378.6559104919434,154320935.0,66.10203,560.0867105854148,0.9563450515270233,0,603,372.55,59.70168,367.55,59.953205,0.1909751,20.272562,0.18704572,0.0021878387132242766,122.09350000000002,65.36253,737.32,982.0,0.06323323,12.473929,0.0,138.3155072463768,-0.7384791,20.329948,0.05738592,1.0136412,1.4352935e-11
1840.1395003795624,154574218.0,126.7405,554.7326180381439,0.9553874656558037,0,604,375.2,58.186275,375.2,58.258816,0.18051797,20.119062,0.19561857,0.0021669242892114996,88.58149999999999,127.95912,740.62,1328.0,0.06436983,12.289919,0.0,128.52947976878613,1.2196407,19.879768,-0.23929529,1.0240104,1.703846e-11
2302.0439217090607,154833294.0,52.595898,554.2272127708928,0.9567070305347443,0,605,375.2,57.599606,373.9,56.76145,0.19143131,18.541662,0.19042538,0.0021649500498863005,119.06300000000002,51.475807,735.08,1683.0,0.06466424,11.984728,0.0,130.9374647887324,-1.1190913,18.69144,0.14978024,0.9991759,1.4212147e-11
2759.9773037433624,155090666.0,58.274803,559.033278733159,0.958765298128128,0,606,376.3,57.70653,376.3,56.72042,0.19959767,19.347637,0.19166377,0.0021837237450514023,114.8205,58.152252,738.89,2038.0,0.06848971,11.718079,0.0,137.85535211267603,-0.1215426,19.414667,0.067031726,1.0071093,1.5455848e-11
3216.712479829788,155343361.0,49.80233,560.4998550660314,0.9580980092287064,0,607,380.55,57.27455,380.55,56.28059,0.19023845,18.957006,0.19699627,0.002189452558851685,151.30499999999995,49.294754,724.28,2384.0,0.06767009,11.724087,0.0,138.33063583815027,-0.5065664,18.974213,0.017208945,1.0110551,1.6270452e-11
3671.5917558670044,155602359.0,90.0142,562.7866853601289,0.955475389957428,0,608,380.55,58.449974,364.85,58.07413,0.19171867,21.290432,0.19924691,0.0021983854896880034,103.32,91.6247,741.19,2738.0,0.07054448,12.333445,0.0,130.80960451977404,1.6115278,21.034962,-0.25547352,1.0256412,1.5331953e-11
4127.756592035294,155858480.0,73.77207,561.2006443774986,0.9542424865067005,0,609,380.55,57.830082,369.05,57.45964,0.19015579,21.19647,0.19559687,0.002192190017099604,115.3335,74.23745,734.28,3091.0,0.064393386,12.370437,0.0,132.37917847025494,0.4663556,20.784372,-0.41209888,0.9794392,1.4809605e-11
4577.90093421936,156112235.0,53.82489,568.7064703688312,0.9547646380960941,0,610,380.55,57.838947,369.75,57.291176,0.20089525,24.000734,0.19676018,0.002221509649878247,145.0985,54.024708,718.72,3444.0,0.066905275,12.301538,0.0,140.9671388101983,0.2008093,23.397226,-0.60350305,0.9924051,1.6281941e-11
5033.935639858246,156366392.0,90.30405,561.3607842441613,0.9519595317542553,0,611,380.55,57.96815,369.3,57.448807,0.20041458,22.89308,0.19865021,0.002192815563453755,127.5565,91.28842,723.4,3796.0,0.06762137,12.705538,0.0,140.8375,0.9853901,22.397537,-0.4955429,1.0173669,1.5711337e-11
5485.130804777145,156627306.0,74.024925,567.3819666175167,0.9539618901908398,0,612,380.55,56.631638,368.5,55.234497,0.20226933,21.954739,0.19377953,0.0022163358070996747,121.3785,74.79204,731.38,4154.0,0.06559273,12.151164,0.0,137.00782122905028,0.7681412,21.51536,-0.439375,1.026988,1.6532286e-11
5938.246616363525,156878334.0,69.80347,564.9769737757149,0.957811675965786,0,613,380.55,58.589252,373.8,57.319775,0.22011071,22.99571,0.19924644,0.0022069413038113862,152.4,70.09827,718.87,4504.0,0.06773381,12.034113,0.0,158.23600000000002,0.29578254,22.69562,-0.30009422,0.97959304,1.4713902e-11
6409.089969396591,157134996.0,58.144028,543.7052436885988,0.9589734859764576,0,614,380.55,57.67347,378.8,55.953896,0.21908487,21.141327,0.191283,0.0021238486081585893,157.997,58.514435,714.42,4861.0,0.065292686,11.681763,0.0,151.03781512605042,0.3713996,21.190954,0.049628805,0.9910115,1.4754977e-11
6876.115084886551,157393506.0,77.26728,548.1503917223561,0.9540053680539131,0,615,380.55,56.53074,376.95,55.149353,0.20128515,21.245314,0.19937083,0.002141212467665453,165.8025,77.277374,710.83,5217.0,0.06942099,12.123785,0.0,137.95983146067414,0.011095779,21.084429,-0.16088547,1.0025105,1.607129e-11
7347.727756023407,157645562.0,59.770382,542.8183245859228,0.9575985968112946,0,616,380.55,57.3785,378.95,54.959507,0.23234294,20.157866,0.20207301,0.002120384080413761,175.3865,59.134193,711.49,5570.0,0.06858628,11.815152,0.0,165.0031161473088,-0.6351953,20.529264,0.37139282,0.9941089,1.7103827e-11
7818.6364641189575,157909310.0,51.23437,543.6297855593189,0.9591645002365112,0,617,380.55,58.074814,376.7,55.936985,0.23406552,20.498253,0.19323775,0.0021235538498410892,158.4195,50.36192,715.31,5936.0,0.06608505,11.73564,0.0,155.40956284153003,-0.87146413,20.86211,0.36385617,0.98641884,1.4698805e-11
8288.797343969345,158161998.0,71.0935,544.4944719379101,0.9593266099691391,0,618,380.55,57.137684,372.3,54.70755,0.22409004,18.659609,0.19418761,0.0021269315310074614,148.59050000000002,70.315155,718.6,6288.0,0.06480868,11.523325,0.0,158.97897727272726,-0.7773538,19.133276,0.47366667,0.99167645,1.7122932e-11
8759.725766897202,158414030.0,51.847603,543.6070271749509,0.9555288627743721,0,619,380.55,54.492172,365.85,52.021824,0.18860903,16.472399,0.21309951,0.0021234649499021515,147.00300000000001,51.272835,735.45,6631.0,0.070107885,11.491407,0.0,136.20947521865892,-0.57380897,16.775148,0.30274883,0.9579668,1.6683778e-11
9232.414546251297,158673068.0,80.732544,541.5825616800353,0.9529156871140003,0,620,380.55,56.85874,372.5,54.552296,0.2184059,17.078651,0.20364141,0.0021155568815626378,202.02200000000002,79.75791,695.95,6991.0,0.06894881,12.337732,0.0,148.98069444444445,-0.9736823,17.727531,0.64887947,0.9518883,1.6642606e-11
9703.961236000061,158924965.0,76.323975,542.8942786903976,0.961087804287672,0,621,380.8,57.07926,380.8,54.887447,0.20684355,17.446041,0.20404711,0.002120680776134366,154.367,74.96188,718.8,7339.0,0.06907185,11.259555,0.0,147.5272988505747,-1.3610913,17.884392,0.43835437,1.0017323,1.6445472e-11
10173.077938556671,159184870.0,68.158325,545.7064278565257,0.9595061540603638,0,622,380.8,58.015354,372.45,56.361954,0.21061733,17.625797,0.20511138,0.002131665733814554,176.32150000000004,68.167656,710.46,7700.0,0.07015096,11.674479,0.0,143.06925207756234,0.010296585,17.992035,0.366233,0.9675379,1.5665367e-11
10645.82748222351,159444221.0,66.20548,541.5129499953799,0.9624315537512302,0,623,380.8,60.541546,366.8,58.622017,0.24997379,21.011963,0.2006118,0.0021152849609194528,129.821,65.41293,726.49,8063.0,0.067861155,11.734514,0.0,170.15757575757576,-0.79154545,21.529327,0.517365,1.0070304,1.7366232e-11
11118.007779121399,159698286.0,53.947567,542.1657821850231,0.9627689830958843,0,624,380.8,63.02086,377.2,61.943645,0.2602763,24.254936,0.19449615,0.0021178350866602465,195.6405,53.304302,702.42,8423.0,0.06683854,12.1600895,0.0,179.59027777777777,-0.6423063,24.316723,0.061786164,0.96015483,1.7067958e-11
11587.575537919998,159951025.0,52.627586,545.1822345192147,0.9622363895177841,0,625,380.8,62.707745,373.9,62.26187,0.2444082,25.724434,0.19744952,0.0021296181035906827,180.31399999999996,52.431538,699.83,8780.0,0.06632686,12.185909,0.0,170.37843137254904,-0.19507901,25.41004,-0.31439754,0.9682569,1.7903179e-11
12056.744637489319,160209776.0,48.632397,545.645483121114,0.9601686969399452,0,626,380.8,61.52754,375.0,61.160305,0.23452276,26.767143,0.1912179,0.0021314276684418513,142.9485,49.226242,713.08,9144.0,0.06493523,12.2795315,0.0,160.1929945054945,0.59482765,25.886587,-0.88055366,0.980645,1.5748226e-11
12526.171942949295,160462474.0,55.17042,545.3453538437738,0.9639827534556389,0,627,380.8,62.30177,370.9,61.904316,0.23068084,26.22523,0.19766086,0.0021302552884522414,164.22650000000002,55.343864,710.48,9497.0,0.06751666,11.823761,0.0,161.2052407932011,0.17440824,25.700527,-0.5247021,0.96528184,1.7556016e-11
12991.057965517044,160722348.0,55.093925,550.6726112908514,0.964263916015625,0,628,380.8,61.268494,374.05,60.829468,0.23234326,27.081387,0.19701806,0.002151064887854888,150.9635,55.973125,715.35,9862.0,0.06730578,11.5821905,0.0,158.11849315068494,0.88017374,26.158588,-0.9227998,0.9725406,1.6973959e-11
13461.232167482376,160978188.0,119.571945,544.4790440009637,0.9608858153223991,0,629,380.8,62.334797,368.75,62.358444,0.23148288,25.973713,0.19971883,0.0021268712656287644,151.85000000000002,121.29209,712.71,10222.0,0.066902556,12.328143,0.0,157.13777777777776,1.7210763,25.524559,-0.44915333,0.92640376,1.6131608e-11
13925.78485250473,161234904.0,58.830765,551.0677437752435,0.9570640325546265,0,630,380.8,61.00461,371.8,60.931496,0.22166933,26.615156,0.20450631,0.0021526083741220444,152.662,59.158535,722.45,10581.0,0.06860242,12.640762,0.0,152.82980501392757,0.3287109,25.750797,-0.86436236,0.9414843,1.6870774e-11
14400.195984125137,161497319.0,48.94922,539.6163431612615,0.9628751054406166,0,631,380.8,60.172146,374.05,58.597557,0.24583769,24.57492,0.20112564,0.0021078763404736777,182.94549999999998,48.518867,700.0,10953.0,0.06832088,11.593862,0.0,162.12163978494624,-0.42940673,24.399395,-0.17552476,0.94588965,1.6603465e-11
14865.291451454163,161743992.0,83.4147,550.42462888355,0.9627971947193146,0,632,380.8,60.262444,373.3,58.516506,0.24689303,22.605349,0.18849342,0.0021500962065763673,150.58550000000002,83.64626,719.1,11304.0,0.06529241,11.623437,0.0,178.74501424501423,0.23258239,22.953857,0.3485148,1.0218145,1.6994364e-11
15334.745354175568,162005232.0,71.91584,545.3144568955088,0.9632268659770489,0,633,380.8,62.715736,375.0,61.514194,0.27098933,23.446066,0.20250736,0.0021301345972480814,214.2885,71.93615,685.23,11677.0,0.06942295,12.026571,0.0,178.66058981233243,0.02131041,24.105766,0.6596944,1.003145,1.8123412e-11
15805.50788640976,162262302.0,63.614185,543.7985873366973,0.964486014097929,0,634,380.8,63.287636,378.3,61.84304,0.28461605,24.440811,0.19226083,0.002124213231783974,195.35150000000002,62.23268,697.08,12046.0,0.064513125,11.926653,0.0,191.42560975609754,-1.3805492,25.314892,0.8740855,0.9531334,1.645405e-11
16266.301252126694,162512705.0,50.819523,555.563554179426,0.9652192667126656,0,635,380.8,63.596535,376.35,62.293106,0.2830284,24.162413,0.22114022,0.0021701701335133826,191.98550000000003,49.974895,704.93,12405.0,0.075372316,11.860495,0.0,198.8534818941504,-0.84369606,24.93747,0.7750594,0.93053305,1.7881445e-11
16726.30447125435,162770134.0,86.26085,556.5178445609045,0.9623264744877815,0,636,380.8,62.945408,376.45,62.591476,0.24833569,23.43354,0.20953578,0.002173897830316033,150.75799999999998,85.75034,719.02,12768.0,0.070429966,12.217496,0.0,168.60702479338843,-0.5095791,23.804443,0.37089917,0.92557883,1.6346697e-11
17193.383661031723,163027972.0,83.52325,548.086931729967,0.9632299356162548,0,637,380.8,63.980244,378.6,62.909397,0.28500772,25.277985,0.18738091,0.0021409645770701833,211.09800000000004,83.14248,690.33,13136.0,0.06206668,12.268546,0.0,191.62119565217392,-0.37977105,25.85346,0.57547766,0.9994884,1.7669116e-11
17663.916143655777,163283903.0,88.39236,544.0644577231852,0.9614829085767269,0,638,380.8,61.767937,373.7,60.221867,0.26578856,21.419586,0.20089227,0.0021252517879811923,188.769,86.74435,696.57,13500.0,0.06738041,12.122434,0.0,182.4993131868132,-1.6470257,22.310637,0.8910505,0.9871157,1.74976e-11
18134.108090877533,163541075.0,49.525375,544.4584951159596,0.9656605273485184,0,639,380.8,63.58958,373.05,62.99482,0.2667484,24.143589,0.2020724,0.0021267909965467175,192.75350000000003,48.727123,696.55,13865.0,0.068352535,11.783729,0.0,180.17027397260276,-0.79730725,24.780664,0.63707024,0.9463592,1.6894958e-11
18592.834153175354,163798698.0,57.97651,558.067267243682,0.9617860987782478,0,640,380.8,64.965805,375.45,65.369705,0.2639292,27.283026,0.19564122,0.0021799502626706326,149.04149999999998,57.965973,713.38,14232.0,0.06526834,12.6997595,0.0,178.49550408719347,-0.009565987,27.382614,0.099585205,0.9688667,1.735071e-11
19057.175889253616,164048960.0,82.35669,551.3180920632398,0.9646244905889034,0,641,380.8,64.24723,371.7,63.655174,0.27335614,27.130203,0.20419876,0.0021535862971220304,207.275,81.80259,685.49,14590.0,0.06852542,12.083863,0.0,190.51997206703913,-0.5531787,27.316473,0.18627077,0.91940224,1.7443384e-11
19526.089996099472,164305412.0,69.84408,545.9422019140786,0.9696256015449762,0,642,380.8,65.91215,376.05,64.47701,0.32758892,28.78576,0.2096607,0.0021325867262268696,217.17350000000002,68.31345,685.0,14963.0,0.07021623,11.487335,0.0,219.48257372654155,-1.5296994,29.437214,0.6514481,0.9240766,1.7369942e-11
19990.208028554916,164565640.0,99.807655,551.5838258763974,0.9677146747708321,0,643,380.8,65.62235,373.95,64.42395,0.30825472,27.251509,0.18866257,0.0021546243198296774,175.5415,100.88616,712.09,15339.0,0.060515724,11.791101,0.0,205.2139627659575,1.0794692,27.850082,0.59857845,0.9653546,1.734822e-11
20447.63261604309,164821559.0,76.65645,559.6550928881107,0.9681438580155373,0,644,380.8,64.04571,374.0,62.99271,0.270158,25.01552,0.2070516,0.0021861527065941827,160.5855,76.29056,713.39,15702.0,0.069610894,11.431062,0.0,185.0085399449036,-0.36494166,25.389864,0.3743403,0.9476645,1.7315031e-11
20916.251774787903,165073538.0,92.23462,546.2858170069089,0.964054498821497,0,645,380.8,62.160492,372.95,60.57551,0.2745342,26.713629,0.2091925,0.002133928972683238,192.27849999999998,91.935234,692.02,16064.0,0.06880411,11.785193,0.0,189.91491712707182,-0.29844123,26.675325,-0.038301405,0.94731325,1.7606961e-11
21384.659775733948,165333066.0,75.14058,546.5320820373609,0.9614062160253525,0,646,380.8,62.82945,372.75,60.215813,0.32475972,31.27467,0.20506436,0.0021348909454584407,184.13249999999996,75.41844,684.17,16445.0,0.06748955,12.343034,0.0,211.5017060367454,0.27879193,30.821775,-0.45289233,0.9297517,1.6430897e-11
21839.017686605453,165590639.0,79.36525,563.4324700299933,0.9662308357656002,0,647,380.8,61.56293,375.95,59.336006,0.27660593,26.284094,0.20495024,0.002200908086054661,218.78,80.20244,677.2,16817.0,0.069569886,11.313044,0.0,185.9157258064516,0.8381345,26.032955,-0.25113857,0.94461554,1.6901572e-11
22305.73974919319,165845130.0,77.85797,548.5063178299507,0.9623344130814075,0,648,380.8,61.85193,375.35,60.329597,0.26605865,26.51795,0.20899083,0.002142602804023245,172.99550000000002,77.90641,704.91,17179.0,0.071392976,12.003989,0.0,181.8631215469613,0.04933049,26.365568,-0.15237895,0.89074624,1.5398861e-11
22773.67071533203,166100651.0,82.67658,547.0892471861806,0.9665014520287514,0,649,380.8,63.79021,374.6,61.778633,0.31431738,29.933382,0.19507296,0.002137067371821018,227.2595,83.33775,676.19,17553.0,0.06568706,11.675273,0.0,210.1691176470588,0.6621142,29.963856,0.030472204,0.9455608,1.629206e-11
23235.705732584,166354462.0,60.75849,554.0705583801926,0.9677845165133476,0,650,380.8,62.740856,376.65,60.869442,0.28848055,26.365715,0.20659667,0.002164338118672627,172.34199999999998,60.28397,695.89,17921.0,0.0707727,11.26115,0.0,196.4960597826087,-0.4736272,26.646059,0.28034043,0.8958596,1.6729616e-11
23704.895369768143,166613103.0,66.452675,545.621598840913,0.961858943104744,0,651,380.8,61.45755,377.95,59.273125,0.28318414,25.392794,0.18509609,0.0021313343704723164,204.9655,65.91417,683.79,18295.0,0.06346329,12.002497,0.0,187.88542780748662,-0.5375331,25.77728,0.38448885,0.9739065,1.7737844e-11
24172.207373857498,166866940.0,55.57761,547.8138754403789,0.9616538062691689,0,652,380.8,62.109444,377.5,60.4848,0.27398264,25.649933,0.19868642,0.00213989795093898,179.43099999999998,55.24876,682.45,18662.0,0.0658306,12.162386,0.0,184.94713896457768,-0.3279338,25.93289,0.28295255,0.9160358,1.7011427e-11
24640.173313379288,167118996.0,90.08984,547.0483605315469,0.9649863727390766,0,653,380.8,63.185745,375.2,62.327923,0.27039465,26.717735,0.19390996,0.002136907658326355,195.912,91.352936,681.7,19029.0,0.06529081,11.823272,0.0,186.22343324250681,1.2640734,26.71444,-0.0032896872,0.9775702,1.6179882e-11
25108.973210334778,167380492.0,86.646095,546.0752053542062,0.9602379202842712,0,654,380.8,61.87317,374.05,60.100212,0.28237593,26.301615,0.20327312,0.0021331062709148683,168.2525,87.47264,703.93,19407.0,0.06631462,12.337777,0.0,183.83333333333334,0.82749647,26.495846,0.19423012,0.9520619,1.826975e-11
25576.580169439316,167634295.0,61.360016,547.468327867141,0.964276272803545,0,655,382.95,63.031174,382.95,61.79041,0.2764818,28.17255,0.19929677,0.0021385481557310198,205.00900000000001,61.849106,681.61,19775.0,0.06793242,11.913348,0.0,188.8209239130435,0.49000648,27.975485,-0.19706586,0.91723096,1.5676464e-11
26040.762006521225,167890377.0,76.49545,551.5080073131479,0.96276980265975,0,656,382.95,62.667297,380.05,62.162685,0.2556019,28.50348,0.20945914,0.002154328153566984,189.22299999999998,75.77119,692.96,20142.0,0.06975456,12.091736,0.0,170.54468664850134,-0.72333235,28.038155,-0.4653238,0.93081796,1.794994e-11
26506.290657520294,168145131.0,65.47886,549.912447817335,0.965821947902441,0,657,382.95,64.972206,372.2,64.44541,0.28227,27.24419,0.20631047,0.0021480954992864646,180.40849999999998,65.43344,694.53,20511.0,0.06865787,12.011611,0.0,190.62276422764225,-0.04447812,27.71656,0.47237363,0.93838394,1.7996786e-11
26973.552950143814,168405726.0,60.728077,547.8721566909379,0.9640028439462185,0,658,382.95,63.890022,373.1,63.00542,0.2855926,29.087835,0.19958001,0.0021401256120739762,184.91200000000003,60.720688,686.64,20890.0,0.066215865,12.1218,0.0,187.24907651715037,-0.0064593507,28.813332,-0.2745006,0.9283583,1.6515393e-11
27433.00582075119,168657040.0,83.99902,557.1844608601084,0.9656555876135826,0,659,382.95,61.944355,381.6,60.455338,0.26579547,27.369677,0.19703105,0.0021765018002347985,155.03199999999998,85.524765,695.44,21258.0,0.06699155,11.479679,0.0,181.25557065217387,1.5267103,27.064432,-0.30524504,0.97175413,1.7916255e-11
27894.99381017685,168914713.0,45.26008,554.126959703558,0.9677389301359653,0,660,382.95,62.54511,377.6,60.657803,0.2831626,27.647999,0.20668602,0.0021645584363420233,195.66549999999998,45.16853,674.12,21632.0,0.071188994,11.233956,0.0,188.23355614973264,-0.09063638,27.680351,0.03235358,0.9142428,1.6112474e-11
28357.395763874054,169169031.0,109.77124,553.6308788341255,0.9634985849261284,0,661,382.95,61.81955,378.9,60.099907,0.27700323,25.993677,0.20455652,0.002162620620445803,163.572,109.89532,701.53,22001.0,0.07082393,11.810837,0.0,186.45826558265586,0.12503384,26.214357,0.22068109,0.95582,1.7063443e-11
28821.689427137375,169429416.0,71.90807,551.3751753592454,0.9642032571136951,0,662,382.95,64.46417,380.4,62.672813,0.31850156,30.358383,0.2092014,0.0021538092787470524,238.6205,71.85042,662.6,22382.0,0.06780073,12.196639,0.0,205.60236220472441,-0.056721482,30.515423,0.15703876,0.9311688,1.74681e-11
29281.093210697174,169682278.0,76.49434,557.2439957205473,0.967060387134552,0,663,382.95,63.08378,378.8,60.718403,0.3084515,25.188868,0.2047185,0.0021767343582833882,207.5865,75.95817,665.14,22758.0,0.06951179,11.449247,0.0,208.35226063829788,-0.5352257,26.07603,0.88716346,0.9471044,1.7756623e-11
29738.394102811813,169944146.0,63.25584,559.8064740617741,0.9677115082740784,0,664,382.95,63.81955,376.85,62.306515,0.2936795,26.353268,0.19889842,0.0021867440393038055,211.74149999999997,62.55912,670.62,23143.0,0.06654734,11.467734,0.0,189.062987012987,-0.69576436,26.818748,0.46548146,0.9573389,1.743223e-11
30196.392897844315,170193418.0,62.050316,558.953435634767,0.966573990881443,0,665,382.95,62.644444,373.95,60.636723,0.2888984,25.879639,0.20105581,0.0021834118579483084,188.34400000000002,61.12317,684.11,23507.0,0.06688118,11.453146,0.0,200.07486263736263,-0.92622083,26.277737,0.3981044,0.9271282,1.7912324e-11
30663.945318698883,170455754.0,62.984207,547.532188010269,0.965243186801672,0,666,382.95,63.28406,378.7,61.630863,0.29294035,28.909613,0.20417023,0.0021387976094151134,195.407,62.86642,683.57,23886.0,0.068173625,11.798161,0.0,189.2552770448549,-0.11683856,28.897575,-0.012042369,0.9481462,1.7436228e-11
31125.82658100128,170705520.0,66.983925,554.2550020840508,0.9670841172337532,0,667,382.95,63.25047,380.0,60.780388,0.30458412,24.497011,0.20149082,0.0021650586018908233,210.643,66.311485,669.82,24255.0,0.06800463,11.475366,0.0,209.4386178861789,-0.67148817,25.355282,0.85827297,0.94852966,1.8398031e-11
31586.355845212936,170959780.0,49.59536,555.8821553679702,0.9715074133127928,0,668,382.95,65.43435,375.15,63.508415,0.32160753,29.901537,0.20928822,0.0021714146694061334,215.395,48.8635,668.46,24629.0,0.070295624,11.045153,0.0,214.02967914438503,-0.73091567,30.077139,0.17560108,0.94719213,1.821157e-11
32049.71679186821,171216370.0,53.221695,552.4850591054586,0.9695287384092808,0,669,382.95,65.752914,377.25,63.315712,0.3536549,32.79229,0.20866735,0.002158144762130698,225.76050000000004,52.724533,666.23,25011.0,0.072317034,11.477841,0.0,231.47015706806283,-0.4962439,32.666183,-0.12611018,0.91848946,1.8072231e-11
32504.397647857666,171473930.0,58.71597,563.0322821551487,0.9673136174678802,0,670,382.95,65.16245,375.6,63.242363,0.3276113,31.428324,0.20462698,0.0021993448521685495,209.80200000000005,58.712357,662.54,25394.0,0.070498146,11.780965,0.0,213.6812010443864,-0.002656433,31.139347,-0.28897727,0.9546952,1.7857668e-11
32960.6503777504,171733473.0,40.021095,561.0925332111175,0.971387317404151,0,671,385.25,68.445625,385.25,67.085365,0.35502544,31.412619,0.2049519,0.0021917677078559274,240.528,39.201687,667.07,25782.0,0.06936555,11.577772,0.0,229.26365979381444,-0.81848085,31.941301,0.528685,0.9263235,1.7805764e-11
33420.7786359787,171988488.0,60.802124,556.3666117480235,0.9685736782848835,0,672,385.25,67.41349,377.1,66.10965,0.34036437,30.162695,0.20849523,0.0021733070771407167,213.58450000000002,60.348267,678.73,26164.0,0.06895433,11.9507065,0.0,222.77971204188484,-0.4529545,30.723421,0.5607277,0.9036753,1.6587499e-11
33874.05120301247,172241663.0,119.59208,564.7815875451572,0.9683857262134552,0,673,385.25,65.28379,374.3,63.420532,0.31919652,28.126451,0.20415837,0.00220617807634827,218.40150000000003,120.315056,677.04,26538.0,0.06704588,11.60772,0.0,213.62700534759358,0.7239179,28.658392,0.5319382,0.9390742,1.7746131e-11
34340.808790922165,172501660.0,90.261314,548.4645705417588,0.9664435498416424,0,674,385.25,66.6271,377.15,64.90205,0.34937784,31.170973,0.20265394,0.0021424397286787453,263.74199999999996,89.444046,651.38,26924.0,0.06671083,12.205031,0.0,225.28898963730566,-0.8163401,31.420603,0.24963546,0.9263801,1.8818315e-11
34798.646879434586,172755841.0,83.978065,559.1496348234797,0.972084354609251,0,675,385.25,68.245605,376.45,66.81803,0.3481128,30.985369,0.19423717,0.0021841782610292175,230.00199999999998,83.70513,658.67,27307.0,0.06629776,11.40246,0.0,228.00835509138383,-0.27198228,31.373722,0.38834947,0.9549552,1.7281749e-11
35257.49242019653,173013636.0,46.601913,557.921952504742,0.9685656689107418,0,676,385.25,67.15671,374.45,66.16413,0.32554808,31.508318,0.2016714,0.0021793826269716483,214.8555,45.472458,674.97,27685.0,0.06750018,11.906703,0.0,212.73425925925926,-1.1285207,31.60562,0.09729854,0.93629223,1.7768863e-11
35714.89594960213,173269048.0,74.36376,559.6808584592203,0.9708245769143105,0,677,385.25,67.40069,378.5,66.709305,0.32434136,33.917313,0.22930521,0.0021862533533563294,214.303,74.81358,679.94,28064.0,0.07856178,11.512587,0.0,214.59300791556728,0.4507,33.589657,-0.32765797,0.88098186,1.692818e-11
36169.799879312515,173526252.0,76.59969,562.7561849443263,0.966471828520298,0,678,385.25,66.457054,378.5,65.59706,0.3340203,34.86004,0.20341894,0.0021982663474387743,209.03350000000003,77.72736,675.25,28450.0,0.070261,12.168752,0.0,217.92331606217616,1.128626,34.277447,-0.58259666,0.95880276,1.9477482e-11
36624.65848207474,173774261.0,61.738655,562.8122639549684,0.9686047732830048,0,679,385.25,67.47324,376.3,66.63744,0.34446758,36.63158,0.2020639,0.0021984854060740954,239.79949999999997,61.757637,651.11,28824.0,0.06743807,11.9553795,0.0,232.04304812834224,0.019864075,36.239758,-0.39181903,0.8806018,1.6277119e-11
37076.297139167786,174039208.0,42.311165,566.8248188667739,0.972077090293169,0,680,385.25,66.60515,380.0,65.43358,0.3330291,35.23955,0.21141802,0.0022141594486983357,196.04199999999997,43.002953,679.61,29220.0,0.071675174,11.129821,0.0,208.11351010101012,0.69267625,34.71628,-0.5232663,0.8894113,1.7260466e-11
37533.74656009674,174292799.0,96.17014,559.6247110339189,0.9723785202950239,0,681,385.25,69.063416,380.55,68.77297,0.33916858,34.424168,0.21123514,0.0021860340274762456,222.97199999999998,97.05152,663.12,29602.0,0.07199974,11.478142,0.0,222.97513089005236,0.8823009,34.340107,-0.084057264,0.9224577,1.7251287e-11
37997.1285097599,174553124.0,62.920536,552.4600174566347,0.971794443204999,0,682,385.25,66.2137,380.5,65.07534,0.33349946,34.6973,0.20917818,0.002158046943189979,213.33999999999997,63.131226,677.57,29991.0,0.06908969,11.120267,0.0,213.73059125964005,0.21160015,34.35161,-0.34568712,0.91067076,1.8576522e-11
38459.744282484055,174804736.0,73.549614,553.3749930153108,0.9694759845733643,0,683,385.25,67.36525,379.2,66.83581,0.3246288,34.623825,0.20822811,0.0021616210664660578,210.95649999999998,73.8806,686.29,30364.0,0.069051795,11.769466,0.0,216.81621983914212,0.3319082,34.41061,-0.2132135,0.924578,1.7959646e-11
38909.45537137985,175061760.0,70.98129,569.254364237653,0.9700942058116198,0,684,385.25,67.69558,384.4,67.27177,0.33272952,35.09298,0.20340452,0.0022236498603033323,205.248,71.6646,671.05,30751.0,0.06895032,11.706795,0.0,214.60167958656334,0.6842501,34.86886,-0.22411661,0.94781286,1.731495e-11
39380.91299057007,175317078.0,92.40491,542.9968454846697,0.9700823929160833,0,685,385.25,70.882805,380.75,71.57315,0.3529574,39.639645,0.20821518,0.002121081427674491,243.7915,93.98503,652.09,31137.0,0.06718375,12.260391,0.0,228.1681347150259,1.5810584,39.05743,-0.5822149,0.93298167,1.809573e-11
39838.48172593117,175568698.0,81.44679,559.4787847512629,0.969850204885006,0,686,385.25,69.483475,377.9,69.58152,0.35037178,37.382034,0.2056787,0.0021854640029346207,206.76699999999997,81.90651,674.8,31519.0,0.06827167,12.064899,0.0,231.3803664921466,0.46063292,37.13265,-0.2493818,0.9163703,1.8301907e-11
40293.94338583946,175828089.0,51.520126,562.0670685026365,0.9693081974983215,0,687,385.25,70.6045,379.4,71.39494,0.35038134,39.63277,0.23599532,0.002195574486338424,205.46249999999998,50.963867,668.93,31908.0,0.08133926,12.369256,0.0,225.6271208226221,-0.5553895,38.94432,-0.6884546,0.8685874,1.7406205e-11
40754.915999650955,176084728.0,86.74001,555.3475246247209,0.9648948460817337,0,688,385.25,68.89491,381.9,70.27889,0.3078172,36.995728,0.20150466,0.0021693262680653157,181.66450000000003,87.94858,683.05,32290.0,0.06548825,12.908405,0.0,200.8701570680628,1.2095233,36.256645,-0.7390843,0.9552916,1.810398e-11
41214.55827522278,176339283.0,75.27799,556.9548616508791,0.9670583084225655,0,689,385.25,64.76467,383.4,63.795372,0.31505188,33.939423,0.21847963,0.0021756049283237467,238.61350000000002,76.214424,651.71,32671.0,0.07138091,11.754687,0.0,206.54921259842519,0.9373459,33.721226,-0.21819665,0.91442347,1.7710135e-11
41676.20497894287,176595260.0,74.922745,554.5366141187023,0.9640907794237137,0,690,385.25,64.928375,383.35,64.00984,0.32517758,36.2795,0.20532756,0.002166158648901181,213.322,76.61371,668.85,33055.0,0.067165524,12.303751,0.0,212.02083333333334,1.691875,35.57804,-0.7014589,0.90998155,1.7653155e-11
42131.741666555405,176850294.0,94.67462,561.9744950548226,0.9661576896905899,0,691,385.25,63.33978,380.5,61.613518,0.3115994,33.382175,0.2124164,0.0021952128713079006,228.68200000000002,95.17695,667.65,33433.0,0.06923311,11.652163,0.0,204.98492063492068,0.50323087,33.06101,-0.32117152,0.90696377,1.8347265e-11
42580.919268369675,177108958.0,68.59178,569.930466180843,0.9672832190990448,0,692,385.25,67.00046,381.05,66.33112,0.3371331,35.991993,0.21224447,0.0022262908835189183,220.52750000000003,68.713165,675.03,33820.0,0.07034503,12.118896,0.0,216.89560723514214,0.122276425,35.625652,-0.36633858,0.895715,1.8277591e-11
43032.175614356995,177364639.0,63.767513,567.3050413061525,0.9647773243486881,0,693,385.25,63.727192,381.95,62.52673,0.30491042,29.261532,0.22663769,0.0022160353176021584,205.488,63.197407,661.9,34201.0,0.07561215,11.960132,0.0,200.44960629921258,-0.56925625,29.571081,0.30954382,0.8509082,1.827145e-11
43490.78803753853,177621768.0,72.303406,558.2055501768796,0.9725439269095659,0,694,385.25,68.521965,377.6,67.65897,0.3623571,32.06889,0.22585759,0.002180490430378436,225.89849999999998,72.014,656.57,34596.0,0.07616823,11.354003,0.0,228.0012658227848,-0.28851303,33.220306,1.1514117,0.89621586,1.914403e-11
43950.46810626984,177875188.0,81.6998,556.9090709252331,0.9694419894367456,0,695,385.25,67.181854,383.5,66.08611,0.34042773,30.536564,0.21546826,0.0021754260583016914,211.29050000000004,80.735466,671.83,34976.0,0.0695477,11.743958,0.0,224.87223684210525,-0.9634283,31.296614,0.76004934,0.9050796,1.7867787e-11
44406.46069288254,178134250.0,74.99922,561.4126358975969,0.9665688015520573,0,696,385.25,69.4312,377.75,69.67131,0.3540873,36.58343,0.21943256,0.0021930181089749885,226.24950000000004,74.98643,644.81,35372.0,0.07094231,12.694939,0.0,225.75871212121214,-0.011901733,36.42809,-0.15533432,0.8925312,1.9374979e-11
44873.6263923645,178387058.0,86.455734,547.9854370384558,0.9679630436003208,0,697,385.25,65.00585,385.15,64.027534,0.30228984,29.607512,0.21425147,0.002140568113431468,184.96550000000002,86.00384,675.16,35749.0,0.06974161,11.635314,0.0,199.25026525198942,-0.4509672,29.956497,0.3489898,0.9294735,1.6815669e-11
45329.69633436203,178645558.0,58.083054,561.3174130238724,0.9724746067076921,0,698,385.25,69.01216,378.8,68.10945,0.36104238,34.602238,0.22284126,0.0021926461446245015,240.11350000000002,57.16655,653.29,36141.0,0.07293667,11.449655,0.0,228.7327806122449,-0.9156114,35.07339,0.47114617,0.8909566,1.775492e-11
45791.45389032364,178899607.0,49.24911,554.4034887894377,0.9690776225179434,0,699,385.25,66.79889,381.35,65.681,0.34299898,33.304676,0.22379808,0.002165638628083741,230.39100000000002,47.505936,655.91,36528.0,0.073906556,11.746424,0.0,223.77093023255816,-1.7422755,33.40615,0.10147268,0.90125597,1.8869193e-11
46254.761694431305,179159635.0,60.474037,552.5484305041175,0.9729929938912392,0,700,385.25,68.52259,379.1,66.72899,0.38440302,33.635952,0.21045162,0.002158392306656709,220.1085,60.577095,658.52,36925.0,0.06841882,11.260872,0.0,239.94836272040303,0.10398599,34.4685,0.8325439,0.92644054,1.8712972e-11
46717.06882238388,179416607.0,55.662617,553.7444363744721,0.9711985997855663,0,701,385.25,70.48391,380.3,69.99844,0.38329345,37.474743,0.22306503,0.0021630642045877817,249.76199999999997,55.61561,651.24,37322.0,0.07324432,11.961807,0.0,241.33476070528968,-0.046113014,37.68671,0.21197012,0.8962212,1.7886092e-11
47177.716336250305,179666131.0,93.22838,555.7394586834417,0.9689621776342392,0,702,388.0,68.05459,388.0,66.798676,0.36684304,37.166664,0.22371681,0.0021708572604821944,273.4515,94.04675,632.22,37706.0,0.07340137,11.989554,0.0,242.11770833333333,0.81926614,36.67536,-0.49130738,0.8944165,1.695772e-11
47640.93966627121,179922010.0,59.208954,552.6491940473877,0.9726086221635342,0,703,388.0,69.429665,382.5,68.830765,0.3629817,39.015396,0.21685608,0.0021587859142476085,242.15200000000002,59.424637,648.86,38099.0,0.071120314,11.490846,0.0,230.75076335877858,0.21654755,38.360653,-0.6547479,0.86633605,1.708636e-11
48111.61121678352,180181716.0,60.44981,543.9037046563587,0.9708705302327871,0,704,388.0,69.38162,380.65,68.772995,0.37117875,38.478077,0.22385693,0.0021246238463139013,219.612,60.294678,649.16,38498.0,0.07313454,11.84161,0.0,231.84085213032583,-0.15425183,38.089733,-0.3883379,0.880349,1.7996197e-11
48576.78519201279,180432944.0,77.87316,550.3317331409805,0.9697030130773783,0,705,388.0,68.58545,377.9,67.775734,0.36113778,36.998993,0.21069053,0.002149733332581955,226.36950000000002,78.44731,649.63,38886.0,0.07148806,11.938003,0.0,234.30953608247424,0.5750256,36.776947,-0.2220542,0.8779834,1.6676922e-11
49038.476284980774,180691441.0,72.46286,554.4832982466712,0.9698459524661303,0,706,388.0,68.71837,384.0,67.82652,0.37057918,38.215084,0.21943685,0.00216595038377606,276.519,73.496185,643.48,39280.0,0.07232141,11.93289,0.0,235.00076142131977,1.0342214,37.88952,-0.3255714,0.898918,1.8173572e-11
49496.684715509415,180951052.0,59.503998,558.6977081688559,0.9683441519737244,0,707,388.0,67.50163,385.2,65.91759,0.37778926,35.3719,0.21655442,0.0021824129225345933,218.8375,58.86758,667.26,39676.0,0.071275644,12.009951,0.0,239.32853535353536,-0.635514,35.58778,0.21588245,0.9036282,1.827576e-11
49966.52310585976,181209386.0,76.815315,544.8682041693313,0.9697908516973257,0,708,388.0,67.16941,383.85,65.12787,0.37208715,32.557064,0.21404806,0.00212839142253645,235.1415,76.71614,643.38,40073.0,0.06773158,11.674567,0.0,234.8578085642317,-0.09830878,33.253773,0.69670975,0.86318004,1.773088e-11
50428.24000239372,181464080.0,97.20715,554.4523103264154,0.9680635221302509,0,709,388.0,69.04509,383.75,68.27499,0.36432818,33.57201,0.20508362,0.00216582933721256,215.67149999999998,97.38547,655.83,40463.0,0.069043435,12.338896,0.0,234.36115384615385,0.17922048,34.20608,0.6340729,0.90609413,1.8940533e-11
50896.4674115181,181717139.0,68.173904,546.742875387714,0.9740926418453455,0,710,388.0,70.77849,378.6,70.43798,0.36346635,32.049923,0.21148664,0.0021357143569832576,231.33500000000004,67.41088,652.36,40850.0,0.07056152,11.392338,0.0,234.3357881136951,-0.76209474,33.213577,1.1636611,0.92722714,1.8093289e-11
51359.81818127632,181972086.0,52.323257,552.4971937212499,0.9713534079492092,0,711,388.0,71.04144,382.4,71.14957,0.36768937,35.867317,0.22190468,0.002158192162973632,233.01950000000005,52.077477,643.75,41242.0,0.07317032,12.023979,0.0,235.52270408163264,-0.24489923,36.31538,0.44806033,0.88166964,1.6042933e-11
51821.47192144394,182229659.0,66.01476,554.5281619662633,0.974812401458621,0,712,388.0,70.897514,378.65,70.18544,0.38487446,35.711098,0.23215958,0.002166125632680716,238.115,64.998856,647.13,41641.0,0.076553345,11.251863,0.0,240.76804511278195,-1.0150359,36.202312,0.49121222,0.87459725,1.634216e-11
52290.75043511391,182485138.0,42.39193,545.5182637661495,0.9750621244311333,0,713,388.0,71.06222,384.05,70.36473,0.38856137,37.77905,0.21519348,0.0021309307178365216,228.53599999999997,42.653465,655.56,42038.0,0.0715449,11.221954,0.0,244.47770780856422,0.26240104,38.096725,0.31767824,0.86611265,1.7087772e-11
52755.576573848724,182742822.0,90.817955,550.7435547768271,0.9713812973350286,0,714,388.0,71.18885,384.8,71.11488,0.3788338,38.950176,0.22248502,0.002151342010846981,263.23350000000005,91.31115,653.11,42433.0,0.07112818,12.043062,0.0,242.21873417721523,0.49409705,38.74488,-0.20529266,0.90093696,1.9721528e-11
53221.49956679344,182996095.0,89.47674,549.44701995073,0.9712918810546398,0,715,388.0,69.93329,381.2,69.69974,0.3614731,38.379173,0.22404686,0.0021462774216825394,232.91,89.687386,651.99,42823.0,0.07186261,11.849126,0.0,230.3253846153846,0.21154046,38.06653,-0.31265104,0.89124787,1.9040236e-11
53682.64080166817,183248418.0,73.86133,555.1444560570376,0.9717442728579044,0,716,388.0,68.7397,386.45,67.87495,0.36423877,36.011433,0.21384697,0.002168533031472803,230.63949999999997,74.77943,646.86,43211.0,0.06943391,11.554758,0.0,236.81662371134018,0.9189815,36.087982,0.07654697,0.8799216,1.7018428e-11
54145.460782289505,183503506.0,47.974915,553.1308299531902,0.9742066133767366,0,717,388.0,71.22637,382.8,71.22096,0.36884177,37.11694,0.21517625,0.002160667304504649,238.593,47.96277,637.28,43607.0,0.07155688,11.439183,0.0,232.47386363636366,-0.0112324525,37.226795,0.10985879,0.9140427,1.6960211e-11
54609.51978611946,183766032.0,50.84406,551.6539877196423,0.9755915887653828,0,718,388.0,71.12097,380.1,70.10656,0.4053226,38.073563,0.21539293,0.0021548983895298525,243.49099999999999,50.29836,642.42,44014.0,0.06961485,11.111366,0.0,247.29570024570026,-0.54478246,38.508873,0.4353065,0.91798806,1.8009027e-11
55076.21743440628,184023699.0,74.07076,548.5350117784812,0.9761762227863073,0,719,388.0,72.05608,379.0,71.94902,0.39544243,37.355793,0.2263925,0.002142714889759692,264.36650000000003,73.70932,644.24,44412.0,0.07277878,11.121821,0.0,251.21582914572863,-0.3605509,37.77371,0.417922,0.8886238,1.7573484e-11
55539.11193919182,184278933.0,53.89638,553.0417781014847,0.9729831703007221,0,720,388.0,70.21897,382.0,69.894615,0.37525687,38.62942,0.23293018,0.0021603194457089246,237.945,54.192837,642.52,44802.0,0.07665732,11.54175,0.0,241.1957692307692,0.29733247,38.47669,-0.15273184,0.8788289,1.803127e-11
56004.47628688812,184532445.0,60.42771,550.1066019932085,0.9728937093168497,0,721,388.0,69.30652,379.25,68.83637,0.3617428,37.3522,0.21941438,0.002148853914035971,218.43650000000005,61.216152,664.05,45188.0,0.07236564,11.410617,0.0,234.18134715025906,0.7893568,37.180046,-0.17214496,0.91458595,1.8755025e-11
56479.823001623154,184791713.0,60.155903,538.5542637918517,0.9735345859080553,0,722,388.0,69.58081,384.3,67.96422,0.39466506,33.3574,0.22830008,0.0021037275929369206,245.8175,58.402546,644.56,45589.0,0.07351674,11.319542,0.0,247.1017456359102,-1.7524529,34.477863,1.1204655,0.90443814,1.8951344e-11
56955.70520853996,185048434.0,64.01243,537.9482491236585,0.9747342932969332,0,723,388.0,69.95232,381.95,68.39498,0.39521807,33.205845,0.22679453,0.002101360348139291,248.90650000000002,62.936577,642.17,45989.0,0.07284406,11.119053,0.0,247.95862499999998,-1.0749612,34.313507,1.1076641,0.89190954,1.9168951e-11
57416.59540224075,185298653.0,61.72559,555.44683635902,0.9761794563382864,0,724,388.0,71.43423,379.35,70.4489,0.40421355,36.561417,0.24726894,0.002169714204527422,264.7235,61.332516,622.3,46383.0,0.081176266,11.025091,0.0,256.34403553299495,-0.39221662,37.500725,0.9393019,0.8589141,1.8390725e-11
57873.52971792221,185553750.0,84.98145,560.2555798817815,0.9754299037158489,0,725,388.0,71.14937,384.8,70.285965,0.41664538,43.5104,0.23724183,0.002188498358913209,266.70300000000003,86.02796,619.36,46784.0,0.07633155,11.152557,0.0,262.56932668329176,1.047368,42.899014,-0.6113794,0.85811245,1.9186644e-11
58336.36167025566,185807726.0,51.800648,553.1165225506365,0.9754844531416893,0,726,388.0,70.14481,379.5,68.85567,0.40336743,39.60569,0.22387674,0.0021606114162134238,257.8315,51.122353,628.31,47186.0,0.07308208,10.9828825,0.0,252.23519900497513,-0.6774159,39.686047,0.08034699,0.87967056,1.7423677e-11
58808.406554460526,186070137.0,66.464516,542.3213100407156,0.9753208160400391,0,727,388.0,71.249,380.95,70.01455,0.42028415,38.942722,0.2419655,0.0021184426173465453,242.61550000000003,65.84401,647.6,47596.0,0.079871446,11.192941,0.0,256.20646341463413,-0.61963975,39.38319,0.4404574,0.86760175,1.9776477e-11
59280.64082860947,186326881.0,67.56476,542.1038116332456,0.9778120052069426,0,728,388.0,74.207924,382.55,73.933815,0.42867464,40.08145,0.24260062,0.0021175930141923657,239.1525,66.59221,637.4,48002.0,0.08081488,11.0537405,0.0,264.06120689655177,-0.9716608,40.731216,0.6497582,0.8912745,1.8332395e-11
59749.65150856972,186588655.0,76.669716,545.829787973477,0.9755779430270195,0,729,388.0,74.96592,381.55,75.829124,0.41653803,44.576263,0.23583584,0.0021321476092713947,261.7955,77.57914,650.72,48409.0,0.07333844,11.715343,0.0,255.21953316953318,0.9103124,44.082634,-0.49362695,0.88929135,1.8408351e-11
60215.18055987358,186835140.0,66.321075,549.9119749519173,0.9742714185267687,0,730,388.0,72.4976,385.1,72.66298,0.38829112,39.22521,0.2330828,0.0021480936521559267,244.63949999999997,65.79151,644.53,48796.0,0.07504102,11.62871,0.0,254.27209302325582,-0.52866405,39.328365,0.10316332,0.89865875,1.927295e-11
60679.82494163513,187091816.0,53.92235,550.9589915398475,0.9683595262467861,0,731,388.0,66.899155,378.9,64.87832,0.38076746,41.849102,0.2461704,0.0021521835607025293,224.98249999999996,55.1559,644.24,49191.0,0.078408286,11.899867,0.0,239.78683544303797,1.2344235,40.639263,-1.2098457,0.8762633,1.8375657e-11
61143.02655220032,187349670.0,67.66433,552.6751076872034,0.9742492772638798,0,732,388.0,69.2682,380.75,67.47148,0.4147934,42.144222,0.23795527,0.0021588871394031383,273.19599999999997,68.26061,618.33,49602.0,0.076480985,11.115491,0.0,254.52347931873481,0.5971619,41.459476,-0.6847567,0.8755421,1.7962642e-11
61610.884501457214,187607015.0,72.99065,547.1746294075095,0.9747938495129347,0,733,388.0,70.51309,382.1,69.19366,0.41554043,44.689938,0.22470897,0.002137400896123084,279.32,75.03056,623.41,50010.0,0.07294736,11.194972,0.0,254.95085784313724,2.0408137,43.710213,-0.97972167,0.89753425,1.6996963e-11
62078.211356163025,187862110.0,53.23407,547.7964671239703,0.975728178396821,0,734,388.0,70.65589,381.85,69.57383,0.40733027,42.996952,0.23942138,0.002139829949703009,260.249,53.55284,630.46,50413.0,0.07696973,11.007776,0.0,253.40831265508686,0.31959292,42.484314,-0.512648,0.8214968,1.7730234e-11
62547.12648630142,188122238.0,55.20279,545.9410105287993,0.9760541338473558,0,735,388.0,71.649475,386.9,70.90597,0.422902,43.18787,0.23634696,0.002132582072378122,259.855,55.0535,621.73,50826.0,0.0748532,11.087363,0.0,255.30786924939466,-0.14848049,42.893623,-0.2942449,0.8087109,1.8691295e-11
63019.53623342514,188370324.0,59.52471,541.9024513331152,0.9751985259354115,0,736,388.0,71.17681,386.65,70.3944,0.4060844,43.079403,0.21336041,0.0021168064505199813,244.056,60.559395,636.99,51221.0,0.07068908,11.209268,0.0,259.25772151898735,1.035553,42.610176,-0.46921888,0.8693416,1.8003692e-11
63488.188856601715,188629479.0,57.649338,546.2468091287022,0.9779546223580837,0,737,388.0,72.40508,384.7,72.11547,0.4115196,44.313194,0.22127196,0.002133776598158993,270.26650000000006,58.098698,625.57,51630.0,0.071224414,10.75048,0.0,252.52701711491443,0.45016202,43.680393,-0.632802,0.80365723,1.5967326e-11
63953.520057201385,188885925.0,72.10103,550.1457879250174,0.9771513193845749,0,738,388.0,73.91506,382.2,73.95844,0.438404,46.90217,0.22425568,0.002149006984082099,258.0225,73.093506,620.39,52041.0,0.07421684,11.172838,0.0,268.5591240875913,0.9933721,46.30594,-0.596227,0.8942157,1.8731888e-11
64417.05836391449,189145334.0,82.80561,552.2736660434085,0.976697601377964,0,739,388.0,72.980064,383.35,72.45398,0.43612006,43.820694,0.2463579,0.0021573190079820647,247.5375,82.818886,636.38,52453.0,0.07954021,11.140497,0.0,264.22427184466017,0.01413707,43.71122,-0.109473325,0.86270505,1.7695814e-11
64882.42668747902,189396993.0,55.37164,550.1019021646028,0.9792042635381222,0,740,388.0,72.771454,384.95,72.25139,0.42910373,45.7401,0.21435231,0.00214883555533048,261.98499999999996,57.257965,620.95,52857.0,0.069317244,10.494172,0.0,267.4483910891089,1.8872304,45.225544,-0.51455724,0.9064774,1.7325332e-11
65348.81532621384,189656708.0,46.58472,548.8984480720986,0.9741695653647184,0,741,388.0,73.84775,380.1,74.384346,0.41942242,46.837086,0.24124965,0.0021441345627816353,246.651,46.409416,638.39,53268.0,0.077101804,11.868699,0.0,255.28491484184917,-0.17444089,45.926624,-0.9104595,0.86233115,1.9274025e-11
65819.93129587173,189905761.0,46.09853,543.390622453098,0.9764351285994053,0,742,388.0,72.44707,380.6,72.63439,0.4033339,43.874825,0.23090172,0.002122619618957414,224.61750000000004,46.283375,645.95,53664.0,0.074108966,11.121243,0.0,260.29103535353534,0.18572497,43.3413,-0.5335262,0.8808503,2.0166644e-11
66286.6525876522,190168823.0,62.53031,548.5072237081757,0.975233057513833,0,743,388.0,72.07866,386.2,71.55758,0.4357662,48.794056,0.22152504,0.0021426063426100614,260.6809999999999,63.37462,625.73,54082.0,0.07269206,11.34339,0.0,258.51602870813394,0.8451778,47.699863,-1.0942005,0.87278163,1.7331548e-11
66746.7476029396,190417039.0,58.203716,556.406810536926,0.9740574061870575,0,744,388.0,71.77657,383.3,71.59713,0.41350445,49.09183,0.2169798,0.0021734641036598667,270.47900000000004,58.568905,623.13,54480.0,0.0687016,11.560841,0.0,261.74711055276384,0.36608455,47.737705,-1.354125,0.896162,1.7912075e-11
67213.9354531765,190679025.0,49.873817,547.9594554314552,0.9780653696507215,0,745,388.0,73.089676,383.15,72.11038,0.46721202,47.43913,0.24868953,0.0021404666227791223,271.189,50.294476,616.17,54905.0,0.081952125,10.824833,0.0,276.72611764705886,0.421485,46.877113,-0.56202203,0.8250748,1.9010644e-11
67679.26076960564,190933444.0,94.73964,550.1527446744558,0.9753707554191351,0,746,388.0,71.56598,384.2,70.541695,0.43552172,43.861225,0.23558865,0.0021490341588845927,279.5705,95.03327,616.85,55311.0,0.076334044,11.231356,0.0,270.481157635468,0.2945093,43.655437,-0.20579989,0.87746143,1.8391795e-11
68145.50759911537,191190724.0,47.09031,549.0653958316188,0.9769760966300964,0,747,388.0,71.18063,381.7,69.8949,0.42970908,43.171913,0.25346792,0.002144786702467261,261.7275,45.94484,621.62,55725.0,0.081810944,10.800686,0.0,260.0240338164251,-1.1446292,42.997,-0.17492408,0.84078777,1.9758256e-11
68610.73892831802,191446969.0,82.92585,550.2638879431267,0.9772448353469372,0,748,388.0,73.78504,385.85,72.75912,0.4765682,47.09613,0.2369338,0.002149468312277839,286.75350000000003,83.54805,612.44,56144.0,0.07466372,11.130338,0.0,284.5652744630072,0.6230692,47.021606,-0.07451941,0.8718379,2.0173405e-11
69073.73602604866,191703834.0,68.06766,552.919232657774,0.9740350320935249,0,749,388.0,72.62924,381.8,72.30564,0.4234678,44.711246,0.21583413,0.0021598407525694296,250.19650000000001,68.94409,637.16,56553.0,0.07040776,11.703221,0.0,260.3039119804401,0.8773107,44.268467,-0.44278246,0.87839544,1.6516859e-11
69536.53026509285,191958274.0,91.48147,553.1615962392221,0.9742933809757233,0,750,388.0,72.97441,383.05,73.56294,0.39818206,44.25111,0.23810744,0.002160787485309462,251.82899999999998,92.649376,637.73,56954.0,0.07707144,11.700195,0.0,250.415710723192,1.1687745,43.559505,-0.69160265,0.86893386,1.7432146e-11
70001.24413442612,192214023.0,71.58783,550.8766079378855,0.9718806874006987,0,751,388.0,69.879395,385.45,68.5862,0.43256682,50.355595,0.23014536,0.0021518617497573653,276.95349999999996,73.63343,606.55,57367.0,0.07457341,11.717945,0.0,262.71743341404357,2.0464904,48.47169,-1.883903,0.88808155,1.9225456e-11
70462.78515720367,192470507.0,74.63389,554.6635886435188,0.973972974345088,0,752,388.0,69.76158,385.0,68.06208,0.43867874,47.408234,0.2185062,0.002166654643138745,284.33799999999997,75.74814,612.98,57780.0,0.07152055,11.254561,0.0,266.8335351089588,1.1150864,46.434452,-0.97376746,0.839924,1.7300274e-11
70930.45038461685,192727402.0,79.40077,547.4001165663459,0.976845096796751,0,753,388.0,70.51175,381.8,68.41462,0.44830042,43.04648,0.23052867,0.0021382817053372887,279.874,79.45973,612.22,58193.0,0.07462878,10.729587,0.0,272.4455205811138,0.059844177,43.13415,0.08767556,0.88395536,1.9333405e-11
71386.72698044777,192982054.0,57.08438,561.0631847855419,0.9762741513550282,0,754,388.0,70.81505,386.45,68.7573,0.45545998,42.194,0.22369994,0.002191653065568523,267.13349999999997,56.4347,627.97,58606.0,0.071838036,10.907782,0.0,277.6267554479419,-0.6488051,42.590027,0.39602357,0.8778117,1.8497709e-11
71853.85100603104,193237234.0,77.5575,548.0343248890903,0.97631118260324,0,755,388.0,70.93284,383.0,69.35381,0.44913888,42.943825,0.22042911,0.002140759081598009,298.601,78.47043,601.7,59021.0,0.07125,10.917396,0.0,274.05698795180723,0.913808,43.04782,0.10399194,0.88352305,1.8037887e-11
72315.65866708755,193491550.0,58.968193,554.3433372550078,0.976633857935667,0,756,388.0,72.93498,382.7,72.22704,0.45430356,47.976048,0.22048004,0.0021654036611523744,282.84349999999995,58.968483,599.07,59434.0,0.069865726,11.148832,0.0,274.37869249394674,0.0011315307,47.54318,-0.43286583,0.8419241,1.8187939e-11
72774.37703680992,193750513.0,52.535973,558.0766258716451,0.9750391431152821,0,757,388.0,72.20095,381.8,71.44281,0.44209436,46.004112,0.22844309,0.0021799868198111136,259.278,52.765858,614.86,59850.0,0.07538587,11.407032,0.0,267.3243990384616,0.23075776,45.455757,-0.5483476,0.87170506,2.0091e-11
73234.64854073524,194008129.0,47.242554,556.1934593316353,0.9777394123375416,0,758,388.0,72.50317,385.0,71.65974,0.4425455,43.59087,0.22915302,0.0021726307005142,263.103,47.752712,621.85,60267.0,0.07635162,10.81746,0.0,266.9276978417266,0.5109911,43.640182,0.04931591,0.8330793,1.7028583e-11
73700.43938302994,194261174.0,54.57259,549.6029048978938,0.9797749929130077,0,759,390.75,74.16866,390.75,73.46941,0.45867074,46.5285,0.22724117,0.0021468863472573975,280.5365,55.36837,606.78,60680.0,0.07324182,10.547871,0.0,280.75,0.79659915,46.348656,-0.17984213,0.81947863,1.7893572e-11
74168.1687951088,194521104.0,45.638374,547.3249990035678,0.9754888154566288,0,760,390.75,72.87208,384.35,71.73478,0.4709688,44.660282,0.23013511,0.0021379882773576867,287.03700000000003,44.802036,602.7,61105.0,0.07391043,11.408888,0.0,278.3342352941176,-0.8354768,44.904728,0.24445044,0.85978174,1.9941599e-11
74629.27425384521,194773631.0,59.30749,555.1875284702203,0.9764414895325899,0,761,390.75,71.64467,383.9,70.706726,0.4308404,43.92921,0.22587721,0.0021687012830867982,290.6135,59.370438,602.84,61513.0,0.07181032,10.996585,0.0,265.0025735294118,0.06382038,43.77218,-0.15703799,0.87258506,1.7657136e-11
75104.07292175293,195027489.0,83.33152,539.1759019209336,0.9760171417146921,0,762,390.75,71.60644,383.95,70.09038,0.45077133,46.089294,0.24264292,0.002106155866878647,259.19800000000004,83.95672,621.87,61926.0,0.080144055,11.089259,0.0,275.0473365617433,0.6260392,45.583378,-0.50591195,0.8425574,1.7337154e-11
75570.03868412971,195289230.0,60.46514,549.3965880544577,0.9757041279226542,0,763,390.75,71.190216,383.0,69.660355,0.4453056,45.088745,0.23473978,0.0021460804220877253,255.25650000000002,59.89549,607.78,62351.0,0.07657813,11.096514,0.0,259.7994117647059,-0.5687717,44.653748,-0.43499005,0.8789645,1.7854952e-11
76029.15149521828,195545720.0,71.755486,557.5971609091476,0.9762159902602434,0,764,390.75,73.43776,383.85,72.61578,0.46075404,43.602444,0.23163295,0.0021781139098013577,255.283,71.665375,626.27,62772.0,0.07614589,11.32562,0.0,277.50166270783853,-0.08924605,43.900467,0.29802692,0.8670983,1.8882057e-11
76493.22605252266,195805939.0,61.421173,551.6354990176544,0.9752825070172548,0,765,390.75,72.02491,381.35,71.263794,0.42836723,41.346798,0.24456103,0.0021548261680377125,249.55200000000002,60.81073,631.94,63191.0,0.07856605,11.32361,0.0,256.06443914081143,-0.6095834,41.52707,0.18026753,0.86088294,1.8695183e-11
76952.51265025139,196055489.0,73.38642,557.386175137648,0.9763416759669781,0,766,390.75,72.890236,385.1,71.99259,0.43750453,42.1613,0.22641805,0.002177289746631438,255.9675,73.07695,631.11,63594.0,0.07211381,11.211439,0.0,273.50781637717125,-0.30861515,42.41798,0.25667897,0.8533014,1.9889208e-11
77407.77945637703,196308920.0,75.47994,562.3076327013201,0.9782751146703959,0,767,390.75,74.19495,386.45,73.64966,0.44995862,44.76885,0.21970144,0.0021965141902395317,262.925,75.87245,606.21,64010.0,0.071522035,10.9358635,0.0,271.28653846153844,0.39341947,44.85919,0.09034144,0.9091228,1.8755941e-11
77866.665828228,196569648.0,49.146805,557.8723093636373,0.9772771596908569,0,768,390.75,74.57636,379.3,73.88899,0.47642002,46.36046,0.22534123,0.002179188708451708,296.1955,49.373707,591.16,64438.0,0.07341957,11.241714,0.0,282.1911214953271,0.22774953,46.18257,-0.17788309,0.8466697,1.8977339e-11
78320.24462461472,196824206.0,37.885098,564.400280699488,0.9721608534455299,0,769,390.75,71.660645,382.95,71.48048,0.39753795,44.5894,0.24363284,0.002204688596482375,256.4315,37.428345,619.86,64842.0,0.08145187,11.956627,0.0,245.24344059405942,-0.45592833,43.779198,-0.81020176,0.8234049,1.9059882e-11
78777.39158344269,197080856.0,95.64681,559.9949754808159,0.9778440911322832,0,770,390.75,73.1099,382.95,71.981384,0.4778185,46.964207,0.24106908,0.0021874803729719375,302.013,97.6287,584.05,65271.0,0.07916978,10.882307,0.0,280.27342657342655,1.9827813,46.973,0.008800433,0.89232874,1.8440353e-11
79234.02297377586,197331918.0,57.218258,560.6272486287302,0.9736736249178648,0,771,390.75,70.65201,388.25,69.09923,0.42987254,42.356464,0.22388518,0.002189950189955977,253.68,56.668446,626.23,65679.0,0.07304755,11.463574,0.0,266.02438725490197,-0.5489358,42.243454,-0.11301761,0.87805665,1.917004e-11
79697.87892580032,197588959.0,70.325966,551.8954728999591,0.9774871803820133,0,772,390.75,71.27503,388.35,69.8305,0.42720842,41.95457,0.22328937,0.0021558416910154653,265.2945,70.309586,608.21,66095.0,0.072274566,10.6943,0.0,257.30961538461537,-0.015491333,41.927254,-0.027314676,0.88811564,2.077302e-11
80161.65709805489,197850186.0,58.98969,551.9880307335478,0.9770604278892279,0,773,390.75,72.41763,388.6,71.01926,0.45483357,42.675648,0.23961768,0.002156203245052921,253.69400000000002,58.738663,612.45,66525.0,0.07801512,10.968241,0.0,264.9203488372093,-0.25018874,42.740738,0.0651001,0.8370369,1.8817165e-11
80625.58438897133,198103564.0,68.910995,551.8106069903694,0.9765500575304031,0,774,390.75,73.67277,382.9,72.78982,0.4696978,45.283504,0.23163612,0.00215551018355613,280.105,69.14831,590.2,66946.0,0.075169325,11.281786,0.0,280.61140142517814,0.23816468,45.508213,0.22470242,0.8496124,1.734756e-11
81085.01780247688,198359302.0,79.496346,557.2080577393729,0.9754427261650562,0,775,390.75,71.44989,383.1,69.52345,0.45052433,39.785316,0.23000789,0.0021765939755444253,263.4725,78.99077,624.17,67363.0,0.075113446,11.196741,0.0,272.25239808153475,-0.5047233,40.55921,0.77389985,0.85445756,1.8336685e-11
81543.09611868858,198616500.0,61.636333,558.8564028027248,0.9786888994276524,0,776,390.75,70.89546,385.1,69.02347,0.4308515,40.011593,0.21909642,0.0021830328234481436,275.88000000000005,61.682377,606.46,67779.0,0.07167793,10.349548,0.0,260.30252403846157,0.046912614,40.234604,0.2230051,0.87046313,1.9119581e-11
82001.54495620728,198869795.0,58.062737,558.4047314539483,0.9763312879949808,0,777,390.75,71.742165,387.25,70.19597,0.4391558,38.914154,0.20880806,0.0021812684822419856,298.1225,57.642082,588.52,68196.0,0.06723624,11.037273,0.0,265.41618705035967,-0.41975024,39.76663,0.85247695,0.9051626,2.0774145e-11
82466.35286808014,199128479.0,55.444347,550.7651514977271,0.9762341864407063,0,778,390.75,72.527054,385.1,71.047585,0.45938063,41.398224,0.24541882,0.0021514263730379964,268.44750000000005,54.321053,612.64,68622.0,0.0802473,11.180891,0.0,269.7680751173709,-1.1224649,42.101414,0.70318466,0.82839066,1.9467287e-11
82919.9394698143,199383227.0,47.114223,564.390568463124,0.9788340404629707,0,779,390.75,72.738976,383.4,71.40976,0.4538544,40.98822,0.23465599,0.0022046506580590784,262.9045,46.685223,607.57,69045.0,0.075090356,10.582448,0.0,269.28912529550826,-0.4281704,41.7383,0.7500779,0.83066916,1.8502078e-11
83387.13935256004,199638946.0,40.45204,547.9453429985534,0.9799716901034117,0,780,390.75,74.18242,384.6,73.1584,0.46957073,42.232548,0.2498142,0.0021404114960880995,276.146,39.066338,598.7,69471.0,0.079471454,10.498401,0.0,277.5268779342723,-1.3848916,43.027153,0.79460967,0.8129148,1.7094527e-11
83846.49633526802,199895872.0,34.62914,557.3007696342007,0.9808305855840445,0,781,393.75,75.40952,393.75,74.53407,0.48102644,42.859478,0.2812237,0.0021769561313835966,281.3295,33.862335,609.9,69899.0,0.091272525,10.440723,0.0,281.56600467289724,-0.76606244,43.61119,0.7517187,0.7406742,1.8502038e-11
84311.74195718765,200153418.0,87.583885,550.2469833971319,0.9758527390658855,0,782,393.75,71.05561,384.5,69.1507,0.44139412,44.376743,0.22654307,0.0021494022788950463,258.64799999999997,88.7809,604.84,70321.0,0.07557342,11.041607,0.0,264.3350710900474,1.1978766,43.68548,-0.6912696,0.86390734,1.9059204e-11
84778.36057639122,200405723.0,51.70662,548.6279146703256,0.9775809589773417,0,783,393.75,72.07089,387.55,70.35025,0.457754,45.368916,0.23240674,0.0021430777916809597,295.40250000000003,52.031883,588.9,70740.0,0.07523809,10.791167,0.0,277.53412887828165,0.32611075,44.813465,-0.5554433,0.84582216,1.936831e-11
85241.09506940842,200664593.0,55.34339,553.2330177739447,0.9797343797981739,0,784,393.75,73.627716,383.5,72.04329,0.4838589,47.250603,0.25118634,0.002161066475679471,278.27549999999997,55.42703,597.62,71174.0,0.08170727,10.481447,0.0,278.6138248847926,0.08447246,47.063957,-0.18664303,0.83464706,2.0732919e-11
85713.9213438034,200918924.0,44.338562,541.4250727237359,0.9748732559382915,0,785,393.75,71.18599,386.15,68.89045,0.4678774,44.913628,0.23358403,0.002114941690327093,278.19899999999996,43.989285,597.79,71594.0,0.07688735,11.283989,0.0,280.60583333333335,-0.34842396,44.741665,-0.1719679,0.8517363,2.1351074e-11
86169.78878593445,201176010.0,67.832695,561.5667545883018,0.9765276312828064,0,786,393.75,71.85864,384.5,70.10018,0.46258566,45.701927,0.22372174,0.0021936201351105537,291.24999999999994,67.97755,580.69,72021.0,0.07165056,11.009244,0.0,270.82775175644025,0.14568041,45.430485,-0.27144617,0.8251466,1.9333403e-11
86629.59833145142,201429251.0,89.9351,556.7522520920635,0.9720862880349159,0,787,393.75,71.32218,386.95,69.96589,0.43947476,46.276047,0.22410284,0.002174813484734623,246.29299999999995,91.77001,622.8,72438.0,0.07443616,11.91608,0.0,266.43309352517986,1.8357306,45.447437,-0.8285991,0.8175315,1.7757672e-11
87090.36655402184,201687486.0,70.13328,555.5938701065164,0.9734781160950661,0,788,393.75,73.05965,380.85,73.3832,0.4201554,49.172104,0.21854763,0.0021702885551035797,257.00100000000003,71.80068,611.99,72857.0,0.07171254,11.898158,0.0,252.9167064439141,1.6682302,47.586582,-1.5855123,0.82787544,2.0926053e-11
87559.88881421089,201936784.0,80.96337,545.2350648868487,0.9788185060024261,0,789,393.75,72.782906,382.25,72.90435,0.39384702,45.11104,0.2193734,0.0021298244722142527,274.003,82.37498,622.34,73255.0,0.072742574,10.592725,0.0,250.1904522613065,1.412477,44.0344,-1.0766444,0.8737139,2.0468176e-11
88033.45605969429,202201149.0,41.55345,540.577927298763,0.9784754104912281,0,790,393.75,74.288284,385.85,74.417465,0.43915883,45.58328,0.23327896,0.002111632528510793,247.7705,41.358063,617.67,73686.0,0.07625708,10.899028,0.0,254.46276102088166,-0.1945581,45.185368,-0.39790323,0.8318834,1.8597873e-11
88493.67571139336,202454787.0,66.20369,556.2561247762542,0.9769424088299274,0,791,393.75,73.9017,384.9,73.89717,0.44288754,47.1299,0.22882287,0.002172875487407243,288.798,66.77316,605.59,74101.0,0.07524613,11.221771,0.0,268.8309638554217,0.5703057,46.757023,-0.37288,0.83094275,1.9034403e-11
88961.28516054153,202711487.0,60.888332,547.4654125709885,0.9731241669505835,0,792,393.75,72.505264,383.9,73.14979,0.38588434,44.55449,0.21281643,0.002138536767855424,251.60599999999994,61.52723,624.27,74513.0,0.07053424,11.886405,0.0,233.60145631067962,0.63971823,43.645405,-0.90907335,0.8218125,1.8026625e-11
89424.23046183586,202965935.0,66.45624,552.9810957887719,0.97296685539186,0,793,393.75,70.12502,388.4,70.35573,0.36512703,43.627262,0.23457895,0.0021600824054248905,241.574,67.90361,633.94,74913.0,0.07608476,11.529787,0.0,230.45675000000003,1.4481785,42.358494,-1.2687656,0.80537105,1.917234e-11
89892.51464653015,203222562.0,57.02429,546.6765873528793,0.9732601791620255,0,794,393.75,71.7629,385.2,72.124756,0.39029658,42.845837,0.21889324,0.002135455419347185,238.07749999999996,57.131847,630.32,75321.0,0.07065855,11.734895,0.0,238.92095588235293,0.108395495,42.445904,-0.39993384,0.83675086,1.9384445e-11
90346.18870949745,203479145.0,76.05706,564.2817628268332,0.9744078256189823,0,795,393.75,70.013535,381.8,69.044655,0.4052403,40.8416,0.22488138,0.002204225636042317,268.4005,76.350876,602.8,75734.0,0.07026299,11.200453,0.0,247.52917675544793,0.2946485,40.809464,-0.032131422,0.83013684,1.9369624e-11
90801.10157299042,203733112.0,83.95838,562.745133286297,0.9751598089933395,0,796,393.75,70.84215,385.75,70.26168,0.4047847,41.881535,0.21698366,0.0021982231768995974,279.818,84.391136,603.21,76144.0,0.07121165,11.165268,0.0,247.21341463414635,0.43358457,41.926872,0.045331754,0.8337067,1.9708174e-11
91260.81375265121,203993004.0,94.7183,556.8701707857555,0.9739339035004377,0,797,393.75,70.984955,386.35,70.54186,0.40666026,41.652596,0.21890438,0.0021752741046318575,242.887,94.77178,627.9,76562.0,0.07274237,11.46052,0.0,243.95035885167465,0.054351866,41.41994,-0.23265283,0.8662216,2.0303096e-11
91722.25824522972,204246431.0,74.7107,554.7796194716664,0.9758659861981869,0,798,393.75,70.71388,388.75,69.611984,0.40986764,40.41075,0.2114577,0.002167107888561197,280.7505,75.41622,602.76,76972.0,0.06969437,10.985491,0.0,252.11158536585367,0.70639455,40.465485,0.05473467,0.87420505,1.8913444e-11
92179.0585258007,204504671.0,53.40315,560.4199710210537,0.9743204694241285,0,799,393.75,71.269356,385.8,70.55111,0.4017936,39.273773,0.22972067,0.002189140511800991,241.88400000000001,53.753456,622.37,77387.0,0.07558392,11.420796,0.0,243.8178313253012,0.35109562,39.31245,0.038667157,0.78656447,1.8528496e-11
92633.98462343216,204755938.0,66.25057,562.7287626118807,0.9738846179097891,0,800,393.75,69.27636,388.5,67.71204,0.39849842,41.756725,0.22702411,0.002198159228952659,245.73,67.32291,614.31,77794.0,0.07312863,11.195236,0.0,242.8410319410319,1.0732119,41.375233,-0.38149172,0.87422395,2.0757366e-11
93087.64959573746,205017517.0,47.322758,564.2930700581453,0.9744632598012686,0,801,393.75,70.71437,383.05,68.987686,0.43984157,42.038692,0.23703027,0.00220426980491463,254.9545,46.05748,615.11,78222.0,0.07888976,11.300312,0.0,260.31039719626165,-1.2644283,41.819386,-0.21930514,0.8486626,2.0060079e-11
93545.57607483864,205275573.0,74.47115,559.0417057831582,0.976564783602953,0,802,393.75,72.00642,386.65,70.56464,0.45220894,44.320324,0.20739762,0.002183756663215462,258.2705,75.53348,612.63,78646.0,0.06982272,11.023149,0.0,267.62912735849056,1.0632149,44.129623,-0.19069463,0.8898051,2.0735733e-11
94001.64773631096,205530556.0,76.31153,561.3152967530672,0.9788827616721392,0,803,393.75,74.83382,385.55,74.06816,0.4808818,46.597607,0.2236122,0.0021926378779416685,254.95649999999995,76.4118,606.47,79075.0,0.07159341,10.874679,0.0,281.07319347319344,0.10109625,46.834667,0.23705105,0.8305431,1.9789543e-11
94456.56038117409,205784457.0,65.66286,562.7454037401482,0.9767796341329813,0,804,393.75,72.6934,383.75,72.20353,0.42655468,44.388184,0.22127593,0.002198224233359954,234.1115,66.82663,616.73,79491.0,0.07207161,11.077187,0.0,260.2676682692308,1.1645894,43.834507,-0.553675,0.81578255,1.9598658e-11
94913.02654147148,206039640.0,58.561245,560.8301825336024,0.9779164157807827,0,805,393.75,73.67678,384.55,73.138,0.4500115,45.629795,0.2174566,0.002190742900521885,271.728,58.25473,602.62,79916.0,0.0717612,10.948772,0.0,265.8417647058823,-0.30567944,45.531372,-0.098431885,0.83588773,1.9708998e-11
95382.70279860497,206295977.0,59.06667,545.0562938020598,0.9780027214437723,0,806,393.75,72.51692,385.25,71.33294,0.4528773,42.98022,0.22402328,0.0021291261476642964,253.616,58.818546,615.91,80340.0,0.07302736,10.755333,0.0,267.10683962264153,-0.24728394,43.284878,0.30465612,0.8398462,1.9747976e-11
95851.17409563065,206553025.0,44.409164,546.4582390113148,0.976718332618475,0,807,393.75,71.35793,382.6,69.26139,0.46355253,40.10433,0.24672523,0.0021346024961379486,284.854,42.89773,600.44,80768.0,0.07994888,10.88803,0.0,273.23235981308414,-1.5106541,41.054787,0.950454,0.7784645,1.9325281e-11
96315.16749310493,206807711.0,57.65847,551.7319888462112,0.9758694786578417,0,808,393.75,70.7597,386.2,68.25211,0.45716912,37.554707,0.22407247,0.002155203081430512,268.9595,56.034554,602.58,81193.0,0.07430502,10.991813,0.0,269.8897647058823,-1.6230744,39.034214,1.4795141,0.84222317,2.0055697e-11
96783.10501003265,207061389.0,61.400616,547.0815883299725,0.9787514917552471,0,809,393.75,73.243225,388.75,71.43138,0.47008824,37.822296,0.23807597,0.0021370374544139553,276.794,59.57223,593.12,81619.0,0.07778271,10.676568,0.0,279.3963615023474,-1.8275685,39.442486,1.6201823,0.81679577,1.8908963e-11
97246.37709522247,207317343.0,40.389755,552.5910327515363,0.9802554193884134,0,810,393.75,74.06947,385.1,72.63388,0.48355964,40.26926,0.23174492,0.0021585587216856887,275.045,38.358112,593.92,82050.0,0.07541445,10.407903,0.0,281.98932714617166,-2.030793,41.8329,1.5636423,0.8483383,2.0242568e-11
97711.99278259277,207577857.0,38.535133,549.8096540643514,0.9814054649323225,0,811,393.75,76.4459,384.1,75.93593,0.497437,42.48388,0.23518194,0.002147693961188873,289.4275,37.55836,583.44,82490.0,0.07651776,10.424299,0.0,283.4953409090909,-0.9759374,43.894875,1.4109951,0.83373266,2.0832015e-11
98187.3304708004,207833238.0,41.010593,538.5644907840335,0.981899818405509,0,812,393.75,75.935104,385.65,75.28188,0.49278063,43.045803,0.23547322,0.002103767542125131,272.166,39.381138,602.49,82928.0,0.07666628,10.216075,0.0,284.2462328767123,-1.6286544,44.37693,1.3311275,0.8017009,2.0663173e-11
98659.11258459091,208088576.0,39.97132,542.6233689598353,0.9797465838491917,0,813,393.75,75.89671,390.15,75.44751,0.49482727,45.28615,0.23200417,0.0021196225349993563,311.7215,39.12165,588.9,83358.0,0.07487332,10.801202,0.0,289.7503488372093,-0.8488612,46.223656,0.9375145,0.8108906,1.906473e-11
99130.2808508873,208348211.0,37.23892,543.3303095989154,0.9836254511028528,0,814,393.75,78.579445,387.65,78.07997,0.569065,48.356964,0.23625799,0.002122384021870763,338.08099999999996,35.31649,542.72,83818.0,0.07490771,10.055267,0.0,312.0415217391305,-1.9216129,50.024548,1.667589,0.81605446,1.9553408e-11
99599.5817155838,208598606.0,35.97168,545.4922827929487,0.9809848628938198,0,815,393.75,73.561104,389.45,72.29572,0.48077106,47.405037,0.23000413,0.002130829229659956,292.2,36.04121,577.82,84246.0,0.074658744,10.143737,0.0,281.35771028037385,0.0703587,47.425095,0.020059336,0.8269212,1.941438e-11
100065.16940951347,208853156.0,33.96963,549.8427113468107,0.9808546118438244,0,816,393.75,74.95084,386.2,73.96418,0.49849725,47.535217,0.24651203,0.002147823091198479,263.9105,33.474987,597.89,84686.0,0.08034558,10.370712,0.0,288.9884090909091,-0.49388403,47.758583,0.22336385,0.7589397,1.8223926e-11
100522.79682302475,209113437.0,40.92548,559.4070469593754,0.9826321862637997,0,817,393.75,75.59296,384.6,74.14632,0.5324254,49.319576,0.23635913,0.00218518377718506,295.45149999999995,39.97768,580.64,85135.0,0.075655594,9.96217,0.0,297.46057906458793,-0.94698083,49.795147,0.4755722,0.82018167,1.9849442e-11
100979.25840973854,209370067.0,60.602596,560.8358018536098,0.981213916093111,0,818,393.75,76.24329,388.85,75.47703,0.5179978,48.980064,0.26958668,0.0021907648509906638,290.933,59.49503,582.25,85579.0,0.08398206,10.450084,0.0,293.7277027027027,-1.1067991,49.473698,0.49363846,0.7686415,1.9646779e-11
101445.62036585808,209624960.0,40.907078,548.9298529624967,0.982535919174552,0,819,393.75,76.93399,384.9,76.4996,0.5316567,52.0183,0.23245949,0.002144257238134753,315.924,40.026783,575.32,86024.0,0.07430163,10.16696,0.0,300.1298876404494,-0.87949294,52.24696,0.22867355,0.80166566,1.9909066e-11
101905.95608329773,209884288.0,44.353996,556.1158743532882,0.9826370310038328,0,820,393.75,77.7422,388.55,77.05187,0.57049125,53.536873,0.24841796,0.0021723276341925318,297.485,43.350895,568.51,86489.0,0.078769624,10.243982,0.0,310.2267741935484,-1.0022951,53.98067,0.44380212,0.8047008,2.0918716e-11
102370.81978034973,210138496.0,45.619686,550.6990578603142,0.982766518369317,0,821,393.75,76.60925,388.1,75.84023,0.53565294,51.884438,0.22864608,0.0021511681947668526,312.3725,45.69076,554.54,86938.0,0.07438158,10.056985,0.0,301.6273942093541,0.07188944,52.059258,0.17483167,0.81257063,1.8826463e-11
102830.73368501663,210393746.0,58.212055,556.6259193346453,0.9823411367833614,0,822,393.75,77.072014,385.2,76.61975,0.53606445,51.6603,0.21824114,0.0021743199974009583,318.54949999999997,57.702633,558.33,87385.0,0.07072031,10.241842,0.0,302.24653243847877,-0.5085772,51.973618,0.313313,0.8432455,2.0050248e-11
103287.95111513138,210651502.0,42.907475,559.908663009091,0.985068709589541,0,823,393.75,78.50517,387.9,77.820724,0.58284575,54.587566,0.2407788,0.002187143214879262,335.787,42.237347,533.05,87848.0,0.07643162,9.592834,0.0,317.14546436285093,-0.66933054,55.113125,0.5255658,0.79881495,1.9869101e-11
103743.08626914024,210905320.0,42.820446,562.4702854638504,0.9817619472742081,0,824,393.75,79.8618,386.75,81.00854,0.53837776,56.12437,0.23051473,0.0021971495525931655,310.80349999999993,42.747154,561.33,88294.0,0.073521994,10.785203,0.0,303.2174887892377,-0.0724713,55.98125,-0.14312103,0.82147735,2.0045377e-11
104209.7852396965,211163994.0,76.63757,548.5334576480279,0.9798216838389635,0,825,393.75,77.22202,385.5,77.424164,0.5408826,55.455624,0.24143839,0.002142708818937609,283.7615,77.04741,571.07,88752.0,0.07685424,10.9694195,0.0,298.85622270742357,0.41064537,55.15677,-0.2988658,0.81312716,2.0407724e-11
104679.86248803139,211420936.0,47.546844,544.5913430331024,0.981310373172164,0,826,393.75,76.21576,388.95,75.068115,0.57679975,56.449112,0.23707417,0.002127309933723056,329.75449999999995,47.893066,539.41,89215.0,0.074872255,10.419457,0.0,315.0341252699784,0.34704596,56.37002,-0.0790999,0.8237266,2.0560354e-11
105143.87021780014,211676639.0,45.477978,551.7149469203506,0.9838603008538485,0,827,393.75,75.806526,385.6,74.97765,0.5335156,55.53734,0.25261426,0.0021551365114076196,310.006,46.158604,555.92,89667.0,0.07987782,9.630622,0.0,296.3888274336283,0.68141276,55.021294,-0.5160439,0.78858244,2.1164001e-11
105607.11927866936,211929550.0,65.945404,552.6184975305824,0.981018727645278,0,828,393.75,75.20813,388.4,74.130005,0.54185736,54.750027,0.21707693,0.0021586660059788377,286.8095,66.81548,571.98,90115.0,0.069217496,10.361615,0.0,306.24620535714286,0.8709038,54.393864,-0.3561582,0.8221246,1.8483633e-11
106074.67699623108,212185084.0,36.37088,547.5259853158251,0.9824406802654266,0,829,393.75,75.78037,386.85,74.07178,0.5749862,51.307816,0.24635032,0.0021387733801399417,319.96500000000003,34.686543,559.1,90573.0,0.07893855,10.041778,0.0,317.03635371179035,-1.683508,52.35706,1.0492476,0.8277561,2.1397835e-11
106542.41980791092,212446775.0,66.39659,547.3093195822889,0.9818426687270403,0,830,393.75,75.064316,387.65,73.57022,0.54726875,49.233875,0.24678937,0.0021379270296183164,287.56899999999996,65.651306,571.02,91031.0,0.0786689,10.114853,0.0,301.10480349344977,-0.74448115,50.03852,0.80464494,0.8038173,2.1110443e-11
107003.75099372864,212697853.0,54.409363,554.915877941863,0.9832617789506912,0,831,393.75,77.2263,385.65,76.58043,0.5439369,54.06777,0.22788826,0.0021676401482104025,292.3505,54.376244,568.06,91475.0,0.07326564,9.991251,0.0,308.3474099099099,-0.032282136,54.206642,0.13886878,0.83527386,2.0920123e-11
107461.82234573364,212956599.0,43.917274,558.8648992770954,0.9837229046970606,0,832,393.75,78.487206,390.65,78.30274,0.55948246,52.57796,0.23671399,0.0021830660128011542,313.9285,43.029354,563.21,91936.0,0.07632522,10.013533,0.0,307.4741865509761,-0.88708234,53.08779,0.5098364,0.83939016,2.1897699e-11
107924.71936154366,213213235.0,38.74714,553.0387780790323,0.9822001308202744,0,833,393.75,76.38723,388.65,74.97195,0.5554972,49.898323,0.25738287,0.00216030772687122,301.035,37.634594,565.24,92391.0,0.08123853,10.19129,0.0,306.5174725274725,-1.1117572,50.79556,0.897239,0.78662145,1.9361648e-11
108393.81984472275,213467456.0,35.981827,545.7252959218649,0.9846900040283799,0,834,393.75,76.66719,385.15,74.84358,0.5925567,52.31711,0.23360913,0.002131739437194785,328.18850000000003,34.781086,538.01,92851.0,0.074263446,9.486305,0.0,325.8697826086957,-1.1999466,53.387146,1.0700306,0.79388314,1.9638836e-11
108856.30393743515,213726971.0,38.727844,553.5325517870183,0.9824353754520416,0,835,393.75,76.88048,386.9,75.50397,0.57870996,50.509785,0.25401086,0.00216223653041804,313.87449999999995,36.875122,558.32,93317.0,0.079845555,10.189093,0.0,313.0723175965665,-1.8519328,51.64276,1.1329861,0.7901958,1.9522545e-11
109327.37080430984,213978948.0,58.844734,543.4472640761991,0.9845278346911073,0,836,393.75,79.90479,385.6,79.6732,0.60352665,53.936813,0.24010882,0.002122840875297653,341.09700000000004,57.94798,534.89,93780.0,0.0763714,9.93913,0.0,329.77224622030235,-0.89595556,55.276188,1.3393776,0.79912156,2.0747343e-11
109790.42780923843,214234600.0,38.99835,552.8476996897596,0.9820393081754446,0,837,393.75,78.84432,385.85,78.420876,0.57913595,56.199387,0.23515859,0.0021595613269131233,309.988,38.582684,562.45,94239.0,0.07549649,10.566519,0.0,317.8708061002178,-0.41485113,56.340332,0.1409588,0.8143887,2.0537572e-11
110260.94650697708,214494193.0,77.49939,544.080397294215,0.9834087770432234,0,838,393.75,81.34552,387.35,82.35211,0.58069307,54.28936,0.24389899,0.0021253140519305277,309.4055,76.49493,554.02,94706.0,0.07748006,10.477867,0.0,314.58811563169166,-1.0036678,55.16223,0.87285864,0.7931272,1.879059e-11
110729.54318141937,214746019.0,45.749176,546.3120290059313,0.9829927664250135,0,839,393.75,80.27279,386.65,80.91436,0.5650125,54.068466,0.23880431,0.0021340313633044193,303.2905,45.38437,553.87,95160.0,0.07398095,10.468517,0.0,314.7800660792952,-0.36399826,54.785255,0.71678835,0.80966896,1.9648979e-11
111192.23709726334,215001634.0,38.287148,553.2815350144609,0.9844666915014386,0,840,393.75,80.47632,384.65,81.08072,0.5843508,56.175163,0.2488076,0.002161255996150238,325.8575,36.835976,549.45,95623.0,0.0769651,10.029981,0.0,318.2742980561555,-1.4503819,56.754917,0.579764,0.7890962,2.035499e-11
111653.3348300457,215257795.0,33.113266,555.1968309521723,0.9861528864130378,0,841,393.75,80.50194,385.8,80.752335,0.6117097,59.49312,0.25105163,0.002168737620906923,333.07550000000003,32.807335,546.0,96093.0,0.07840746,9.472965,0.0,327.87063829787235,-0.30516192,59.800316,0.30720982,0.7710823,1.9809836e-11
112119.9742026329,215518085.0,46.117516,548.6035149169921,0.9861220363527536,0,842,393.75,80.80917,389.5,80.987656,0.62242085,62.076782,0.2670787,0.0021429824801445004,330.066,46.689213,537.04,96568.0,0.08248805,9.519707,0.0,329.63473684210527,0.57248205,62.000275,-0.076507226,0.784863,1.9008312e-11
112588.6549384594,215773256.0,73.3817,546.2140438705216,0.9844106063246727,0,843,393.75,77.87786,387.6,77.598625,0.58337355,59.335102,0.23909645,0.0021336486088692247,305.21000000000004,73.85456,577.31,97029.0,0.07698049,9.723635,0.0,320.27212581344907,0.4736739,59.099205,-0.23590471,0.8140416,1.9646002e-11
113047.58871126175,216029005.0,41.79357,557.8146895505345,0.9848312102258205,0,844,393.75,78.41129,385.05,77.94584,0.57990384,56.024567,0.24590391,0.0021789636310567753,308.713,41.456577,564.79,97492.0,0.07852013,9.657264,0.0,317.02246220302374,-0.33617792,56.27549,0.25093827,0.81471205,1.9165914e-11
113504.192009449,216285446.0,42.18006,560.6617407634511,0.9844948258250952,0,845,393.75,77.73905,391.25,77.2392,0.57084924,53.134186,0.24437103,0.002190084924857231,338.7065,41.399445,537.2,97950.0,0.07712469,9.680049,0.0,314.93864628820967,-0.7798074,53.92834,0.7941523,0.8085148,2.2478639e-11
113965.18776226044,216539696.0,40.92253,555.3196497771544,0.9843576475977898,0,846,393.75,76.43822,388.25,75.42715,0.5758065,56.36242,0.24348663,0.0021692173819420095,334.7835,40.04686,544.37,98406.0,0.07654205,9.5600815,0.0,317.74517543859645,-0.8748697,56.553425,0.19101605,0.8018122,2.0599421e-11
114425.77465581894,216797919.0,56.42337,555.8126025300886,0.9836809244006872,0,847,393.75,77.168655,386.35,76.03252,0.5913678,56.483025,0.24125311,0.0021711429786331585,339.2755,56.5254,546.77,98872.0,0.07655893,9.857998,0.0,319.30429184549354,0.10282393,56.86812,0.38509613,0.7957898,1.9785272e-11
114885.32205677032,217048332.0,39.31252,557.0698462661563,0.9840996470302343,0,848,393.75,76.702614,393.7,75.804276,0.57516706,58.347385,0.25284556,0.002176054086977173,313.57149999999996,39.285194,558.7,99326.0,0.078700766,9.671939,0.0,321.6492290748899,-0.026521621,58.088726,-0.25865027,0.80490655,2.1279067e-11
115350.37458896637,217306947.0,79.74514,550.4754458407767,0.9829439148306847,0,849,393.75,77.85186,389.55,77.33384,0.5943761,61.706417,0.24439399,0.002150294710315534,319.55349999999993,81.184784,532.37,99797.0,0.075181976,10.167371,0.0,317.86486199575376,1.4404477,60.982174,-0.7242558,0.806888,1.9549369e-11
115797.17135000229,217564282.0,39.51863,572.9674481221664,0.983739297837019,0,850,393.75,78.77283,386.25,78.56597,0.6012279,62.428085,0.24731164,0.0022381540942272124,307.721,39.93857,568.25,100265.0,0.07883083,10.04491,0.0,323.76474358974366,0.4207466,61.816288,-0.6118141,0.80783933,2.0806868e-11
116258.75278759003,217818468.0,35.38995,554.615023814382,0.9846402117982507,0,851,393.75,78.62652,387.85,78.51119,0.61278504,63.843365,0.25438154,0.0021664649367749297,319.31000000000006,35.610424,533.13,100739.0,0.07911826,9.744547,0.0,327.0371308016878,0.22125235,63.222687,-0.6206846,0.7768179,2.0238108e-11
116727.85996198654,218074374.0,82.12567,545.7175118443507,0.9829427599906921,0,852,393.75,77.80892,386.95,77.64961,0.58773863,60.748425,0.26420212,0.002131709030641995,310.93800000000005,83.34413,560.61,101203.0,0.08192265,10.1621065,0.0,319.67877155172414,1.2192621,60.296192,-0.45222956,0.7991344,2.1213054e-11
117195.04700541496,218332272.0,44.344906,547.9604017298105,0.9845094429329038,0,853,393.75,78.22642,390.9,77.94692,0.6012572,60.125706,0.23441437,0.0021404703192570724,320.31249999999994,44.611145,542.36,101677.0,0.073436,9.736143,0.0,319.535970464135,0.26708844,60.223312,0.09760627,0.85110986,2.1372279e-11
117651.33558821678,218588040.0,58.73671,561.0484453238867,0.9839756898581982,0,854,393.75,79.99882,389.95,80.691246,0.6075075,60.382683,0.2489579,0.002191595489546432,305.727,58.29941,552.68,102150.0,0.07825624,10.126823,0.0,325.3053911205074,-0.43648565,60.677338,0.29465142,0.8127974,2.2555945e-11
118114.95750641823,218840672.0,33.797234,552.17406673333,0.9835677109658718,0,855,393.75,78.705925,390.75,79.02574,0.5869183,58.382137,0.2567352,0.0021569299481770704,330.0525,33.07764,547.67,102612.0,0.0798354,10.089193,0.0,320.03528138528134,-0.7188449,58.80864,0.4264988,0.74896485,1.9357899e-11
118581.64172911644,219102439.0,44.60093,548.5507920535514,0.9842823594808578,0,856,393.75,77.08187,391.55,76.29543,0.5820584,56.29798,0.24059954,0.002142776531459185,332.048,44.59719,543.92,103086.0,0.074282505,9.663754,0.0,310.1931434599156,-0.0029455565,56.544815,0.24683172,0.7937423,2.0516847e-11
119052.20958733559,219358596.0,47.66717,544.0235569187112,0.9850371377542615,0,857,393.75,78.96047,389.1,78.52761,0.61791885,58.33086,0.24681184,0.0021250920192137156,339.57499999999993,47.198494,532.49,103563.0,0.07729231,9.658665,0.0,327.4073375262055,-0.46787244,58.98152,0.6506616,0.80545753,2.1876117e-11
119522.78923916817,219614157.0,44.61632,544.0099226625248,0.9844223409891129,0,858,393.75,78.170944,386.5,77.75424,0.58747643,54.70685,0.24195212,0.0021250387604004875,304.49050000000005,43.488384,562.68,104031.0,0.074942976,9.756554,0.0,317.18012820512826,-1.1271163,55.661633,0.9547872,0.82092345,2.0643135e-11
120004.37470459938,219868587.0,37.915638,531.5775046715263,0.9860073104500771,0,859,393.75,80.134186,387.35,79.995186,0.62675965,59.14002,0.24838273,0.0020764746276231497,322.8035,37.64439,537.39,104508.0,0.07808063,9.479129,0.0,331.85901467505244,-0.27045828,59.89169,0.7516684,0.79144466,2.1592316e-11
120473.9314262867,220122636.0,40.127792,545.1950492372533,0.984958166256547,0,860,393.75,80.14087,390.55,80.436005,0.5914535,54.633854,0.26778525,0.002129668161083021,323.92,38.424488,533.35,104976.0,0.08166968,9.828889,0.0,319.2212606837607,-1.7025354,55.74427,1.1104109,0.768537,2.0478978e-11
120940.10718607903,220381343.0,44.605103,549.1491022914682,0.9858510373160243,0,861,393.75,80.616425,389.9,80.79129,0.6199491,57.833332,0.25473654,0.002145113680826048,338.17949999999996,43.613785,517.7,105459.0,0.079338044,9.589276,0.0,323.32173913043476,-0.99051124,58.824207,0.99087614,0.806138,2.045387e-11
121405.4950735569,220636998.0,47.115986,550.0787770549156,0.9856642326340079,0,862,393.75,80.84637,388.45,81.2036,0.6236862,58.478798,0.26571995,0.002148745222870764,340.9965,46.472458,537.77,105934.0,0.07974591,9.679902,0.0,331.08442105263157,-0.64278585,59.38482,0.9060215,0.7422037,2.0399024e-11
121871.82388925552,220892132.0,45.792683,548.9688635613851,0.9845760278403759,0,863,393.75,78.60486,387.1,78.50247,0.57485557,56.5158,0.2683869,0.0021444096232866605,302.28099999999995,45.229115,555.13,106399.0,0.08180226,9.762196,0.0,312.69075268817204,-0.56279606,56.79216,0.276365,0.77179056,2.067929e-11
122345.65130615234,221146902.0,58.930286,540.2811041973667,0.984010249376297,0,864,393.75,79.14882,389.1,78.962814,0.5889006,57.848736,0.24219003,0.002110473063270964,305.37850000000003,59.058453,551.52,106866.0,0.076414816,10.008414,0.0,317.9218415417559,0.12896545,58.01021,0.16147895,0.8008297,2.1035663e-11
122810.78322339058,221403964.0,44.00709,550.3814950391367,0.9868285059928894,0,865,393.75,82.495224,386.5,83.25048,0.6157307,55.23745,0.3038237,0.0021499277149966273,331.46899999999994,42.28975,534.68,107346.0,0.095419645,9.467739,0.0,324.0808333333334,-1.7165954,56.676376,1.4389433,0.74607474,2.0886615e-11
123271.15852117538,221660769.0,33.174595,556.0680627996311,0.9858626741915941,0,866,393.75,79.454895,386.35,79.000946,0.60172075,54.99849,0.26762378,0.0021721408703110593,309.235,31.702862,555.55,107821.0,0.08289833,9.447226,0.0,318.62399999999997,-1.4709626,55.991596,0.9931082,0.7706844,2.0417935e-11
123737.45498204231,221916481.0,59.177757,549.0069547687547,0.9851114023476839,0,867,393.75,80.57075,387.75,80.70509,0.5944346,53.604855,0.24856943,0.002144558417065448,326.457,58.4307,533.26,108295.0,0.076948956,9.831149,0.0,317.8255274261603,-0.7462501,54.825558,1.2207025,0.8081151,2.1705197e-11
124200.28374791145,222169430.0,46.66755,553.1203306243523,0.9844262106344104,0,868,393.75,79.970505,387.25,79.77443,0.6015054,58.11293,0.26051995,0.002160626291501376,338.87199999999996,45.639416,516.99,108764.0,0.08051771,9.9799185,0.0,321.65330490405114,-1.0273479,58.581024,0.4680863,0.78566176,2.0148752e-11
124660.33816289902,222430709.0,47.14381,556.4559140399077,0.9852122683078051,0,869,393.75,79.59497,388.85,79.25013,0.63028187,60.05506,0.25151736,0.0021736559142183894,331.65600000000006,47.466324,532.06,109250.0,0.07839443,9.6791315,0.0,328.39629629629627,0.32331336,60.3892,0.3341354,0.79789495,2.0813953e-11
125123.468085289,222685087.0,32.214046,552.7606566185808,0.985255497507751,0,870,393.75,77.94256,388.0,76.68713,0.6120166,54.957405,0.27557716,0.002159221314916331,329.83799999999997,31.194836,536.17,109725.0,0.08521118,9.464326,0.0,324.8578947368421,-1.0184231,55.971375,1.013967,0.78674984,2.0402987e-11
125586.01547431946,222938908.0,36.59574,553.4568047970185,0.9836823865771294,0,871,393.75,75.83955,392.9,74.165306,0.5963163,59.118847,0.25048935,0.0021619406437383536,316.9205,36.640324,546.51,110193.0,0.079039335,9.687776,0.0,321.5287393162393,0.045357972,58.929638,-0.18919684,0.77461666,2.1434696e-11
126053.23537302017,223199002.0,41.906193,547.9218687215745,0.9848732938989997,0,872,393.75,75.521675,391.35,73.09826,0.63003784,58.74395,0.26369438,0.00214031979969365,350.88249999999994,41.040134,514.13,110678.0,0.081531554,9.288462,0.0,327.94659793814435,-0.8652632,59.084854,0.3409117,0.7949381,2.0990286e-11
126517.67967629433,223455246.0,40.61361,551.1963397877806,0.9863539049401879,0,873,393.75,78.409706,389.9,77.28832,0.6354591,60.54697,0.26781908,0.002153110702296018,332.1175,40.616074,527.67,111161.0,0.081488706,9.159548,0.0,333.69130434782613,0.0032275086,60.705784,0.15881826,0.76400864,2.0530964e-11
126985.72757005692,223708004.0,60.792244,546.9525734685878,0.9830992370843887,0,874,393.75,77.663246,389.85,77.09864,0.5969338,60.55426,0.25544488,0.0021365334901116712,316.60400000000004,60.774628,542.11,111630.0,0.07974896,10.09645,0.0,320.2987206823027,-0.016848885,60.46497,-0.08929781,0.7690941,1.8703953e-11
127446.22272014618,223963715.0,36.15194,555.923335892628,0.9860065672546625,0,875,393.75,79.766556,391.55,79.56144,0.61160374,59.828175,0.26873407,0.002171575530830578,328.586,35.720253,532.56,112111.0,0.081751496,9.435892,0.0,323.0556133056133,-0.43091607,59.793465,-0.034718763,0.7708115,2.021062e-11
127901.57246351242,224217521.0,45.046043,562.2052141887277,0.9846525313332677,0,876,393.75,77.742096,387.95,76.699814,0.6091909,59.32163,0.26053038,0.002196114117924718,334.8165000000001,44.868732,518.83,112586.0,0.081394486,9.631071,0.0,321.5863157894737,-0.1765384,59.540306,0.21867202,0.77256227,1.9683276e-11
128369.73625612259,224476062.0,33.781548,546.8171696335487,0.9860381176695228,0,877,393.75,79.335464,389.85,78.73584,0.6263125,60.176212,0.29392532,0.0021360045688810494,307.4775,33.1647,548.3,113072.0,0.089202195,9.374311,0.0,326.3972222222222,-0.6161079,60.24932,0.073106155,0.74184155,1.9391128e-11
128831.50081419945,224728887.0,52.915497,554.3950819139957,0.9837796874344349,0,878,393.75,77.51335,389.0,76.5165,0.584217,57.77784,0.28445336,0.0021656057887265456,297.392,52.666042,549.53,113541.0,0.08670574,9.872022,0.0,315.6296375266524,-0.24867767,57.711517,-0.06633132,0.77729183,2.0548615e-11
129300.77980732918,224985945.0,51.27408,545.517706413144,0.9850183743983507,0,879,393.75,79.67368,387.6,79.56078,0.60052,60.541847,0.29538658,0.002130928540676344,306.226,51.79207,559.36,114015.0,0.086573035,9.752015,0.0,317.3933544303797,0.518735,60.458637,-0.083212346,0.74518013,2.0294962e-11
129764.23805069923,225242350.0,39.916046,552.3690724292338,0.9831837564706802,0,880,393.75,77.81057,389.6,77.228035,0.5957533,62.424286,0.25826895,0.0021576916891766942,311.992,40.412704,542.48,114492.0,0.08008318,10.090277,0.0,314.967714884696,0.49743134,61.5859,-0.8383965,0.7712533,2.154716e-11
130230.93276929855,225494458.0,57.667377,548.5384552204215,0.9859948121011257,0,881,393.75,77.04314,387.6,75.83295,0.5852179,56.573357,0.26396236,0.0021427283407047712,326.336,58.447807,533.86,114959.0,0.0827053,9.117556,0.0,318.36895074946466,0.78119236,56.637245,0.06389684,0.76247174,1.9868789e-11
130693.38539147377,225754285.0,59.164673,553.5702204387226,0.9817151166498661,0,882,393.75,77.66847,389.0,77.342575,0.56392986,58.6286,0.26315597,0.0021623836735887602,298.43949999999995,60.566963,557.33,115431.0,0.08259193,10.502457,0.0,299.63103813559314,1.4030217,57.956924,-0.6716744,0.73240066,2.0991398e-11
131150.59926629066,226009812.0,50.74004,559.9130168622357,0.9824061449617147,0,883,396.75,78.82671,396.75,78.7902,0.5934976,60.328003,0.26914057,0.0021871602221181083,315.4585,50.642666,537.19,115904.0,0.082827576,10.455719,0.0,316.7728329809725,-0.096636996,60.19116,-0.13685137,0.73590124,2.0779777e-11
131612.69534683228,226262856.0,33.56361,553.9973412021784,0.9844257533550262,0,884,396.75,79.19334,387.45,79.51044,0.5822317,61.503323,0.27090827,0.0021640521140710092,294.171,33.569077,563.62,116373.0,0.08178686,9.883076,0.0,313.43763326226014,0.0062240446,60.82396,-0.6793578,0.75931716,1.9903553e-11
132077.93423056602,226524802.0,50.689617,550.2549527792817,0.9841776099056005,0,885,396.75,78.57498,388.4,78.18913,0.60851026,64.46007,0.25693482,0.002149433409294069,322.5375,51.96911,540.21,116860.0,0.08008376,9.883718,0.0,313.8245379876797,1.280255,63.466984,-0.9930752,0.7652158,2.1506037e-11
132557.51140785217,226775475.0,49.16322,533.8035505539772,0.9821293391287327,0,886,396.75,77.63157,389.55,77.61516,0.5990729,67.528915,0.26530072,0.002085170119351473,313.42499999999995,50.13483,539.79,117330.0,0.08288168,10.37788,0.0,323.566914893617,0.9723755,65.89389,-1.6350199,0.7628467,2.0263492e-11
133032.031873703,227039130.0,37.448242,539.4920101938785,0.9813679717481136,0,887,396.75,76.368454,390.15,75.55594,0.5881482,65.32293,0.26424795,0.002107390664819838,311.25,39.087746,560.09,117810.0,0.0813587,10.4242325,0.0,308.215625,1.6402748,63.53463,-1.7883048,0.77070946,2.0082212e-11
133488.10065340996,227290532.0,45.178234,561.3188435404232,0.9840806741267443,0,888,396.75,77.375755,391.7,76.67209,0.60954547,62.907295,0.25008237,0.0021926517325797784,328.1225,45.220257,520.92,118287.0,0.07765874,9.762639,0.0,323.5493710691824,0.042803552,62.4303,-0.47698987,0.78160423,1.9945948e-11
133946.37831139565,227544427.0,38.83105,558.6133112515716,0.9843097571283579,0,889,396.75,78.01356,387.1,77.73666,0.60519016,65.031,0.26378638,0.0021820832470764518,322.0905,39.48302,541.04,118760.0,0.080315195,9.772033,0.0,322.9579281183932,0.65271556,64.10462,-0.92639667,0.74511665,2.027505e-11
134402.92979359627,227801729.0,36.26615,560.7253726700329,0.9850833462551236,0,890,396.75,78.24177,392.55,77.67036,0.63055325,64.93955,0.24960345,0.0021903334869923163,309.297,37.04596,524.25,119250.0,0.077283934,9.555961,0.0,324.5411224489796,0.78057367,64.38663,-0.5529337,0.76410806,2.0695008e-11
134853.32675457,228062314.0,52.70297,568.3874941041755,0.9845715714618564,0,891,396.75,77.9263,387.9,76.86551,0.65905976,65.184555,0.27703846,0.0022202636488444357,334.8299999999999,52.61834,517.54,119749.0,0.08457965,9.679321,0.0,333.7392785571143,-0.08388522,64.92876,-0.25579455,0.74205005,2.0972907e-11
135317.99423599243,228313729.0,34.72868,550.9316021348029,0.9839541502296925,0,892,396.75,77.215645,390.9,76.14503,0.6031312,60.718285,0.25187483,0.002152076570839074,295.8855,34.77473,538.91,120222.0,0.07784552,9.781076,0.0,322.44862579281187,0.046807863,60.367043,-0.3512449,0.75576097,2.122744e-11
135781.9570183754,228573484.0,41.468906,551.7683954845585,0.9848801959306002,0,893,396.75,77.7832,389.5,76.47357,0.63619024,63.046898,0.25350747,0.0021553452948615565,344.4895,41.705368,503.86,120718.0,0.079881,9.564425,0.0,324.20574596774196,0.237246,62.57541,-0.47149393,0.78470767,2.2176708e-11
136243.89924120903,228827719.0,56.58583,554.1818594317959,0.9845315283164382,0,894,396.75,77.26714,389.1,75.57318,0.64178735,60.194443,0.24561845,0.002164772888405453,338.099,56.883446,525.82,121207.0,0.07537881,9.609893,0.0,331.47218813905937,0.2983893,60.48636,0.291915,0.77452177,1.9292084e-11
136707.3462281227,229085541.0,47.27213,552.3824886743326,0.984511025249958,0,895,396.75,78.55232,388.75,77.62767,0.63718593,61.69361,0.2627799,0.0021577440963841117,330.099,46.318306,515.77,121701.0,0.080841094,9.776207,0.0,324.3477732793522,-0.95307565,61.805206,0.11160741,0.74612576,1.9604382e-11
137166.66072034836,229340117.0,47.1431,557.352324677435,0.9844472222030163,0,896,396.75,78.28127,389.9,77.1911,0.6316945,60.88938,0.25646764,0.0021771575182712305,303.91900000000004,47.147243,536.05,122189.0,0.080018505,9.762518,0.0,328.5598360655738,0.0049200896,61.003914,0.1145201,0.7780143,2.023797e-11
137630.36049103737,229596106.0,40.576813,552.081359927373,0.9843638744205236,0,897,396.75,78.718735,387.05,78.17308,0.6333089,63.305656,0.26214904,0.002156567812216301,316.43100000000004,40.35854,529.97,122676.0,0.080546625,9.843345,0.0,327.6418891170431,-0.21751505,63.161198,-0.14445075,0.75798965,2.080446e-11
138096.24254202843,229851031.0,33.102673,549.4953056367337,0.9860598836094141,0,898,396.75,78.91673,389.15,77.99047,0.6470559,62.394993,0.26653877,0.0021464660376434913,314.487,32.3726,515.24,123173.0,0.08256465,9.317563,0.0,329.70010060362176,-0.72931457,62.565746,0.17073944,0.75909317,2.2312045e-11
138559.8226890564,230110523.0,40.26438,552.2238207162799,0.9855597708374262,0,899,396.75,79.31634,390.95,78.21368,0.6633474,64.22941,0.25202274,0.002157124299672968,298.93,40.643063,526.49,123680.0,0.078343615,9.531246,0.0,331.4602564102564,0.3794588,63.984146,-0.2452629,0.77912647,2.0218533e-11
139031.31986880302,230363895.0,42.129047,542.9512858116537,0.9841105006635189,0,900,396.75,76.663666,389.55,74.91505,0.63457453,65.30312,0.26054764,0.0021209034602017725,334.59350000000006,42.673088,515.54,124168.0,0.08214282,9.663728,0.0,326.70963114754096,0.5447722,64.54183,-0.76129967,0.7308696,1.9353503e-11
139489.37463784218,230622452.0,36.283207,558.8851318740825,0.9859253084287047,0,901,396.75,78.0743,391.6,76.36626,0.6822524,66.026596,0.27498668,0.002183145046383135,332.5685,35.89151,508.85,124677.0,0.084600665,9.262486,0.0,338.9597249508841,-0.3909474,65.855125,-0.17147401,0.7514091,2.2383338e-11
139943.81954717636,230876580.0,37.595245,563.3246071015984,0.986730326898396,0,902,396.75,81.97045,390.65,82.24928,0.66847336,62.640213,0.26512855,0.0022004867464906186,339.24950000000007,36.667156,516.72,125176.0,0.080210924,9.44251,0.0,338.44939879759517,-0.9273547,63.45012,0.8099008,0.73307425,1.996338e-11
140396.21970391273,231134892.0,35.71631,565.8707146495934,0.9869883609935641,0,903,396.75,83.01122,392.2,83.93236,0.6641469,65.878586,0.27471125,0.0022104324790999746,340.12050000000005,35.05107,507.75,125680.0,0.08391581,9.468971,0.0,334.237003968254,-0.66452,66.0039,0.12530525,0.71565163,2.2734956e-11
140852.94921851158,231391642.0,36.70245,560.5068028608778,0.9857427161186934,0,904,396.75,80.909386,390.15,81.55631,0.6405644,67.33686,0.26161242,0.0021894796986753036,338.56700000000006,36.741096,517.88,126172.0,0.08080535,9.660893,0.0,328.40569105691054,0.039383125,66.77861,-0.5582485,0.738329,2.005159e-11
141308.70601773262,231650384.0,42.021282,561.7030847099701,0.9860143130645156,0,905,396.75,80.45337,390.25,80.25367,0.67475355,66.086365,0.27887818,0.0021941526746483207,354.20149999999995,41.90108,495.72,126682.0,0.08765669,9.5145035,0.0,334.76529411764704,-0.11947708,66.14901,0.062649004,0.72591805,2.0182106e-11
141767.8457491398,231900161.0,35.545837,557.5644678264164,0.9878004556521773,0,906,396.75,79.941925,391.6,79.53071,0.6695373,66.156296,0.24630126,0.002177986202446939,334.52700000000004,35.180824,509.89,127176.0,0.07554703,8.829709,0.0,342.4633603238866,-0.3642455,66.31846,0.16216803,0.7685325,1.9891713e-11
142224.14315867424,232156852.0,60.202446,561.0375922606894,0.9857010850682855,0,907,396.75,79.84803,392.6,79.88018,0.6550454,67.84645,0.2525969,0.002191553094768318,332.412,61.344524,523.26,127674.0,0.077312835,9.548074,0.0,331.6979919678715,1.1428609,67.37569,-0.4707657,0.78432924,2.1616002e-11
142690.3863852024,232413426.0,47.210083,549.06963883696,0.9850346921011806,0,908,396.75,79.06062,390.6,78.50301,0.6529702,67.59635,0.2569755,0.002144803276706875,330.579,47.811195,515.65,128174.0,0.07843204,9.671705,0.0,330.061,0.60184807,66.8512,-0.74515545,0.73511904,1.9906823e-11
143156.6243236065,232662614.0,49.35101,549.0758664476756,0.9847947293892503,0,909,396.8,78.46382,396.8,78.230804,0.62135065,66.58197,0.243094,0.0021448276033112328,326.414,50.351368,514.52,128659.0,0.07735428,9.675346,0.0,325.0673195876289,1.0010989,65.67614,-0.9058172,0.7420497,1.9651733e-11
143624.04785895348,232924630.0,48.153053,547.6831623592984,0.9840661939233541,0,910,396.8,78.58515,390.65,78.00334,0.6417029,66.88481,0.25622648,0.0021393873529660097,335.5865,49.155254,507.7,129164.0,0.0783992,9.91974,0.0,320.89643564356436,1.0029762,65.84291,-1.0418978,0.7733503,2.15603e-11
144094.06424736977,233182209.0,38.420998,544.6618592653466,0.9860215857625008,0,911,396.8,79.17818,391.1,78.46583,0.65644175,65.31423,0.2543834,0.00212758538775526,337.337,38.698948,499.65,129664.0,0.07823698,9.361262,0.0,332.1939,0.2786853,65.11156,-0.20267022,0.73589087,1.9648288e-11
144563.24908185005,233437934.0,35.147373,545.6271839723257,0.9860157715156674,0,912,396.8,79.9509,393.0,79.87458,0.6307292,63.2653,0.28565517,0.002131356187391897,339.05500000000006,35.011593,516.24,130157.0,0.086774066,9.454588,0.0,322.73184584178495,-0.13508385,63.11478,-0.15052338,0.6973905,2.0338807e-11
145032.40458083153,233691653.0,38.41881,545.6613011160889,0.9864444024860859,0,913,396.8,80.458755,390.45,80.374374,0.6604403,63.931442,0.2502804,0.0021314894574847223,340.5565000000001,38.00953,503.52,130654.0,0.07835584,9.367694,0.0,336.9048289738431,-0.4085145,64.29914,0.36770067,0.76812,2.125514e-11
145492.2223956585,233951234.0,39.933075,556.7422395244423,0.9858127245679498,0,914,396.8,80.26589,390.0,80.045685,0.65562713,62.46829,0.260267,0.002174774373142353,326.856,39.525524,526.84,131156.0,0.08016421,9.560499,0.0,328.33276892430274,-0.4068038,62.98941,0.52112776,0.7463461,2.1180533e-11
145957.79808354378,234204291.0,37.92533,549.8568904291178,0.9868729189038277,0,915,396.8,79.57838,394.2,78.8319,0.6779794,63.60252,0.26285398,0.0021478784782387413,326.56800000000004,37.011696,518.26,131659.0,0.0811306,9.117571,0.0,341.47733598409536,-0.9128742,64.32697,0.72445714,0.76200336,2.081099e-11
146417.25795698166,234459955.0,40.853992,557.1759685660797,0.9865851737558842,0,916,396.8,80.38749,389.85,80.0559,0.6569531,62.562927,0.24611425,0.0021764686272112486,331.7065,41.049526,512.39,132159.0,0.07546601,9.310672,0.0,332.3378,0.19627444,63.10006,0.53713715,0.74042714,1.9895582e-11
146888.39516425133,234717487.0,44.947403,543.3661278496122,0.986108829267323,0,917,396.8,80.57765,391.7,80.39045,0.67549026,64.867836,0.27202895,0.002122523936912548,352.47900000000004,43.918766,496.15,132664.0,0.08485106,9.496947,0.0,336.6353465346534,-1.0279056,65.396255,0.5284279,0.73250574,2.0151674e-11
147358.89261865616,234974871.0,39.700165,544.1049629563553,0.9876910503953695,0,918,396.8,81.05299,391.25,80.63096,0.6899778,64.56606,0.2881518,0.0021254100115482627,320.7375,39.11699,521.75,133176.0,0.08859598,8.992482,0.0,341.32021484375,-0.5824187,65.16944,0.6033752,0.75866,2.0962785e-11
147833.20603251457,235229911.0,36.633835,539.7275145931632,0.9872980890795588,0,919,396.8,81.365555,389.45,81.06763,0.69203764,65.11073,0.27650505,0.0021083106038795436,359.256,35.624252,490.11,133683.0,0.08409302,9.170122,0.0,345.0234714003945,-1.008831,65.706825,0.59608454,0.75073963,2.1897982e-11
148290.43586039543,235486794.0,41.763523,559.893481111005,0.9872741783037782,0,920,396.8,79.897255,390.4,79.47631,0.6782248,66.87313,0.25580734,0.0021870839105898633,342.90899999999993,42.162327,499.59,134189.0,0.07937976,9.013112,0.0,337.6379446640316,0.39956737,66.90034,0.027197355,0.7638774,2.1185557e-11
