best_eplen,rew_mean,total_secs,tcount,best_ext_ret,recent_best_ext_ret,recent_best_eplen,eplen_std,n_updates,eprew,eplen,recent_worst_eplen,eprew_recent,epcount,eprew_std
250,-0.3347963,229.46551942825317,224000.0,-80.0,-80.0,250,0.0,1,-89.16,250.0,250,-89.26785714285714,896.0,2.318275220934736
250,-0.33911908,456.43647813796997,480000.0,-80.0,-80.0,250,0.0,2,-88.94,250.0,250,-89.236328125,1920.0,2.552724035221982
250,-0.3365753,682.0002481937408,736000.0,-76.0,-76.0,250,0.0,3,-89.22,250.0,250,-88.693359375,2944.0,2.0375475454575294
250,-0.33680373,906.8625965118408,992000.0,-76.0,-76.0,250,0.0,4,-88.86,250.0,250,-88.541015625,3968.0,2.580775077375012
250,-0.33721364,1135.199599981308,1248000.0,-72.0,-72.0,250,0.0,5,-88.14,250.0,250,-88.4296875,4992.0,3.1016769657719028
250,-0.3348994,1362.420814037323,1504000.0,-68.0,-68.0,250,0.0,6,-88.14,250.0,250,-88.1796875,6016.0,2.6115895542753265
250,-0.3347297,1588.0219841003418,1760000.0,-68.0,-72.0,250,0.0,7,-88.1,250.0,250,-87.8984375,7040.0,2.8478061731796283
250,-0.33425286,1811.682676076889,2016000.0,-64.0,-64.0,250,0.0,8,-88.44,250.0,250,-87.80859375,8064.0,2.601230478062257
250,-0.33437222,2038.8441634178162,2272000.0,-64.0,-72.0,250,0.0,9,-88.28,250.0,250,-87.771484375,9088.0,3.1625306322627136
250,-0.33341146,2266.0224525928497,2528000.0,-64.0,-72.0,250,0.0,10,-87.16,250.0,250,-87.484375,10112.0,3.1771685507696943
250,-0.3332307,2493.229867696762,2784000.0,-64.0,-64.0,250,0.0,11,-87.46,250.0,250,-87.46484375,11136.0,3.4854554939060693
250,-0.33621395,2718.5204677581787,3040000.0,-64.0,-68.0,250,0.0,12,-87.16,250.0,250,-87.8046875,12160.0,3.8800000000000003
250,-0.33941755,2944.545454978943,3296000.0,-64.0,-76.0,250,0.0,13,-88.4,250.0,250,-88.3984375,13184.0,3.03315017762062
250,-0.34077746,3172.661139726639,3552000.0,-64.0,-76.0,250,0.0,14,-88.54,250.0,250,-88.767578125,14208.0,2.7255091267504494
250,-0.3405701,3399.7639951705933,3808000.0,-64.0,-72.0,250,0.0,15,-88.74,250.0,250,-88.537109375,15232.0,2.37747765499489
250,-0.34164023,3627.3326363563538,4064000.0,-64.0,-76.0,250,0.0,16,-88.78,250.0,250,-88.544921875,16256.0,2.076439259886983
250,-0.34196258,3856.956778526306,4320000.0,-64.0,-76.0,250,0.0,17,-88.6,250.0,250,-88.529296875,17280.0,2.3237900077244507
250,-0.3420459,4087.8676681518555,4576000.0,-64.0,-76.0,250,0.0,18,-88.6,250.0,250,-88.384765625,18304.0,2.374868417407584
250,-0.34218225,4318.966700792313,4832000.0,-64.0,-76.0,250,0.0,19,-88.3,250.0,250,-88.46484375,19328.0,2.2338307903688674
250,-0.34115988,4548.494428634644,5088000.0,-64.0,-76.0,250,0.0,20,-88.24,250.0,250,-87.994140625,20352.0,2.5024787711387284
250,-0.3405633,4780.265742301941,5344000.0,-64.0,-76.0,250,0.0,21,-87.72,250.0,250,-87.8203125,21376.0,2.6835796988351213
250,-0.33943987,5008.822154045105,5600000.0,-64.0,-72.0,250,0.0,22,-87.4,250.0,250,-87.45703125,22400.0,2.7928480087537886
250,-0.33925644,5236.141396284103,5856000.0,-64.0,-64.0,250,0.0,23,-87.4,250.0,250,-87.419921875,23424.0,3.268026927673639
250,-0.33966228,5460.629910230637,6112000.0,-64.0,-76.0,250,0.0,24,-86.86,250.0,250,-87.4375,24448.0,2.6115895542753265
250,-0.33991888,5689.288929462433,6368000.0,-64.0,-76.0,250,0.0,25,-87.18,250.0,250,-87.458984375,25472.0,2.499519953911151
250,-0.3403794,5917.579644203186,6624000.0,-64.0,-76.0,250,0.0,26,-87.48,250.0,250,-87.43359375,26496.0,2.308592644881292
250,-0.34027323,6146.625150680542,6880000.0,-64.0,-76.0,250,0.0,27,-87.42,250.0,250,-87.435546875,27520.0,2.534482195636813
250,-0.33972698,6374.820230960846,7136000.0,-64.0,-80.0,250,0.0,28,-87.44,250.0,250,-87.32421875,28544.0,2.2992172581119856
250,-0.3411599,6603.331915378571,7392000.0,-64.0,-76.0,250,0.0,29,-87.36,250.0,250,-87.474609375,29568.0,2.512050954897213
250,-0.3405938,6831.652972459793,7648000.0,-64.0,-72.0,250,0.0,30,-87.4,250.0,250,-87.5546875,30592.0,2.6
250,-0.3399917,7060.48251914978,7904000.0,-64.0,-76.0,250,0.0,31,-87.26,250.0,250,-87.275390625,31616.0,2.8796527568441306
250,-0.33991694,7291.6751754283905,8160000.0,-64.0,-72.0,250,0.0,32,-87.7,250.0,250,-87.41015625,32640.0,2.582634314028992
250,-0.3399861,7521.5032341480255,8416000.0,-64.0,-76.0,250,0.0,33,-87.5,250.0,250,-87.248046875,33664.0,2.3043437243605824
250,-0.33969855,7751.854905366898,8672000.0,-64.0,-80.0,250,0.0,34,-87.2,250.0,250,-87.251953125,34688.0,2.4494897427831788
250,-0.33972406,7984.454170465469,8928000.0,-64.0,-68.0,250,0.0,35,-87.78,250.0,250,-87.1015625,35712.0,2.480241923684059
250,-0.33938417,8212.304058790207,9184000.0,-64.0,-76.0,250,0.0,36,-86.8,250.0,250,-87.060546875,36736.0,2.3151673805580453
250,-0.339703,8442.402280807495,9440000.0,-64.0,-76.0,250,0.0,37,-87.14,250.0,250,-87.15234375,37760.0,2.5180150912971113
250,-0.33826327,8669.199801206589,9696000.0,-64.0,-76.0,250,0.0,38,-86.86,250.0,250,-86.740234375,38784.0,2.3195689254686953
250,-0.3377424,8898.137538909912,9952000.0,-64.0,-72.0,250,0.0,39,-86.94,250.0,250,-86.6484375,39808.0,2.4569086267095894
250,-0.33691785,9125.433820009232,10208000.0,-64.0,-76.0,250,0.0,40,-86.78,250.0,250,-86.505859375,40832.0,2.6667583317578663
250,-0.33663025,9354.921130657196,10464000.0,-64.0,-76.0,250,0.0,41,-86.22,250.0,250,-86.32421875,41856.0,2.8551006987495207
250,-0.3367246,9585.199804544449,10720000.0,-64.0,-76.0,250,0.0,42,-86.68,250.0,250,-86.306640625,42880.0,2.3701476747240875
250,-0.3349611,9813.85126209259,10976000.0,-64.0,-76.0,250,0.0,43,-85.52,250.0,250,-85.93359375,43904.0,2.8722116913625984
250,-0.33308426,10043.270993232727,11232000.0,-64.0,-68.0,250,0.0,44,-86.02,250.0,250,-85.51953125,44928.0,2.3237039398339885
250,-0.33306107,10272.188118696213,11488000.0,-64.0,-72.0,250,0.0,45,-85.78,250.0,250,-85.478515625,45952.0,3.0317651624095165
250,-0.33192942,10498.986488342285,11744000.0,-64.0,-68.0,250,0.0,46,-85.16,250.0,250,-85.224609375,46976.0,2.656012048165444
250,-0.33105782,10727.983677625656,12000000.0,-64.0,-72.0,250,0.0,47,-85.2,250.0,250,-84.9296875,48000.0,2.7568097504180447
250,-0.33100364,10956.945123195648,12256000.0,-64.0,-72.0,250,0.0,48,-84.78,250.0,250,-84.99609375,49024.0,2.4313782099870846
250,-0.32957178,11183.093945503235,12512000.0,-64.0,-68.0,250,0.0,49,-84.62,250.0,250,-84.587890625,50048.0,3.0025988743087213
250,-0.3287957,11410.841470718384,12768000.0,-64.0,-68.0,250,0.0,50,-84.08,250.0,250,-84.421875,51072.0,2.883331406550416
250,-0.32710716,11636.114438533783,13024000.0,-64.0,-68.0,250,0.0,51,-83.94,250.0,250,-84.06640625,52096.0,3.492334462791329
250,-0.325662,11861.584324598312,13280000.0,-64.0,-68.0,250,0.0,52,-83.84,250.0,250,-83.7734375,53120.0,3.306720429670461
250,-0.32462168,12088.13940501213,13536000.0,-64.0,-72.0,250,0.0,53,-83.3,250.0,250,-83.451171875,54144.0,3.702701716314724
250,-0.323049,12314.343344688416,13792000.0,-64.0,-72.0,250,0.0,54,-83.7,250.0,250,-83.1328125,55168.0,3.4452866353904437
250,-0.32311612,12541.985050678253,14048000.0,-64.0,-68.0,250,0.0,55,-83.46,250.0,250,-83.029296875,56192.0,3.3209034915215465
250,-0.32263032,12770.632452964783,14304000.0,-64.0,-64.0,250,0.0,56,-82.92,250.0,250,-82.96875,57216.0,3.6046636458898633
250,-0.32055354,12999.051978111267,14560000.0,-64.0,-68.0,250,0.0,57,-82.14,250.0,250,-82.576171875,58240.0,3.7443824590978947
250,-0.31859675,13229.857175588608,14816000.0,-64.0,-64.0,250,0.0,58,-81.88,250.0,250,-81.982421875,59264.0,4.748220719385316
250,-0.31642032,13455.154339790344,15072000.0,-64.0,-64.0,250,0.0,59,-81.18,250.0,250,-81.48046875,60288.0,3.8894215508221777
250,-0.31542963,13684.088299512863,15328000.0,-64.0,-68.0,250,0.0,60,-81.44,250.0,250,-81.28515625,61312.0,4.327401067615527
250,-0.3142373,13916.968859672546,15584000.0,-64.0,-64.0,250,0.0,61,-81.7,250.0,250,-80.95703125,62336.0,3.892300091205713
250,-0.31158143,14147.9191031456,15840000.0,-64.0,-64.0,250,0.0,62,-78.7,250.0,250,-80.2421875,63360.0,4.84458460551573
250,-0.3107115,14380.441845417023,16096000.0,-64.0,-68.0,250,0.0,63,-79.98,250.0,250,-80.060546875,64384.0,4.625970168516005
250,-0.30842236,14610.10854959488,16352000.0,-64.0,-64.0,250,0.0,64,-79.26,250.0,250,-79.576171875,65408.0,4.780418391731001
250,-0.3079807,14841.903366327286,16608000.0,-64.0,-64.0,250,0.0,65,-79.0,250.0,250,-79.275390625,66432.0,4.458699361921591
250,-0.3070718,15069.646800518036,16864000.0,-64.0,-64.0,250,0.0,66,-79.5,250.0,250,-79.11328125,67456.0,4.519955751995809
76,-0.3028452,15295.811080694199,17120162.0,105.6,105.6,76,0.0,67,-79.12,250.0,250,-78.17602339181288,68482.0,4.301813571041869
76,-0.30199072,15520.010419845581,17376250.0,105.6,101.1,88,0.0,68,-78.18,250.0,250,-77.81941463414634,69507.0,4.1288739384970325
76,-0.30138466,15749.495552539825,17632250.0,105.6,-64.0,250,0.0,69,-78.06,250.0,250,-77.77734375,70531.0,4.170899183629353
76,-0.2976632,15978.881660699844,17888408.0,105.9,105.9,76,0.0,70,-76.44,250.0,250,-76.78040935672514,71557.0,4.266895827179286
76,-0.2967121,16210.120733499527,18144487.0,105.9,104.4,79,0.0,71,-76.68,250.0,250,-76.5479024390244,72582.0,4.692291551044115
76,-0.29150233,16441.846166610718,18401018.0,105.9,105.0,78,0.0,72,-76.66,250.0,250,-75.20912621359223,73612.0,4.758613243372485
72,-0.291316,16668.337422132492,18657275.0,107.4,107.4,72,0.0,73,-75.64,250.0,250,-75.15696202531646,74639.0,4.607645819721824
68,-0.2856349,16893.51535987854,18914076.0,109.0,109.0,68,24.29010292279553,74,-71.051,246.53,250,-73.36702127659575,75673.0,25.617000195182886
65,-0.28193521,17120.82887649536,19171315.0,110.0,110.0,65,22.38914692434707,75,-71.16,246.81,250,-72.3944177093359,76712.0,24.86197095968057
64,-0.27849618,17345.19347023964,19428740.0,110.4,110.4,64,28.752549452179018,76,-69.706,244.97,250,-71.52907869481766,77754.0,30.846334693120347
64,-0.264331,17573.010954380035,19687504.0,110.4,109.8,66,29.15026414974656,77,-68.031,244.89,250,-67.2090480678605,78815.0,30.64610805632585
61,-0.2552507,17801.837551355362,19946105.0,111.6,111.6,61,47.0444513200016,78,-57.849,236.14,250,-64.21475256769375,79886.0,48.30672312421947
61,-0.23978876,18032.62483048439,20205244.0,111.9,111.9,61,37.77694932098143,79,-62.8,240.61,250,-59.692392300641615,80977.0,41.13873843471625
60,-0.20530504,18261.27796435356,20463866.0,111.9,111.4,60,61.745298606452614,80,-44.33700000000001,223.09,250,-50.216474756421604,82106.0,64.65788684298305
60,-0.14216429,18491.942309617996,20721093.0,111.9,111.9,61,70.06539516765748,81,-34.718,213.98,250,-33.09319502074688,83311.0,72.05100607208757
59,-0.11202269,18722.66074872017,20977672.0,112.1,112.1,59,68.0711803922923,82,-32.983000000000004,214.12,250,-25.542891566265062,84556.0,71.52944296581654
59,-0.023676295,18951.25182080269,21234636.0,112.3,112.3,60,78.40040561119567,83,-15.681000000000001,196.42,250,-7.075991189427313,85918.0,81.62943671862497
59,0.040157426,19178.279821634293,21489948.0,112.4,112.4,59,82.05754078693803,84,-4.742000000000001,186.2,250,4.967820069204152,87363.0,84.75642769725492
59,0.12180108,19405.132834911346,21745748.0,112.4,112.4,59,84.89825616583651,85,23.883000000000006,158.81,250,17.700899165061013,88920.0,86.57017622137543
57,0.24941152,19633.21651339531,22004384.0,113.5,113.5,57,84.69745214585856,86,27.086,154.96,250,33.95401376146789,90664.0,86.82126930654722
57,0.3571567,19865.183230876923,22260456.0,113.5,112.8,58,84.1307856851462,87,39.487,140.97,250,46.341865394806575,92551.0,86.0578510712416
57,0.51237345,20096.018253087997,22517572.0,113.5,112.6,59,79.63369826901172,88,54.05300000000001,126.21,250,60.09345351043643,94659.0,81.19255686945694
56,0.6182373,20324.413229227066,22773478.0,113.8,113.8,56,67.16137208247014,89,72.794,109.99,250,68.39835920177383,96914.0,67.69369958866186
56,0.7229767,20552.759851694107,23029963.0,113.8,112.5,59,56.06545817167643,90,86.2,95.38,250,74.965573089701,99322.0,55.511400630861395
56,0.7527433,20783.105746269226,23286531.0,113.8,112.8,58,62.1924199561329,91,81.91600000000001,98.73,250,76.98252545824847,101777.0,60.927129786327534
56,0.8954429,21013.576449632645,23542997.0,113.8,113.0,58,49.36846260518956,92,92.03800000000001,88.57,250,84.65383458646617,104437.0,48.51735520409166
56,0.9347439,21243.202169418335,23799719.0,113.8,112.4,59,65.55690962820013,93,77.048,104.46,250,86.61064610866374,107161.0,65.39270522007787
56,1.0255995,21473.774466753006,24056461.0,113.8,112.8,58,54.0785872596539,94,88.65999999999998,92.08,250,90.5207619713387,110022.0,53.146384637150994
56,1.0934813,21703.234623908997,24314200.0,113.8,112.8,58,47.50663532602578,95,93.683,87.14,250,92.95524098415909,112989.0,45.92661114212543
56,1.1952287,21931.106638669968,24569044.0,113.8,113.4,57,46.78433391638701,96,95.57700000000001,82.31,250,97.46040527500803,116098.0,46.26044715521025
56,1.2340497,22156.320746183395,24825605.0,113.8,113.2,57,40.82864068273643,97,98.41699999999999,80.61,250,98.25432798237331,119275.0,39.60183848005039
56,1.2399936,22380.984812021255,25080986.0,113.8,112.8,58,47.28263423287667,98,95.35900000000001,82.95,250,98.48710081402629,122469.0,46.154473445160214
56,1.2976929,22609.91002511978,25337797.0,113.8,113.2,57,37.92442352890812,99,100.819,77.41,250,100.10286323484618,125752.0,35.7246544979794
56,1.3323512,22840.98019528389,25593343.0,113.8,113.7,56,46.81424889924007,100,94.787,84.31,250,101.33681368136813,129085.0,45.989813339477685
56,1.4051373,23071.40925860405,25850245.0,113.8,113.5,57,37.31611448154805,101,100.457,78.26,250,103.17997681831352,132536.0,35.39123127273195
56,1.4243158,23300.72323346138,26106760.0,113.8,113.6,56,33.82384366094427,102,102.48200000000001,75.74,250,103.71346153846154,136020.0,31.445430129034648
56,1.4428899,23530.0454993248,26362571.0,113.8,113.6,56,41.877128602615535,103,98.98599999999999,79.19,250,104.30626780626781,139530.0,39.68005549391281
56,1.474356,23758.89858675003,26618712.0,113.8,113.7,56,32.02150995815157,104,104.31599999999997,71.23,250,104.95719898961549,143093.0,31.336106075899096
54,1.4620006,23988.92235302925,26874572.0,114.5,114.5,54,33.29444398094073,105,103.10700000000001,74.2,250,104.5887010425472,146642.0,31.65138940078302
54,1.4941522,24216.35902285576,27130506.0,114.5,113.6,56,19.99340891393961,106,107.697,68.06,250,105.34984734943103,150245.0,19.137332389860397
54,1.5302118,24444.3725669384,27387281.0,114.5,114.4,54,20.46316446691469,107,107.30600000000003,69.17,250,106.10158469945355,153905.0,18.800557544924036
54,1.5909611,24667.646295547485,27643224.0,114.5,113.6,56,20.213668642777343,108,107.515,68.74,250,107.69749533706369,157658.0,18.376378179608736
54,1.5735738,24892.67000579834,27898689.0,114.5,113.7,56,20.60916301066106,109,107.63999999999999,68.32,250,107.21648764769064,161382.0,18.110069022507894
54,1.5856824,25116.064062595367,28154336.0,114.5,114.0,55,40.862178111304836,110,100.58800000000001,75.32,250,107.4175560298826,165130.0,39.54464889210675
54,1.6034648,25341.566558361053,28410629.0,114.5,113.6,56,22.404684777965524,111,107.809,68.01,250,107.60029085140137,168912.0,18.790897237758497
54,1.6157587,25572.131532669067,28666219.0,114.5,114.2,55,13.049521064008442,112,109.491,66.5,250,108.09644830307813,172713.0,5.191090347894169
54,1.6532502,25800.810309648514,28923250.0,114.5,114.4,54,19.667190953463585,113,108.19999999999999,67.04,250,108.42096941420425,176571.0,18.32521214065474
54,1.6683031,26028.96463418007,29179548.0,114.5,114.1,55,21.08103413023185,114,107.90099999999998,67.9,250,109.03299845440495,180453.0,18.161291226121563
54,1.6426679,26255.86662554741,29434869.0,114.5,114.4,54,10.058329881247682,115,110.11900000000001,64.9,250,108.56122501946534,184306.0,4.001567068037221
54,1.6504853,26480.857410669327,29691119.0,114.6,114.6,54,33.093049119112614,116,104.94200000000001,69.51,250,108.47699457784664,188179.0,31.808122170288517
54,1.6471643,26706.61747431755,29947188.0,114.6,114.4,54,20.654033504378756,117,108.81299999999999,65.53,250,108.39469598965071,192044.0,18.137864565598676
54,1.6713463,26931.442437171936,30203827.0,114.6,114.4,54,9.528793207956609,118,110.32300000000001,64.39,250,108.68042977743669,195953.0,3.800259333256087
53,1.703822,27156.362462997437,30459411.0,114.8,114.8,53,19.987943866240975,119,109.008,64.89,250,109.61556734900178,199910.0,18.820322420192475
53,1.6984974,27382.930919647217,30715332.0,114.8,114.2,55,6.3829773617019825,120,111.176,62.24,250,109.40594786130094,203861.0,2.53744438362696
53,1.7064501,27607.50813961029,30971894.0,114.8,114.3,55,7.146019871229019,121,110.926,62.88,250,109.254948375724,207832.0,2.8342413446987886
53,1.7359027,27831.946108579636,31227246.0,114.8,114.2,55,6.388865313966166,122,111.013,62.68,250,110.08958644743397,211846.0,2.528266402102437
53,1.7402357,28056.37914299965,31483483.0,115.0,115.0,53,9.601723803567772,123,110.641,63.63,250,110.05380029806258,215872.0,3.8373713659222513
53,1.7313696,28282.186810970306,31739721.0,115.0,114.4,54,20.208560067456563,124,109.30199999999999,64.21,250,109.76065287814602,219885.0,18.874644261548347
53,1.7677749,28506.490765333176,31996144.0,115.0,114.6,54,5.731273854912187,125,111.508,61.45,250,110.47269825681317,223958.0,2.2811698753052125
53,1.7728381,28728.07799553871,32251766.0,115.0,114.8,53,5.405515701577418,126,111.70599999999999,61.02,250,110.58509073075037,228036.0,2.123149547252854
53,1.7669771,28952.053224802017,32507470.0,115.0,114.8,53,4.877458354512111,127,111.884,60.52,250,110.34211429973018,232113.0,1.9305294610546615
53,1.7822655,29176.49135875702,32764259.0,115.0,114.7,54,7.1376186505024215,128,111.75600000000003,60.88,250,110.46428049671295,236220.0,2.8443740963523063
53,1.7988919,29402.589003801346,33019617.0,115.0,114.8,53,8.548684109265004,129,111.561,61.2,250,110.94783980582524,240340.0,3.4614706412159557
52,1.7889081,29628.19627571106,33275117.0,115.2,115.2,52,13.05296901091855,130,110.97400000000003,62.8,250,110.75703181928588,244457.0,5.200588812817257
52,1.7998612,29855.57387971878,33531638.0,115.2,114.8,53,6.883102498147183,131,111.619,61.23,250,110.59572153734591,248594.0,2.7403173173922766
52,1.7972878,30082.73702979088,33788256.0,115.2,114.9,53,6.288489484765003,132,111.865,60.57,250,110.62499395697364,252731.0,2.5087995137116876
52,1.818747,30309.63429236412,34043236.0,115.2,115.2,52,19.422553900041056,133,110.51800000000001,61.38,250,111.14108471322295,256898.0,18.021345010847554
52,1.8237885,30537.700753688812,34299757.0,115.2,115.2,52,5.007354590999123,134,112.13199999999998,59.92,250,110.97491030853863,261079.0,1.975190117431738
51,1.848838,30764.077356100082,34556032.0,115.6,115.6,51,10.860018416190647,135,112.02099999999999,60.2,250,111.39992901088499,265305.0,4.336756737470988
51,1.8305712,30989.5888171196,34811675.0,115.6,115.1,53,21.805678159598706,136,109.54100000000003,63.82,250,111.11164955836715,269494.0,18.395054199430888
51,1.8488075,31213.584337472916,35067708.0,115.6,115.2,52,6.08745431194354,137,111.95,60.27,250,111.40601183431953,273719.0,2.6084669827314277
51,1.8509558,31438.289119243622,35323634.0,115.6,115.2,52,11.74680807709056,138,112.086,60.05,250,111.48637008991955,277945.0,4.685808788245632
51,1.874386,31663.756594896317,35580059.0,115.6,115.2,52,20.34891643306837,139,110.256,61.96,250,111.73916608104943,282214.0,18.563950657120373
51,1.8849938,31888.44901585579,35835997.0,115.6,115.3,52,4.396316640097708,140,112.44000000000001,59.18,250,111.98873337998602,286501.0,1.7362027531368562
51,1.8716878,32112.808173418045,36092099.0,115.6,115.2,52,5.655537109771273,141,112.31600000000002,59.43,250,111.7582590333177,290763.0,2.2505874788596865
51,1.8775557,32338.17170906067,36347906.0,115.6,114.8,53,14.201760454253549,142,111.956,60.3,250,111.82466073935423,295037.0,5.681625119629067
51,1.8863367,32566.074662685394,36603820.0,115.6,115.4,52,19.83759057950335,143,110.56299999999999,61.1,250,111.93632548379576,299326.0,18.889111440192206
51,1.8946674,32791.55972099304,36860072.0,115.6,115.1,53,4.269367634673781,144,112.76400000000001,58.35,250,112.01154739776952,303630.0,1.70414318647231
51,1.8862246,33017.05367040634,37115748.0,115.6,115.2,52,4.778483022884982,145,112.619,58.69,250,111.95592350746269,307918.0,1.9158650787568519
51,1.910982,33242.43021988869,37371933.0,115.6,115.2,52,19.67053634245899,146,110.627,60.9,250,112.23844023996308,312252.0,18.865889085860758
51,1.903587,33467.46696305275,37628115.0,115.6,115.2,52,4.3159587579123135,147,112.87699999999997,58.15,250,112.16657407407406,316572.0,1.714051049414807
51,1.9079219,33691.00441098213,37884129.0,115.7,115.7,51,2.51894819319493,148,113.07500000000002,57.57,250,112.20136321626617,320900.0,0.9994373417078232
51,1.9063293,33913.8253569603,38140107.0,115.7,115.2,52,19.582175568613412,149,111.15699999999998,59.72,250,112.12818853974123,325228.0,18.48498988368671
51,1.9185597,34136.780890226364,38396017.0,115.7,115.2,52,5.9056244377711655,150,112.50600000000003,58.94,250,112.38601012425218,329574.0,2.368156244845344
49,1.9269867,34358.772339344025,38652169.0,116.4,116.4,49,9.17210444772627,151,112.397,59.25,250,112.4159825728044,333935.0,3.683814734755264
49,1.9244949,34580.07400918007,38907747.0,116.4,115.4,52,7.797332877336968,152,112.54000000000002,58.96,250,112.41626519844002,338294.0,3.119903844672139
49,1.9362166,34803.93367266655,39163726.0,116.4,115.4,52,21.33075479208366,153,110.727,60.83,250,112.60317569111263,342671.0,18.372440529227468
49,1.9363202,35028.980526447296,39420125.0,116.4,115.4,52,2.952354992205375,154,113.31800000000001,57.06,250,112.49059790050205,347053.0,1.1855277305908956
49,1.948268,35250.68651676178,39675884.0,116.4,115.4,52,8.240485422594958,155,112.56,58.88,250,112.73388674095975,351450.0,3.2862744864055395
49,1.9309059,35474.55658316612,39932081.0,116.4,115.6,51,9.610411021387172,156,112.61800000000001,58.8,250,112.43056508808053,355821.0,3.8504124454401003
49,1.948632,35697.896255493164,40188342.0,116.4,115.6,51,3.1144823004794873,157,113.40899999999999,56.8,250,112.68807360290778,360223.0,1.2266291208022093
49,1.9581822,35921.22270131111,40443934.0,116.4,115.5,52,4.781830193555601,158,113.00299999999999,57.79,250,112.87333031469323,364640.0,1.9031791823157371
49,1.9437581,36148.529108285904,40700400.0,116.4,115.6,51,19.61216714185355,159,111.33,59.27,250,112.54389078498293,369035.0,18.50159182340806
49,1.9608512,36371.6814391613,40956120.0,116.4,115.6,51,3.826473572363986,160,113.36300000000001,56.91,250,112.85452079566004,373459.0,1.5027744341716753
49,1.9612224,36593.469641923904,41211973.0,116.4,115.9,51,19.754888002719735,161,111.314,59.38,250,112.88201764306719,377880.0,18.522078825013132
49,1.9725502,36817.90196633339,41468218.0,116.4,116.0,50,4.670588827974477,162,113.252,57.16,250,112.93257643884893,382328.0,1.8702662912002668
49,1.9728938,37041.023527383804,41724337.0,116.4,115.5,52,4.021243588742169,163,113.57600000000001,56.36,250,112.99635381498989,386771.0,1.6038154507299152
49,1.9747275,37262.573157548904,41979873.0,116.4,115.8,51,5.151543458032748,164,113.34499999999998,56.96,250,113.00029220049448,391220.0,2.0738551058355066
49,1.9880449,37489.37772274017,42236126.0,116.4,115.7,51,3.47383073853635,165,113.561,56.45,250,113.1088938547486,395695.0,1.380282217519301
49,1.9935924,37713.93988823891,42492348.0,116.4,115.7,51,4.3713956581394005,166,113.539,56.53,250,113.19163319946452,400177.0,1.7399364930939287
49,1.9952303,37938.340312957764,42747798.0,116.4,116.0,50,8.309338120452193,167,112.96600000000001,57.93,250,113.2622797233995,404660.0,3.3396472867654743
49,1.9988135,38160.56518173218,43004387.0,116.6,116.6,49,20.452735758328274,168,111.38400000000003,59.16,250,113.19706601466991,409159.0,18.64957758234754
49,2.0099292,38386.37276983261,43260183.0,116.6,116.0,50,5.551747472643186,169,113.38799999999999,56.91,250,113.39198050509526,413673.0,2.2108043785011837
49,2.014754,38611.40117383003,43516431.0,116.6,115.8,51,5.8437915773921985,170,113.52500000000002,56.51,250,113.3703892083149,418195.0,2.3225578571910748
49,2.0232606,38832.56572175026,43772495.0,116.6,116.6,49,2.838591199873627,171,114.023,55.32,250,113.51921551344205,422733.0,1.1359449810620226
49,2.0245483,39054.49458241463,44028279.0,116.6,115.9,51,4.602292906801999,172,113.61199999999997,56.33,250,113.56228785541106,427270.0,1.8440325376738882
49,2.0286558,39276.216367959976,44284106.0,116.6,116.2,50,3.9981370661847,173,113.949,55.43,250,113.57098263354584,431819.0,1.5730540359440934
49,2.0376382,39498.69093298912,44540343.0,116.6,116.4,49,6.1251612223679475,174,113.64699999999999,56.32,250,113.63437020810515,436384.0,2.448201584837327
49,2.0432382,39720.25649356842,44796039.0,116.6,116.2,50,3.452694599874133,175,114.009,55.33,250,113.74925634295712,440956.0,1.3797169999677468
49,2.0334861,39945.55714774132,45052454.0,116.6,116.0,50,6.611928614254695,176,113.613,56.32,250,113.54940841367221,445520.0,2.6368790264249884
49,2.0623956,40169.83643698692,45308660.0,116.6,115.9,51,3.560674093482861,177,114.139,55.04,250,113.88815361249729,450129.0,1.4253346975359857
49,2.0538607,40390.82478046417,45564578.0,116.6,116.0,50,5.23511222420303,178,113.957,55.44,250,113.8364941278817,454727.0,2.112972077430272
49,2.0569954,40616.613975048065,45820288.0,116.6,116.0,50,4.688752499332845,179,113.99099999999999,55.34,250,113.83465217391304,459327.0,1.848409857147488
49,2.0565803,40840.33452105522,46076121.0,116.6,116.5,49,5.766246612832303,180,113.92500000000001,55.52,250,113.82815217391304,463927.0,2.318205124660025
49,2.0693557,41063.92672872543,46332376.0,116.6,116.4,49,3.7322781246847074,181,114.35,54.49,250,113.90248487467588,468555.0,1.5159485479395405
49,2.077684,41287.72203421593,46588236.0,116.6,116.0,50,5.2320072629919006,182,114.068,55.19,137,114.08973916792414,473194.0,2.1063181146256125
49,2.074989,41510.511451005936,46844209.0,116.6,116.4,49,5.156849813597444,183,114.20899999999997,54.87,250,114.02829699978415,477827.0,2.074757576200169
49,2.0946114,41734.930532455444,47100420.0,116.6,116.6,49,5.82223324850525,184,114.146,55.04,189,114.21333761507172,482498.0,2.3303828011723735
49,2.076089,41958.568009614944,47356621.0,116.6,116.2,50,8.195236421238866,185,114.20500000000001,54.91,250,113.97049568965517,487138.0,3.2941577072143944
49,2.0866601,42181.1702067852,47612231.0,116.6,116.2,50,4.043204174908806,186,114.302,54.65,133,114.19286941580756,491794.0,1.611085348453023
49,2.0905168,42403.645092487335,47868490.0,116.6,115.9,51,3.3441889898748243,187,114.33500000000002,54.58,250,114.14157736819546,496460.0,1.3362915101129689
49,2.0952644,42625.490800857544,48124420.0,116.6,116.2,50,5.001389806843694,188,114.306,54.69,250,114.20243954632998,501133.0,2.0059820537582085
49,2.1015396,42850.324476480484,48380455.0,116.6,116.1,50,6.964883344320995,189,113.95299999999997,55.52,250,114.27237403928268,505817.0,2.782533198364397
49,2.1010022,43077.74400091171,48636474.0,116.6,116.0,50,4.9401518195294365,190,114.33300000000001,54.57,147,114.28814609141392,510499.0,1.9660139877427125
49,2.104514,43305.94059371948,48892245.0,116.6,116.1,50,4.604345773288535,191,114.39299999999997,54.4,142,114.33749200255919,515188.0,1.850473182729217
49,2.0959337,43532.11035037041,49148125.0,116.6,116.0,50,18.904018091400573,192,113.589,56.41,250,114.17456684491978,519863.0,7.569437165337988
49,2.1128204,43754.4482653141,49404738.0,116.6,116.4,49,6.507618612057716,193,114.16800000000003,54.97,250,114.34797282954787,524574.0,2.6015333939813257
49,2.1120908,43979.92326235771,49660282.0,116.6,116.2,50,1.9240322242623695,194,114.79899999999999,53.41,152,114.4204806465334,529276.0,0.7869555260623061
49,2.1203346,44203.09123158455,49916363.0,116.6,115.9,51,1.632513399638729,195,114.74400000000001,53.57,122,114.46768318509106,533998.0,0.6481234450318862
49,2.1229746,44426.38370370865,50172434.0,116.6,116.0,50,3.651027252705737,196,114.37700000000001,54.5,152,114.4737399407031,538720.0,1.4730821429913539
49,2.1140409,44648.967737197876,50428043.0,116.6,116.4,49,4.176350081111496,197,114.53200000000001,54.09,151,114.43458023379385,543425.0,1.671339582490644
49,2.1222079,44871.85916495323,50684481.0,116.6,116.3,50,2.8037653254150925,198,114.63399999999997,53.83,250,114.4546204271516,548154.0,1.1283811412816152
49,2.1276665,45097.5712826252,50940759.0,116.6,116.4,49,3.20537049340634,199,114.62799999999999,53.84,223,114.50988802028313,552887.0,1.294687607108371
49,2.1224988,45321.13787007332,51195961.0,116.6,116.2,50,4.076714363307784,200,114.58,53.98,250,114.5243964421855,557609.0,1.6272061946784746
49,2.135218,45546.17038178444,51452416.0,116.6,116.2,50,1.6738876903782998,201,114.811,53.41,250,114.5456727732154,562358.0,0.6754102457025666
49,2.1347454,45769.067294836044,51708013.0,116.6,116.3,50,3.4169577111811025,202,114.71299999999998,53.62,165,114.63818449873634,567106.0,1.3748930867525657
49,2.1389506,45991.56286931038,51964332.0,116.6,116.2,50,5.672741841473134,203,114.502,54.2,167,114.60704669751786,571860.0,2.2723107181897464
49,2.1356368,46215.532798051834,52220456.0,116.6,116.6,49,2.3060572412670073,204,114.79099999999998,53.39,197,114.6051157894737,576610.0,0.90929588143794
49,2.139052,46440.561977386475,52476571.0,116.6,116.6,49,1.7296242366479493,205,114.89200000000002,53.22,129,114.62890197728227,581364.0,0.695223705004368
49,2.1416023,46664.00246953964,52732273.0,116.6,116.6,49,2.600980584318153,206,114.805,53.43,137,114.68792016806722,586124.0,1.0314431637274057
49,2.1471345,46888.71479892731,52988600.0,116.6,116.2,50,2.9229437216614356,207,114.81399999999998,53.42,127,114.68662754139591,590895.0,1.1844002701789638
49,2.1492856,47112.88499522209,53244423.0,116.6,116.2,50,5.373602143813776,208,114.71799999999999,53.62,157,114.7398282002933,595668.0,2.136510238683634
49,2.1557655,47337.9683008194,53500479.0,116.6,116.4,49,3.4929070986786925,209,114.63199999999999,53.86,143,114.79095655806182,600456.0,1.4227353935289582
49,2.1535757,47562.256118535995,53756270.0,116.7,116.7,49,5.493122973318548,210,114.64300000000001,53.84,186,114.77929303492994,605237.0,2.192179509073106
49,2.1595554,47789.578996896744,54012326.0,116.7,116.2,50,1.649969696691427,211,115.065,52.76,148,114.80859766277128,610029.0,0.6771078200700399
49,2.1594124,48013.805713653564,54268277.0,116.7,116.3,50,6.137784616618604,212,114.67400000000002,53.74,210,114.82636629119735,614823.0,2.448657591416162
49,2.1715271,48237.5844771862,54524367.0,116.7,116.4,49,2.519444383192453,213,114.92099999999999,53.18,117,114.90795596177813,619637.0,1.0133405153254265
49,2.1682043,48456.2709915638,54780328.0,116.7,116.4,49,0.9475758544834286,214,115.22800000000001,52.39,123,114.91197007481297,624449.0,0.38731898998112746
49,2.1698065,48680.180743694305,55036366.0,116.7,116.6,49,2.563805764873774,215,115.051,52.87,246,114.90550706566917,629261.0,1.036387475802366
49,2.1731591,48904.99696445465,55292387.0,116.7,116.4,49,1.031309846748299,216,115.15799999999999,52.58,114,114.94278008298754,634081.0,0.41404830636050266
49,2.176767,49130.45101213455,55548735.0,116.7,116.2,50,4.834573404138156,217,114.931,53.13,250,114.92926677713339,638909.0,1.953340472114373
49,2.1764827,49355.43168473244,55804380.0,116.7,116.6,49,6.553006943381031,218,114.75599999999997,53.59,202,114.97987969300975,643730.0,2.6267592200275995
49,2.1828816,49580.25253510475,56060440.0,116.7,116.4,49,0.7706490770772388,219,115.31899999999997,52.19,188,115.0246382802811,648568.0,0.31167130121331416
49,2.1819093,49803.364453315735,56316569.0,116.7,116.2,50,6.628566964284211,220,114.75300000000001,53.61,130,115.01438908414306,653405.0,2.6732547577812342
49,2.1875167,50027.52385401726,56572370.0,116.7,116.4,49,1.4344336861632887,221,115.281,52.32,250,115.06362698576437,658252.0,0.5733576545228999
49,2.1823893,50251.448837041855,56828632.0,116.7,116.2,50,6.170380863447572,222,114.631,53.92,250,114.96715584952459,663090.0,2.4715054116873794
49,2.185914,50473.412202596664,57084589.0,116.7,116.2,50,2.5965168976919832,223,115.162,52.59,151,115.06571723426212,667935.0,1.0514542310533537
49,2.1875992,50700.164073467255,57340469.0,116.7,116.4,49,2.351254984045754,224,115.206,52.46,250,115.05067079463365,672780.0,0.9527664981515672
49,2.1919544,50925.770136356354,57596348.0,116.7,116.2,50,5.026917544579383,225,114.99099999999999,53.01,234,115.09498969072165,677630.0,2.028994578602911
49,2.1933763,51150.694214344025,57852946.0,116.7,116.3,50,2.9638488490474684,226,115.13899999999998,52.66,250,115.07743062692703,682495.0,1.1837985470509758
49,2.1880283,51376.549094200134,58108654.0,116.7,116.6,49,7.527788519877534,227,114.92099999999999,53.18,250,115.06171310629514,687340.0,3.0209698773738207
49,2.1978884,51599.792847156525,58364906.0,116.7,116.4,49,5.282224910016611,228,115.03099999999999,52.91,250,115.11456749537703,692207.0,2.107021357271919
49,2.1966598,51823.000497341156,58620449.0,116.7,116.4,49,4.489665911846894,229,115.109,52.73,162,115.16848385105945,697068.0,1.7903683978444218
49,2.1965506,52045.55374932289,58876384.0,116.7,116.3,50,2.7219662011127177,230,115.20399999999998,52.47,250,115.12093358009459,701931.0,1.1114782948847897
49,2.2031176,52268.34092545509,59132442.0,116.7,116.4,49,2.259734497678876,231,115.22300000000001,52.44,138,115.18939487179487,706806.0,0.9248626925117047
49,2.1924913,52490.351252794266,59388164.0,116.7,116.4,49,2.1821090715177363,232,115.28699999999999,52.28,250,115.10173053152037,711660.0,0.8671395504761615
49,2.199536,52712.146290540695,59644776.0,116.7,116.4,49,3.233743960179902,233,115.05799999999999,52.73,250,115.09622564102564,716535.0,1.616426923804475
49,2.2001991,52934.29437971115,59900255.0,116.7,116.4,49,2.149418526020468,234,115.305,52.2,250,115.172934648582,721401.0,0.865260076508792
49,2.2044437,53157.69808769226,60156253.0,116.7,116.3,50,2.418491265231281,235,115.20099999999998,52.47,145,115.2182544560541,726282.0,1.003144555884146
48,2.208043,53377.83776426315,60412596.0,116.8,116.8,48,3.561951712193752,236,115.17199999999998,52.55,250,115.18573183213918,731167.0,1.446795078786212
48,2.2061515,53600.146305799484,60668749.0,116.8,116.4,49,3.1095980447639855,237,115.215,52.48,174,115.20938140106513,736049.0,1.2438950920395182
48,2.208758,53823.87613606453,60924528.0,116.8,116.2,50,1.2510395677195825,238,115.37299999999999,52.07,212,115.24476756092565,740932.0,0.5037568858090189
48,2.1997812,54047.29832816124,61180433.0,116.8,116.3,50,4.807192527869048,239,115.00399999999998,52.97,250,115.15611909650924,745802.0,1.9404597393401397
48,2.2095685,54275.89296269417,61436539.0,116.8,116.4,49,2.2937087870956936,240,115.27600000000001,52.33,130,115.24456944160359,750691.0,0.9313560006785805
48,2.209975,54500.84948015213,61692838.0,116.8,116.4,49,2.7607788756073894,241,115.234,52.41,129,115.22841071793822,755580.0,1.1183219572198337
48,2.2085323,54726.61707043648,61948221.0,116.8,116.6,49,4.436338580406145,242,115.12799999999997,52.67,112,115.27240884883246,760462.0,1.7916517518759056
48,2.2111351,54949.215294122696,62204419.0,116.8,116.6,49,3.283458542451846,243,115.12999999999998,52.67,151,115.24653445103252,765353.0,1.3112970677920397
48,2.2080088,55170.841188669205,62460351.0,116.8,116.4,49,2.1440848863792685,244,115.306,52.23,170,115.2489461837528,770240.0,0.8578834419663313
48,2.216481,55392.033637046814,62716644.0,116.8,116.4,49,3.8117056549529105,245,115.20599999999999,52.47,116,115.27636734693877,775140.0,1.5430372646180652
48,2.2057376,55614.857988119125,62972387.0,116.8,116.8,48,2.638389660379983,246,115.32799999999999,52.17,250,115.2216099959033,780022.0,1.0637744121758144
48,2.2101655,55837.98341870308,63228597.0,116.8,116.4,49,1.4416657032752078,247,115.41499999999998,51.96,250,115.2120703764321,784910.0,0.5945376354781923
48,2.2131345,56065.03152012825,63484708.0,116.8,116.6,49,0.7437069315261219,248,115.463,51.87,147,115.28383013474887,789808.0,0.2955181889495117
48,2.2065217,56290.08404755592,63740087.0,116.8,116.4,49,3.3748481447318484,249,115.2,52.48,155,115.25450071765428,794685.0,1.3773162309360913
48,2.2239344,56512.924503088,63996895.0,116.8,116.3,50,1.4423591785682228,250,115.34999999999998,52.14,114,115.3154909534458,799604.0,0.5838664230798
48,2.2141273,56740.16997909546,64252523.0,116.8,116.6,49,2.6995369973386176,251,115.28599999999999,52.25,120,115.30580302411116,804498.0,1.112296723001556
48,2.2211792,56964.23137331009,64508826.0,116.8,116.6,49,0.6427285585688565,252,115.455,51.87,125,115.32006109979633,809408.0,0.258215026673506
48,2.2148018,57187.70598769188,64764433.0,116.8,116.2,50,1.1889491158161483,253,115.42899999999997,51.92,118,115.30337216431637,814301.0,0.4921981308375716
