nupdates,serial_timesteps,time_elapsed,value_loss,epbestrew,policy_entropy,explained_variance,eprewmean,total_timesteps,approxkl,fps,curbestrew,clipfrac,eplenmean,curbestlen,epbestlen,policy_loss
1,2048,133.29576587677002,20.127615,-180.0,2.0765867,-0.011189579963684082,-189.46,262144,0.002713837,1967,-180.0,0.02538395,2000.0,2000,2000,-0.00085155276
2,4096,266.73538041114807,19.400425,-176.0,2.0783594,0.002913832664489746,-189.58,524288,0.0026592116,1965,-176.0,0.04225254,2000.0,2000,2000,-0.0015477785
3,6144,400.40700364112854,19.184242,-176.0,2.078909,0.009107708930969238,-190.36,786432,0.00018552814,1961,-176.0,0.0,2000.0,2000,2000,-9.857933e-05
4,8192,528.9954476356506,18.889061,-176.0,2.0783973,0.009459078311920166,-189.08,1048576,0.00020659268,2038,-180.0,4.4822693e-05,2000.0,2000,2000,-8.969038e-05
5,10240,660.2394866943359,18.578894,-176.0,2.0785136,0.004237771034240723,-189.68,1310720,0.000690303,1997,-180.0,0.0020523071,2000.0,2000,2000,-0.00027674224
6,12288,794.028163433075,18.421003,-172.0,2.078159,-0.0036063194274902344,-189.48,1572864,0.0008403669,1959,-172.0,0.007426262,2000.0,2000,2000,-0.0003876364
7,14336,929.1585869789124,17.899502,-172.0,2.0775566,-0.0051888227462768555,-189.28,1835008,0.0008891775,1939,-180.0,0.008396149,2000.0,2000,2000,-0.00042243316
8,16384,1061.2240900993347,17.680128,-172.0,2.0761907,-0.026322364807128906,-190.06,2097152,0.0011493961,1985,-184.0,0.008403778,2000.0,2000,2000,-0.00045110652
9,18432,1193.4085426330566,17.423449,-172.0,2.0761688,-0.0254666805267334,-189.74,2359296,0.0017225513,1983,-180.0,0.018381119,2000.0,2000,2000,-0.00069133623
10,20480,1328.765193939209,17.202171,-172.0,2.0764349,-0.03589904308319092,-189.88,2621440,0.0012633723,1936,-180.0,0.012813568,2000.0,2000,2000,-0.0005576884
11,22528,1458.662365436554,16.794909,-168.0,2.0752115,-0.06411242485046387,-189.08,2883584,0.0012603765,2018,-168.0,0.00937748,2000.0,2000,2000,-0.00042575173
12,24576,1586.3774251937866,16.729345,-168.0,2.0724373,-0.03695058822631836,-190.22,3145728,0.0019209353,2052,-184.0,0.03901577,2000.0,2000,2000,-0.0011158452
13,26624,1718.2462246418,16.498278,-168.0,2.0691845,-0.022139310836791992,-189.54,3407872,0.0009442195,1988,-180.0,0.0019712448,2000.0,2000,2000,-0.000224458
14,28672,1853.1997039318085,16.29208,-168.0,2.0609176,-0.017934679985046387,-189.32,3670016,0.0013416265,1942,-180.0,0.009939194,2000.0,2000,2000,-0.00034349304
15,30720,1984.0120429992676,15.971253,-168.0,2.0613163,0.007742345333099365,-189.04,3932160,0.0013362312,2004,-172.0,0.013545036,2000.0,2000,2000,-0.00040420995
16,32768,2113.8816454410553,15.843845,-168.0,2.059265,0.017879724502563477,-189.56,4194304,0.0020803807,2018,-176.0,0.034902573,2000.0,2000,2000,-0.0009012269
17,34816,2246.0589270591736,15.529632,-168.0,2.06194,0.04021275043487549,-189.12,4456448,0.0010637434,1983,-176.0,0.015569687,2000.0,2000,2000,-0.00037179195
18,36864,2376.9570801258087,15.212101,-168.0,2.0567517,0.05584287643432617,-188.86,4718592,0.0006712513,2002,-176.0,0.007985115,2000.0,2000,2000,-0.0002321285
19,38912,2510.8464806079865,15.07977,-168.0,2.058513,0.07031100988388062,-188.76,4980736,0.0009576912,1957,-180.0,0.010765076,2000.0,2000,2000,-0.00023096513
20,40960,2643.810188293457,14.93996,-168.0,2.059596,0.09677690267562866,-189.04,5242880,0.00047613404,1971,-176.0,0.0024404526,2000.0,2000,2000,-0.00016135226
21,43008,2774.1507108211517,14.682267,-168.0,2.061861,0.06281077861785889,-189.18,5505024,0.00023908318,2011,-176.0,1.2397766e-05,2000.0,2000,2000,-6.7652094e-05
22,45056,2908.442487478256,14.446971,-168.0,2.0586495,0.11771297454833984,-189.78,5767168,0.0007834629,1952,-182.0,0.00458622,2000.0,2000,2000,-0.00013598958
23,47104,3041.450881242752,14.2492485,-168.0,2.057939,0.15911930799484253,-189.44,6029312,0.0010548449,1970,-180.0,0.011370659,2000.0,2000,2000,-0.0002309752
24,49152,3167.286324262619,13.853521,-168.0,2.0557723,0.19877296686172485,-188.94,6291456,0.0016182846,2083,-176.0,0.014511108,2000.0,2000,2000,-0.00038459816
25,51200,3293.605453968048,13.681741,-168.0,2.057086,0.2241184115409851,-189.16,6553600,0.0013451866,2075,-176.0,0.012253761,2000.0,2000,2000,-0.00034074803
26,53248,3421.2405383586884,13.503793,-168.0,2.056782,0.2477518916130066,-189.38,6815744,0.001181443,2053,-176.0,0.02407074,2000.0,2000,2000,-0.00030393302
27,55296,3549.3577105998993,13.56786,-168.0,2.062635,0.24477988481521606,-189.28,7077888,0.0008316449,2046,-172.0,0.007798195,2000.0,2000,2000,-0.00013278864
28,57344,3682.753066301346,12.936267,-168.0,2.0634294,0.29067128896713257,-189.32,7340032,0.0005981823,1965,-178.0,0.0057640076,2000.0,2000,2000,-0.000114353585
29,59392,3813.2736678123474,12.972915,-168.0,2.0614107,0.29723721742630005,-190.06,7602176,0.00046218585,2008,-180.0,0.0058135986,2000.0,2000,2000,-6.945538e-05
30,61440,3943.2618696689606,12.741508,-168.0,2.0515685,0.3236593008041382,-188.94,7864320,0.0008607024,2016,-176.0,0.013533592,2000.0,2000,2000,-0.00022488268
31,63488,4072.4823076725006,12.741549,-168.0,2.0439365,0.3385791778564453,-188.78,8126464,0.00082795235,2029,-172.0,0.014327049,2000.0,2000,2000,-0.0002442575
32,65536,4202.116135120392,12.505073,-168.0,2.044265,0.3103211522102356,-189.16,8388608,0.0006977362,2022,-180.0,0.010214806,2000.0,2000,2000,-0.00017491888
33,67584,4332.397274494171,12.225595,-168.0,2.039678,0.3522146940231323,-189.26,8650752,0.0009943671,2012,-176.0,0.010071754,2000.0,2000,2000,-0.00020436887
34,69632,4462.241761684418,12.173079,-168.0,2.0367594,0.3776879906654358,-189.04,8912896,0.00052352797,2018,-168.0,0.0013122559,2000.0,2000,2000,-0.00015181636
35,71680,4594.210507631302,11.949411,-168.0,2.02968,0.3926851153373718,-188.96,9175040,0.0010445782,1986,-172.0,0.02037716,2000.0,2000,2000,-0.00028732646
36,73728,4727.53490114212,12.116475,-168.0,2.0280895,0.39445817470550537,-189.18,9437184,0.0007438105,1966,-176.0,0.012475014,2000.0,2000,2000,-0.0001969004
37,75776,4859.000420331955,12.073154,-168.0,2.0338924,0.3961612582206726,-188.86,9699328,0.0010083691,1994,-172.0,0.02122879,2000.0,2000,2000,-0.00040209264
38,77824,4988.648639678955,11.710716,-168.0,2.029243,0.41728484630584717,-188.56,9961472,0.0010551425,2022,-176.0,0.020009995,2000.0,2000,2000,-0.00031556247
39,79872,5117.701240062714,11.5520115,-168.0,2.0254352,0.436631441116333,-189.38,10223616,0.00097525166,2031,-180.0,0.024794579,2000.0,2000,2000,-0.00038105805
40,81920,5247.023346185684,11.323575,-168.0,2.01696,0.45071470737457275,-188.6,10485760,0.0008427676,2027,-180.0,0.013842583,2000.0,2000,2000,-0.00024083872
41,83968,5376.823178529739,11.134748,-168.0,2.0054314,0.44278770685195923,-188.56,10747904,0.00085020764,2019,-180.0,0.019842148,2000.0,2000,2000,-7.393927e-05
42,86016,5509.1594161987305,11.111318,-168.0,1.9986789,0.41698479652404785,-189.2,11010048,0.001071567,1980,-184.0,0.025940895,2000.0,2000,2000,-0.00020781538
43,88064,5640.948101520538,10.896312,-168.0,1.9974681,0.45365267992019653,-188.98,11272192,0.00078694115,1989,-176.0,0.020059586,2000.0,2000,2000,-0.00042211846
44,90112,5771.459176540375,10.784055,-168.0,1.996663,0.46405643224716187,-188.4,11534336,0.0012336299,2008,-180.0,0.040974617,2000.0,2000,2000,-7.00495e-06
45,92160,5901.7665820121765,10.571508,-168.0,1.9950613,0.47635161876678467,-188.4,11796480,0.00078288966,2011,-176.0,0.01209259,2000.0,2000,2000,-0.00015969187
46,94208,6034.216012001038,10.336085,-168.0,1.9949249,0.5019791424274445,-188.06,12058624,0.0007529292,1979,-176.0,0.011990547,2000.0,2000,2000,-0.00021144739
47,96256,6165.995303153992,10.161844,-168.0,1.9950778,0.5270877480506897,-188.6,12320768,0.0009638607,1989,-172.0,0.02691555,2000.0,2000,2000,-0.00013150215
48,98304,6297.024693489075,10.302494,-168.0,1.9863684,0.5660440325737,-189.62,12582912,0.0011511059,2000,-176.0,0.0349741,2000.0,2000,2000,-0.00013301052
49,100352,6431.129288673401,10.001077,-168.0,1.9783083,0.5750536322593689,-189.6,12845056,0.0011964213,1954,-180.0,0.038974762,2000.0,2000,2000,9.821002e-05
50,102400,6562.826614141464,9.980959,-168.0,1.9693303,0.5920852720737457,-190.76,13107200,0.0009200693,1990,-182.0,0.017184258,2000.0,2000,2000,2.083466e-05
51,104448,6694.142533063889,9.391888,-168.0,1.9643458,0.5949611663818359,-190.24,13369344,0.0010311593,1996,-184.0,0.02288723,2000.0,2000,2000,-0.00014445579
52,106496,6824.213675022125,9.060813,-168.0,1.9461629,0.617016464471817,-190.46,13631488,0.0018902186,2015,-180.0,0.06570053,2000.0,2000,2000,-0.000278253
53,108544,6954.8570857048035,9.157998,-168.0,1.9342159,0.5971133708953857,-191.24,13893632,0.0010862557,2006,-178.0,0.02850151,2000.0,2000,2000,-8.734335e-05
54,110592,7086.176783323288,9.097581,-168.0,1.9307767,0.6175344884395599,-191.0,14155776,0.00087171956,1996,-180.0,0.021583557,2000.0,2000,2000,2.7297625e-05
55,112640,7216.729914903641,8.96505,-168.0,1.9184564,0.6166362762451172,-191.42,14417920,0.001008257,2008,-186.0,0.02014637,2000.0,2000,2000,-0.00016815547
56,114688,7348.1520438194275,8.951034,-168.0,1.8935902,0.6295133531093597,-191.78,14680064,0.0010774012,1994,-186.0,0.039237022,2000.0,2000,2000,-0.00011321728
57,116736,7481.618709087372,9.090197,-168.0,1.8940595,0.6281448900699615,-192.3,14942208,0.0009884312,1964,-184.0,0.040412903,2000.0,2000,2000,0.00024658954
58,118784,7613.543475151062,9.118576,-168.0,1.8584625,0.6315580904483795,-192.56,15204352,0.0010149982,1987,-186.0,0.031882286,2000.0,2000,2000,9.687441e-05
59,120832,7743.606791496277,8.917161,-168.0,1.8506218,0.6327913701534271,-192.16,15466496,0.0012063645,2015,-178.0,0.033034325,2000.0,2000,2000,-5.5370365e-05
60,122880,7872.068474292755,8.849819,-168.0,1.8465146,0.6290833353996277,-192.54,15728640,0.00090109056,2040,-188.0,0.040174484,2000.0,2000,2000,0.00023751144
61,124928,8003.81051659584,9.019546,-168.0,1.7901785,0.6285751461982727,-193.24,15990784,0.0011404629,1990,-190.0,0.04003048,2000.0,2000,2000,0.00012196031
62,126976,8133.160769701004,9.168973,-168.0,1.7859222,0.6401271522045135,-192.92,16252928,0.0018947355,2026,-184.0,0.09210491,2000.0,2000,2000,0.0004298311
63,129024,8264.264759540558,9.118348,-168.0,1.7798331,0.61714768409729,-193.22,16515072,0.00087471015,1999,-190.0,0.033608437,2000.0,2000,2000,8.5263906e-05
64,131072,8394.502272605896,9.248524,-168.0,1.7652636,0.6329789459705353,-193.44,16777216,0.0013418,2012,-188.0,0.05772209,2000.0,2000,2000,0.00024116907
65,133120,8523.488979578018,8.795401,-168.0,1.7791382,0.6322244107723236,-192.9,17039360,0.0014084124,2032,-188.0,0.047293663,2000.0,2000,2000,0.00019135547
66,135168,8655.790699005127,8.972311,-168.0,1.7651699,0.6330103278160095,-192.88,17301504,0.0010110328,1981,-186.0,0.029971123,2000.0,2000,2000,6.463684e-05
67,137216,8782.54545044899,8.798715,-168.0,1.7465011,0.6370744705200195,-192.92,17563648,0.0008482172,2068,-188.0,0.029903412,2000.0,2000,2000,-4.9024e-05
68,139264,8912.453015565872,8.679744,-168.0,1.7365904,0.6548580527305603,-192.82,17825792,0.0012015376,2018,-182.0,0.04295349,2000.0,2000,2000,-4.0276413e-05
69,141312,9043.8288834095,8.742556,-168.0,1.7558016,0.6660047173500061,-192.78,18087936,0.0013393454,1995,-188.0,0.0648489,2000.0,2000,2000,0.00057459984
70,143360,9171.825340032578,8.496543,-168.0,1.744975,0.6722772717475891,-192.66,18350080,0.0013597624,2048,-182.0,0.05533409,2000.0,2000,2000,0.00014179652
71,145408,9301.177001714706,8.670563,-168.0,1.7223551,0.6847462952136993,-192.66,18612224,0.0012486844,2026,-184.0,0.06333542,2000.0,2000,2000,0.0001424336
72,147456,9428.234123945236,8.392666,-168.0,1.7527276,0.6927600204944611,-192.52,18874368,0.0011965445,2063,-186.0,0.04015541,2000.0,2000,2000,0.00022874527
73,149504,9555.427423238754,7.9663076,-168.0,1.7699625,0.6839179694652557,-192.0,19136512,0.0011135596,2061,-178.0,0.040848732,2000.0,2000,2000,-0.00016758389
74,151552,9684.147001504898,7.8584433,-168.0,1.7747607,0.7104297578334808,-191.92,19398656,0.0016037284,2036,-184.0,0.06649017,2000.0,2000,2000,-0.00027446964
75,153600,9815.683987855911,7.7346134,-168.0,1.7756355,0.718219518661499,-191.16,19660800,0.0013087842,1992,-184.0,0.054139137,2000.0,2000,2000,-0.00020629863
76,155648,9949.121927022934,7.502946,-168.0,1.7815465,0.7228457033634186,-191.34,19922944,0.0017139,1964,-180.0,0.07600021,2000.0,2000,2000,4.636199e-05
77,157696,10076.311005592346,7.959599,-168.0,1.7496014,0.7260044515132904,-191.62,20185088,0.00197998,2061,-186.0,0.102321625,2000.0,2000,2000,0.00077720813
78,159744,10204.80387711525,7.61043,-168.0,1.7525738,0.7314616441726685,-191.62,20447232,0.0020383168,2040,-184.0,0.08042717,2000.0,2000,2000,0.00018663911
79,161792,10336.827773332596,7.5882463,-168.0,1.7499096,0.744493156671524,-191.98,20709376,0.0019448547,1985,-188.0,0.09368801,2000.0,2000,2000,0.0007766796
80,163840,10467.041582107544,7.6531105,-168.0,1.7282678,0.7450434863567352,-192.06,20971520,0.0019064518,2013,-184.0,0.08943081,2000.0,2000,2000,0.00040464124
81,165888,10598.602759122849,7.44546,-168.0,1.7276376,0.7418578565120697,-191.8,21233664,0.0020428144,1993,-184.0,0.099555016,2000.0,2000,2000,0.0012969674
82,167936,10731.307828187943,7.223804,-168.0,1.7183561,0.7443055808544159,-192.24,21495808,0.0017232825,1975,-184.0,0.07713127,2000.0,2000,2000,0.00017224519
83,169984,10861.117835521698,7.407199,-168.0,1.692054,0.7344430387020111,-192.72,21757952,0.0015530316,2019,-184.0,0.060110092,2000.0,2000,2000,-5.286487e-06
84,172032,10990.515351057053,7.655075,-168.0,1.6829149,0.7215321362018585,-193.26,22020096,0.004084475,2025,-184.0,0.19972324,2000.0,2000,2000,0.0027267628
85,174080,11122.41574549675,7.653209,-168.0,1.662329,0.7366650104522705,-194.34,22282240,0.001651915,1987,-186.0,0.06976509,2000.0,2000,2000,-9.960201e-05
86,176128,11251.746321439743,7.557209,-168.0,1.662041,0.7182424068450928,-194.58,22544384,0.0019501096,2026,-184.0,0.09181881,2000.0,2000,2000,0.000978728
87,178176,11381.104448318481,7.386333,-168.0,1.6393143,0.7103131711483002,-195.24,22806528,0.0025103563,2026,-192.0,0.119374275,2000.0,2000,2000,0.0016610556
88,180224,11509.300171613693,7.4771314,-168.0,1.5883551,0.7104396224021912,-195.32,23068672,0.0022629786,2044,-190.0,0.09708023,2000.0,2000,2000,-5.7063407e-06
89,182272,11637.020658254623,7.5764093,-168.0,1.5676373,0.6864793300628662,-195.78,23330816,0.0018116337,2052,-194.0,0.07022762,2000.0,2000,2000,0.000308917
90,184320,11764.925129413605,7.5400887,-168.0,1.5154624,0.6778105199337006,-195.9,23592960,0.001711458,2049,-194.0,0.062028885,2000.0,2000,2000,-0.0002558326
91,186368,11892.436273813248,7.8104815,-168.0,1.4732015,0.6677918136119843,-195.9,23855104,0.0013138778,2058,-194.0,0.042787552,2000.0,2000,2000,-0.00033172176
92,188416,12018.380467176437,7.661159,-168.0,1.456263,0.6600468158721924,-195.96,24117248,0.0019164466,2081,-194.0,0.08621502,2000.0,2000,2000,0.00071202044
93,190464,12147.403139829636,7.7832417,-168.0,1.4239013,0.6550230979919434,-195.98,24379392,0.0009639274,2031,-194.0,0.04187584,2000.0,2000,2000,-0.000119913224
94,192512,12276.127565383911,8.122115,-168.0,1.4036714,0.6348417103290558,-195.98,24641536,0.0009884052,2036,-194.0,0.052261353,2000.0,2000,2000,0.0002847576
95,194560,12405.634091615677,7.5913463,-168.0,1.4145318,0.6499896347522736,-196.0,24903680,0.001000325,2024,-196.0,0.04606247,2000.0,2000,2000,-0.00011259447
96,196608,12537.406441450119,7.594048,-168.0,1.4090639,0.6241604387760162,-196.0,25165824,0.0008147687,1989,-196.0,0.030338287,2000.0,2000,2000,-5.1316558e-05
97,198656,12672.065281867981,7.5979176,-168.0,1.3864852,0.6243153810501099,-196.0,25427968,0.00097302813,1946,-196.0,0.03717041,2000.0,2000,2000,-0.0002949703
98,200704,12803.327209711075,7.7098584,-168.0,1.366167,0.6201066374778748,-196.0,25690112,0.0009128266,1997,-196.0,0.027752876,2000.0,2000,2000,-0.00012229552
99,202752,12933.565323114395,7.583494,-168.0,1.3453413,0.6077630519866943,-196.0,25952256,0.0015201262,2012,-196.0,0.06587601,2000.0,2000,2000,0.0005780272
100,204800,13065.29467511177,7.5960655,-168.0,1.3470469,0.6147748231887817,-196.0,26214400,0.0011880313,1990,-196.0,0.055895805,2000.0,2000,2000,0.000715099
101,206848,13198.725323438644,7.5778346,-168.0,1.3439236,0.6047661006450653,-196.0,26476544,0.001408283,1966,-196.0,0.07258034,2000.0,2000,2000,0.0007421818
102,208896,13328.341916799545,7.3774395,-168.0,1.3346888,0.6141592562198639,-196.0,26738688,0.0013057515,2022,-196.0,0.06774902,2000.0,2000,2000,0.000531855
103,210944,13455.688685417175,7.464258,-168.0,1.3099773,0.6089664697647095,-196.0,27000832,0.0012994276,2058,-196.0,0.068481445,2000.0,2000,2000,0.0007521288
104,212992,13583.257820606232,7.263727,-168.0,1.3309716,0.6093045771121979,-196.0,27262976,0.0010919767,2054,-196.0,0.05761528,2000.0,2000,2000,0.00041413482
105,215040,13710.345952510834,7.204201,-168.0,1.3205854,0.6054573059082031,-196.0,27525120,0.0010284802,2062,-196.0,0.051926613,2000.0,2000,2000,0.00024500297
106,217088,13840.586644649506,6.7966847,-168.0,1.2753385,0.6089350879192352,-196.0,27787264,0.001394905,2012,-196.0,0.060491562,2000.0,2000,2000,0.00035661072
107,219136,13968.135202407837,6.9341917,-168.0,1.2600876,0.6158221662044525,-196.0,28049408,0.0012414898,2055,-196.0,0.053679466,2000.0,2000,2000,0.0007552858
108,221184,14099.065608024597,6.692012,-168.0,1.2383094,0.6038535833358765,-196.0,28311552,0.0008581638,2002,-196.0,0.025660515,2000.0,2000,2000,-0.00011486328
109,223232,14229.799350261688,6.8315907,-168.0,1.2223063,0.6047135591506958,-196.0,28573696,0.00087529887,2005,-196.0,0.041049004,2000.0,2000,2000,0.00036939257
110,225280,14359.035158634186,6.5385904,-168.0,1.2331177,0.5862882733345032,-196.0,28835840,0.001553803,2028,-196.0,0.07797432,2000.0,2000,2000,0.0010138102
111,227328,14488.607373476028,6.500246,-168.0,1.2331146,0.5818621218204498,-196.0,29097984,0.0014517347,2024,-196.0,0.08118343,2000.0,2000,2000,0.0009309592
112,229376,14618.642793655396,6.5886183,-168.0,1.2113096,0.6029862463474274,-196.0,29360128,0.0018793676,2015,-196.0,0.09990978,2000.0,2000,2000,0.0016865698
113,231424,14747.339632034302,6.5940566,-168.0,1.1912723,0.6018260717391968,-196.0,29622272,0.0010280424,2036,-196.0,0.053530693,2000.0,2000,2000,0.00045721512
114,233472,14878.434162139893,6.683768,-168.0,1.185622,0.5971157550811768,-196.0,29884416,0.0009039833,1999,-196.0,0.04354763,2000.0,2000,2000,0.0005250392
115,235520,15009.21998167038,7.1993804,-168.0,1.1769007,0.5708494484424591,-196.0,30146560,0.0018793411,2004,-196.0,0.0958004,2000.0,2000,2000,0.001691516
116,237568,15141.61775636673,6.5735354,-168.0,1.1890867,0.6001459360122681,-196.0,30408704,0.0010039365,1980,-196.0,0.05008793,2000.0,2000,2000,0.00030177584
117,239616,15273.379017353058,6.5537853,-168.0,1.1806598,0.5869172513484955,-196.0,30670848,0.0011535855,1989,-196.0,0.06107235,2000.0,2000,2000,0.0007539681
118,241664,15407.63935494423,6.258866,-168.0,1.1803335,0.5821924805641174,-196.0,30932992,0.0009257197,1952,-196.0,0.04621029,2000.0,2000,2000,0.00033045877
119,243712,15539.288490056992,6.4153867,-168.0,1.2049905,0.5723724067211151,-196.0,31195136,0.0015563703,1991,-196.0,0.08578491,2000.0,2000,2000,0.0011219876
120,245760,15670.706619024277,6.1733794,-168.0,1.1633874,0.5708121061325073,-196.0,31457280,0.000802571,1994,-196.0,0.03744316,2000.0,2000,2000,0.0001819946
121,247808,15797.695748567581,6.1989255,-168.0,1.1709428,0.5750181972980499,-196.0,31719424,0.0009767961,2065,-196.0,0.049333572,2000.0,2000,2000,0.0005122486
122,249856,15929.566061735153,6.2587724,-168.0,1.1970783,0.5890238881111145,-196.0,31981568,0.0010246898,1988,-196.0,0.05243492,2000.0,2000,2000,0.0004012707
123,251904,16055.468826532364,6.1988316,-168.0,1.1722695,0.5875100791454315,-196.0,32243712,0.0008025301,2082,-196.0,0.038184166,2000.0,2000,2000,0.00012641924
124,253952,16182.508057117462,6.4996743,-168.0,1.1725477,0.5787969827651978,-196.0,32505856,0.0020274112,2063,-196.0,0.103899,2000.0,2000,2000,0.0018899437
125,256000,16313.526051044464,6.569747,-168.0,1.154917,0.5560336410999298,-196.0,32768000,0.0009806914,2000,-196.0,0.054501534,2000.0,2000,2000,0.0002669431
126,258048,16442.30557179451,5.9466286,-168.0,1.1567583,0.6037474274635315,-196.0,33030144,0.00086260267,2035,-196.0,0.037636757,2000.0,2000,2000,0.0002626577
127,260096,16574.403913736343,5.9952955,-168.0,1.1421717,0.5642620325088501,-196.0,33292288,0.0013500912,1984,-196.0,0.06752682,2000.0,2000,2000,0.0007789479
128,262144,16707.54968070984,6.0135813,-168.0,1.1560856,0.5545676648616791,-196.0,33554432,0.00090074865,1968,-196.0,0.04436016,2000.0,2000,2000,0.00036982412
129,264192,16836.696565151215,5.9953914,-168.0,1.1523494,0.5563086271286011,-196.0,33816576,0.0007369454,2029,-196.0,0.037615776,2000.0,2000,2000,0.00015514104
130,266240,16967.735572099686,5.9086995,-168.0,1.1454653,0.5568610429763794,-196.0,34078720,0.00097462744,2000,-196.0,0.034978867,2000.0,2000,2000,0.000111304114
131,268288,17094.322086811066,5.9383197,-168.0,1.1212815,0.5618564784526825,-196.0,34340864,0.00080605596,2072,-196.0,0.04104805,2000.0,2000,2000,0.00021749333
132,270336,17223.284408807755,5.9370313,-168.0,1.1212058,0.5642687380313873,-196.0,34603008,0.0013237324,2032,-196.0,0.068888664,2000.0,2000,2000,0.00082764303
133,272384,17352.345666646957,5.8002796,-168.0,1.0878247,0.5583010613918304,-196.0,34865152,0.001265621,2031,-196.0,0.06891155,2000.0,2000,2000,0.0005539202
134,274432,17480.929885149002,6.07077,-168.0,1.0848646,0.5467408299446106,-196.0,35127296,0.0016662824,2038,-196.0,0.082920074,2000.0,2000,2000,0.0011474361
135,276480,17610.12740111351,6.041436,-168.0,1.0960057,0.5451043844223022,-196.0,35389440,0.0008908393,2029,-196.0,0.047261238,2000.0,2000,2000,0.0005762527
136,278528,17739.32107758522,6.520839,-168.0,1.0886517,0.549787700176239,-196.0,35651584,0.0012061886,2029,-196.0,0.056586266,2000.0,2000,2000,0.00037541328
137,280576,17868.58256316185,5.7052445,-168.0,1.1177608,0.560837596654892,-196.0,35913728,0.0008552034,2028,-196.0,0.022767067,2000.0,2000,2000,-9.8651006e-05
138,282624,17998.597138881683,5.8443685,-168.0,1.0968466,0.5476982593536377,-196.0,36175872,0.0009102164,2016,-196.0,0.04369831,2000.0,2000,2000,0.00031018106
139,284672,18127.650362968445,5.8696074,-168.0,1.0976533,0.531928300857544,-196.0,36438016,0.0011060928,2031,-196.0,0.050798416,2000.0,2000,2000,0.00037775378
140,286720,18259.8664560318,6.108179,-168.0,1.0916548,0.5112507045269012,-196.0,36700160,0.0012025811,1982,-196.0,0.046637535,2000.0,2000,2000,0.00050054264
141,288768,18391.750969409943,5.862262,-168.0,1.0810815,0.5148946642875671,-196.0,36962304,0.0010518245,1988,-196.0,0.053264618,2000.0,2000,2000,0.00014579485
142,290816,18523.52257514,6.059773,-168.0,1.0685388,0.5120308101177216,-196.0,37224448,0.00079329155,1989,-196.0,0.042881012,2000.0,2000,2000,0.00023635762
143,292864,18650.698153734207,6.0317564,-168.0,1.0683637,0.4909544587135315,-196.0,37486592,0.0009809864,2061,-196.0,0.04965973,2000.0,2000,2000,0.00016823207
144,294912,18778.364032030106,5.9953527,-168.0,1.0581589,0.49243301153182983,-196.0,37748736,0.00090109,2053,-196.0,0.050657272,2000.0,2000,2000,0.00024057161
145,296960,18908.904673814774,6.1124253,-168.0,1.0605133,0.4876214861869812,-196.0,38010880,0.001073057,2008,-196.0,0.049780846,2000.0,2000,2000,0.0006604445
146,299008,19038.14605307579,7.240455,-168.0,1.0946323,0.47006338834762573,-196.0,38273024,0.0011967662,2028,-196.0,0.06499767,2000.0,2000,2000,0.0006950209
147,301056,19168.887593507767,6.336622,-168.0,1.1073513,0.49668413400650024,-196.0,38535168,0.0016069936,2005,-196.0,0.079740524,2000.0,2000,2000,0.00094827765
148,303104,19301.941993951797,6.048781,-168.0,1.1058339,0.5001559555530548,-196.0,38797312,0.00095552776,1970,-196.0,0.050180435,2000.0,2000,2000,0.00018648236
149,305152,19435.23104763031,6.1224275,-168.0,1.0977898,0.4905024766921997,-196.0,39059456,0.0009154255,1966,-196.0,0.04367733,2000.0,2000,2000,0.00013860654
150,307200,19562.67117357254,6.3160663,-168.0,1.0986965,0.4991934895515442,-196.0,39321600,0.0013054652,2057,-196.0,0.07079506,2000.0,2000,2000,0.0007660442
151,309248,19690.707262039185,5.9736743,-168.0,1.0712532,0.5046494007110596,-196.0,39583744,0.00085813715,2048,-196.0,0.037519455,2000.0,2000,2000,9.626406e-05
152,311296,19819.086978435516,6.251166,-168.0,1.0682648,0.4758392572402954,-196.0,39845888,0.0062278234,2042,-196.0,0.22623634,2000.0,2000,2000,0.004567108
153,313344,19948.9415743351,6.340424,-168.0,1.0958233,0.4638770818710327,-196.0,40108032,0.0008715873,2018,-196.0,0.04738331,2000.0,2000,2000,0.0002851578
154,315392,20076.264323234558,6.3320312,-168.0,1.0939833,0.48519444465637207,-196.0,40370176,0.0010110614,2058,-196.0,0.050665855,2000.0,2000,2000,0.0004169179
155,317440,20206.461087465286,6.006808,-168.0,1.0652784,0.49304550886154175,-196.0,40632320,0.00083910517,2013,-196.0,0.039416313,2000.0,2000,2000,0.00016573978
156,319488,20335.90805864334,6.3632793,-168.0,1.0719584,0.4956645369529724,-196.0,40894464,0.0017982906,2025,-196.0,0.0828886,2000.0,2000,2000,0.0010448025
157,321536,20464.692465543747,7.066173,-168.0,1.0597124,0.496428906917572,-196.0,41156608,0.00094427465,2035,-196.0,0.051743507,2000.0,2000,2000,0.00032645487
158,323584,20594.06947374344,6.085038,-168.0,1.0552056,0.5247387290000916,-196.0,41418752,0.0011877678,2026,-196.0,0.058769226,2000.0,2000,2000,0.0004281975
159,325632,20722.79856777191,5.985312,-168.0,1.0676575,0.52508744597435,-196.0,41680896,0.0009432951,2036,-196.0,0.047016144,2000.0,2000,2000,0.00015496729
160,327680,20852.67127251625,6.0682898,-168.0,1.0413841,0.5347832143306732,-196.0,41943040,0.00114412,2018,-196.0,0.05955887,2000.0,2000,2000,0.00049619883
161,329728,20984.06126308441,6.2359953,-168.0,1.0253277,0.5208982527256012,-196.0,42205184,0.0014605118,1996,-196.0,0.07175064,2000.0,2000,2000,0.00085795793
162,331776,21115.61273264885,6.106107,-168.0,1.0194209,0.5205780863761902,-196.0,42467328,0.00096357794,1992,-196.0,0.054026604,2000.0,2000,2000,0.00035656753
163,333824,21245.289460897446,6.322055,-168.0,1.0409416,0.5083397924900055,-196.0,42729472,0.0018714834,2021,-196.0,0.08429718,2000.0,2000,2000,0.0011261383
164,335872,21373.728706598282,6.145231,-168.0,1.0201716,0.5038391649723053,-195.98,42991616,0.0007908275,2041,-194.0,0.041728973,2000.0,2000,2000,0.0001217063
165,337920,21506.149395942688,6.003327,-168.0,1.0226167,0.5345736742019653,-196.0,43253760,0.000870596,1979,-196.0,0.038495064,2000.0,2000,2000,0.00012372239
166,339968,21639.271669626236,6.1154275,-168.0,1.0266949,0.5390664637088776,-196.0,43515904,0.0007461286,1969,-196.0,0.03925991,2000.0,2000,2000,0.00025918934
167,342016,21770.43030190468,7.338341,-168.0,1.0289688,0.5216076374053955,-196.0,43778048,0.001270795,1998,-196.0,0.060842514,2000.0,2000,2000,0.0007643032
168,344064,21896.14174556732,6.06675,-168.0,1.0659707,0.5572294294834137,-196.0,44040192,0.0010284288,2085,-196.0,0.04941845,2000.0,2000,2000,0.00032625822
169,346112,22023.106724500656,6.086169,-168.0,1.0795223,0.5456224083900452,-196.0,44302336,0.0013122628,2064,-196.0,0.07001114,2000.0,2000,2000,0.0004473426
170,348160,22153.533898830414,6.3587475,-168.0,1.0862004,0.5326035916805267,-196.0,44564480,0.0013758722,2009,-196.0,0.066698074,2000.0,2000,2000,0.0005770677
171,350208,22282.38140821457,5.8902607,-168.0,1.0500659,0.5378228724002838,-196.0,44826624,0.0016242141,2035,-196.0,0.07656574,2000.0,2000,2000,0.00080564694
172,352256,22411.104287147522,6.3093233,-168.0,1.0628853,0.5482242405414581,-196.0,45088768,0.0016297236,2036,-196.0,0.0684185,2000.0,2000,2000,0.0009581972
173,354304,22540.7896399498,5.940381,-168.0,1.0566924,0.5614657402038574,-196.0,45350912,0.002503174,2021,-196.0,0.12625217,2000.0,2000,2000,0.0012083296
174,356352,22669.797303676605,6.223824,-168.0,1.0311911,0.5435411334037781,-196.0,45613056,0.0012166656,2032,-196.0,0.055836678,2000.0,2000,2000,0.00048342376
175,358400,22798.19607901573,6.01525,-168.0,0.9901231,0.5415360033512115,-196.0,45875200,0.0010091974,2041,-196.0,0.051387787,2000.0,2000,2000,0.00022516411
176,360448,22927.38722729683,5.902981,-168.0,0.98397315,0.5583119094371796,-196.0,46137344,0.00087468396,2029,-196.0,0.040327072,2000.0,2000,2000,0.000104619816
177,362496,23056.281792402267,6.0550613,-168.0,1.024411,0.56196328997612,-196.0,46399488,0.0014033708,2033,-196.0,0.07251072,2000.0,2000,2000,0.00031165156
178,364544,23183.180378437042,6.3191543,-168.0,1.0141065,0.568831592798233,-196.0,46661632,0.0012991165,2065,-196.0,0.06404781,2000.0,2000,2000,0.00035935306
179,366592,23311.155997037888,5.9243307,-168.0,1.0228163,0.5984298884868622,-196.0,46923776,0.0008342911,2048,-196.0,0.037485123,2000.0,2000,2000,0.00018269496
180,368640,23438.345093250275,6.0673327,-168.0,1.0009946,0.5931385457515717,-196.0,47185920,0.0017313774,2061,-196.0,0.0780592,2000.0,2000,2000,0.0007850453
181,370688,23565.2218439579,5.9952717,-168.0,1.0018104,0.583379477262497,-196.0,47448064,0.0014455194,2067,-196.0,0.06705284,2000.0,2000,2000,0.00044248177
182,372736,23693.623991250992,5.9164643,-168.0,1.0127622,0.6095257997512817,-196.0,47710208,0.002066637,2041,-196.0,0.074754715,2000.0,2000,2000,0.0008269722
183,374784,23821.927001476288,5.804318,-168.0,1.0305548,0.6232193410396576,-196.0,47972352,0.0006978484,2043,-196.0,0.028510094,2000.0,2000,2000,0.00010111778
184,376832,23949.946402072906,5.96459,-168.0,1.0482112,0.6249997317790985,-196.0,48234496,0.001273222,2047,-196.0,0.056007385,2000.0,2000,2000,0.0006212582
185,378880,24077.91455769539,6.0655484,-168.0,1.0579082,0.6019290089607239,-196.0,48496640,0.0012667759,2048,-196.0,0.06483269,2000.0,2000,2000,0.00056945113
186,380928,24206.561197042465,5.8822045,-168.0,1.0756377,0.599017322063446,-196.0,48758784,0.00093288365,2037,-196.0,0.036548615,2000.0,2000,2000,6.913459e-05
187,382976,24337.13284802437,6.500353,-168.0,1.1247692,0.5597639381885529,-196.0,49020928,0.0017195074,2007,-196.0,0.07577801,2000.0,2000,2000,0.0010355951
188,385024,24465.750741004944,7.5192623,-168.0,1.1413301,0.5305778086185455,-196.0,49283072,0.0025795442,2038,-196.0,0.11532211,2000.0,2000,2000,0.0010191211
189,387072,24595.272802114487,7.021273,-168.0,1.1757288,0.5374382138252258,-196.0,49545216,0.004454186,2023,-196.0,0.18919945,2000.0,2000,2000,0.0029630666
190,389120,24728.33792066574,6.270611,-168.0,1.1905332,0.5454594790935516,-196.0,49807360,0.0018534848,1970,-196.0,0.090351105,2000.0,2000,2000,0.0005467088
191,391168,24858.50185060501,6.3766603,-168.0,1.1709219,0.5470299422740936,-196.0,50069504,0.002646321,2014,-196.0,0.12587833,2000.0,2000,2000,0.0014011605
192,393216,24989.96330332756,6.8841205,-168.0,1.1696672,0.4825534224510193,-196.0,50331648,0.0023936392,1994,-196.0,0.09493351,2000.0,2000,2000,0.0014744835
193,395264,25122.362010002136,6.7044253,-168.0,1.1602262,0.491216242313385,-196.0,50593792,0.0013290733,1979,-196.0,0.060046196,2000.0,2000,2000,0.00059525337
194,397312,25250.903955698013,6.954089,-168.0,1.164018,0.49437642097473145,-196.0,50855936,0.0018625429,2039,-196.0,0.08450413,2000.0,2000,2000,0.00095774356
195,399360,25382.24550127983,6.796234,-168.0,1.180334,0.5091728270053864,-196.0,51118080,0.001449679,1996,-196.0,0.07468033,2000.0,2000,2000,0.00023183835
196,401408,25511.85418820381,7.0174274,-168.0,1.1731546,0.5133991837501526,-196.0,51380224,0.0023330408,2022,-196.0,0.093037605,2000.0,2000,2000,0.0014160252
197,403456,25638.329606294632,6.9930573,-168.0,1.1673254,0.5259290337562561,-196.0,51642368,0.001999918,2072,-196.0,0.0965929,2000.0,2000,2000,0.0008739172
198,405504,25768.7494430542,9.174278,-168.0,1.1784453,0.46414870023727417,-196.0,51904512,0.0024284935,2010,-196.0,0.10561657,2000.0,2000,2000,0.0015701858
199,407552,25895.80292248726,7.4163547,-168.0,1.1845614,0.48453575372695923,-196.0,52166656,0.0021727558,2063,-196.0,0.10299873,2000.0,2000,2000,0.001259958
200,409600,26025.39262509346,7.062601,-168.0,1.1138831,0.4950208067893982,-196.0,52428800,0.0026421081,2023,-196.0,0.1104393,2000.0,2000,2000,0.0011982168
201,411648,26153.098965406418,7.147456,-168.0,1.1357404,0.48431289196014404,-196.0,52690944,0.0014318334,2053,-196.0,0.07397556,2000.0,2000,2000,0.00036935802
202,413696,26281.6194896698,6.94465,-168.0,1.0998577,0.4933500289916992,-196.0,52953088,0.0010448911,2039,-196.0,0.05257988,2000.0,2000,2000,0.00030623993
203,415744,26411.75981593132,7.079129,-168.0,1.0928539,0.4882497191429138,-196.0,53215232,0.002546854,2014,-196.0,0.1276474,2000.0,2000,2000,0.0012759092
204,417792,26543.07616853714,6.8879776,-168.0,1.0843177,0.5137704610824585,-196.0,53477376,0.0015521835,1996,-196.0,0.07150364,2000.0,2000,2000,0.00050694495
205,419840,26670.673901319504,7.0431466,-168.0,1.0683383,0.5108045637607574,-196.0,53739520,0.0017826132,2054,-196.0,0.07914066,2000.0,2000,2000,0.0009756099
206,421888,26798.089933156967,7.1627197,-168.0,1.0967314,0.46187520027160645,-196.0,54001664,0.0015557491,2057,-196.0,0.0804472,2000.0,2000,2000,0.00044854858
207,423936,26928.31412410736,7.647243,-168.0,1.1204656,0.4675006866455078,-196.0,54263808,0.0025759696,2013,-196.0,0.11734009,2000.0,2000,2000,0.0016444529
208,425984,27055.62135028839,7.232144,-168.0,1.1103607,0.47303682565689087,-196.0,54525952,0.0016760185,2059,-196.0,0.08820534,2000.0,2000,2000,0.0006162453
209,428032,27183.57981610298,8.604393,-168.0,1.1317979,0.461936354637146,-196.0,54788096,0.0019586931,2048,-196.0,0.09383297,2000.0,2000,2000,0.00081524136
210,430080,27315.08315229416,7.1731796,-168.0,1.1703761,0.49810725450515747,-196.0,55050240,0.002490177,1993,-196.0,0.11584854,2000.0,2000,2000,0.0012197687
211,432128,27446.030485630035,7.5521326,-168.0,1.1513175,0.4963333010673523,-196.0,55312384,0.0029143973,2002,-196.0,0.1410389,2000.0,2000,2000,0.001550517
212,434176,27576.518342494965,7.3126907,-168.0,1.1259824,0.49082911014556885,-196.0,55574528,0.0015983733,2008,-196.0,0.07502079,2000.0,2000,2000,0.00038451393
213,436224,27706.92734479904,7.840803,-168.0,1.1620673,0.47355031967163086,-196.0,55836672,0.0030788733,2010,-196.0,0.123355865,2000.0,2000,2000,0.0020779942
214,438272,27840.299568414688,7.5106635,-168.0,1.1523026,0.45257365703582764,-196.0,56098816,0.0022151668,1965,-196.0,0.11094475,2000.0,2000,2000,0.0008756545
215,440320,27972.74337053299,7.4406495,-168.0,1.0901992,0.4704991579055786,-196.0,56360960,0.0029181337,1979,-196.0,0.12641239,2000.0,2000,2000,0.001692585
216,442368,28099.380464315414,7.4654284,-168.0,1.1123146,0.46842604875564575,-196.0,56623104,0.0022218698,2070,-196.0,0.1026392,2000.0,2000,2000,0.0008396971
217,444416,28228.494776964188,7.483224,-168.0,1.0999572,0.4707983732223511,-196.0,56885248,0.0023932748,2030,-196.0,0.10427284,2000.0,2000,2000,0.0010804567
218,446464,28359.98368358612,7.711456,-168.0,1.0943977,0.4527696371078491,-196.0,57147392,0.0022257892,1993,-196.0,0.09621525,2000.0,2000,2000,0.0009906389
219,448512,28486.21459364891,9.873969,-168.0,1.1238667,0.40221893787384033,-196.0,57409536,0.0014878125,2076,-196.0,0.077487946,2000.0,2000,2000,0.00051938463
220,450560,28616.988456487656,7.6956983,-168.0,1.1168278,0.45604240894317627,-196.0,57671680,0.0011543115,2004,-196.0,0.055422783,2000.0,2000,2000,0.00039441217
221,452608,28746.918968439102,7.7719727,-168.0,1.1420478,0.44139963388442993,-196.0,57933824,0.0027549993,2018,-196.0,0.1329565,2000.0,2000,2000,0.0016930914
222,454656,28875.856470823288,7.764124,-168.0,1.2391344,0.44782108068466187,-196.0,58195968,0.001594532,2033,-196.0,0.07665157,2000.0,2000,2000,0.0005911505
223,456704,29006.925616025925,8.037804,-168.0,1.2426081,0.43875497579574585,-196.0,58458112,0.0028778971,2000,-196.0,0.12227535,2000.0,2000,2000,0.0015175606
224,458752,29137.423362731934,8.275123,-168.0,1.2707263,0.4030454754829407,-196.0,58720256,0.0024226282,2008,-196.0,0.11226559,2000.0,2000,2000,0.0011875292
225,460800,29267.40982556343,8.494503,-168.0,1.2917291,0.39101070165634155,-196.0,58982400,0.0028406857,2016,-196.0,0.13103771,2000.0,2000,2000,0.001110187
226,462848,29401.379469156265,8.698667,-168.0,1.2987862,0.3653130531311035,-196.0,59244544,0.0008700571,1956,-196.0,0.032136917,2000.0,2000,2000,-2.7262377e-06
227,464896,29532.25408768654,8.901035,-168.0,1.3091125,0.3612644672393799,-195.98,59506688,0.0011907327,2003,-194.0,0.05872631,2000.0,2000,2000,0.0005916884
228,466944,29663.205624580383,9.390698,-168.0,1.3281173,0.3566093444824219,-196.0,59768832,0.0028698773,2001,-196.0,0.13406563,2000.0,2000,2000,0.0020988632
229,468992,29796.182473897934,9.567749,-168.0,1.3010024,0.34269118309020996,-196.0,60030976,0.0053731054,1971,-196.0,0.18885136,2000.0,2000,2000,0.0034821746
230,471040,29927.572278738022,10.623421,-168.0,1.2721806,0.3331647515296936,-196.0,60293120,0.0027047615,1995,-196.0,0.1192379,2000.0,2000,2000,0.001715976
231,473088,30056.916791200638,9.586655,-168.0,1.2892936,0.34615635871887207,-195.98,60555264,0.0021431432,2027,-194.0,0.105937004,2000.0,2000,2000,0.0011798575
232,475136,30186.016057252884,9.4333,-168.0,1.2965869,0.31838685274124146,-196.0,60817408,0.0016733819,2030,-196.0,0.081650734,2000.0,2000,2000,0.00062419486
233,477184,30315.16904115677,9.682667,-168.0,1.3155818,0.29627156257629395,-196.0,61079552,0.0012973597,2029,-196.0,0.06384945,2000.0,2000,2000,0.00041762477
234,479232,30444.05363869667,10.147261,-168.0,1.3268704,0.2932502031326294,-196.0,61341696,0.0012747602,2033,-196.0,0.06559372,2000.0,2000,2000,0.00055694446
235,481280,30574.054877519608,9.552493,-168.0,1.3170674,0.30409932136535645,-196.0,61603840,0.0012680701,2016,-196.0,0.06399059,2000.0,2000,2000,0.00037007243
236,483328,30704.541246175766,9.545758,-168.0,1.333558,0.2910500168800354,-195.98,61865984,0.004273384,2009,-194.0,0.17487049,2000.0,2000,2000,0.002701971
237,485376,30838.412712812424,9.331007,-168.0,1.2448596,0.30794644355773926,-196.0,62128128,0.0045723,1958,-196.0,0.18175507,2000.0,2000,2000,0.0030008727
238,487424,30969.59130358696,9.535274,-168.0,1.2919573,0.33045530319213867,-196.0,62390272,0.0019740984,1998,-196.0,0.09579182,2000.0,2000,2000,0.0010236345
239,489472,31100.886464595795,9.54903,-168.0,1.2812551,0.3194204568862915,-196.0,62652416,0.0019264458,1996,-196.0,0.09819031,2000.0,2000,2000,0.0011643507
240,491520,31232.471697807312,11.630327,-168.0,1.2959721,0.3110421895980835,-196.0,62914560,0.0021870835,1992,-196.0,0.11225891,2000.0,2000,2000,0.0011535898
241,493568,31363.401952028275,9.186574,-168.0,1.3103719,0.33561575412750244,-196.0,63176704,0.001128993,2002,-196.0,0.052843094,2000.0,2000,2000,0.0003861258
242,495616,31493.5611038208,9.058268,-168.0,1.2926594,0.35531002283096313,-196.0,63438848,0.0028081199,2014,-196.0,0.12305164,2000.0,2000,2000,0.0015237933
243,497664,31624.401287794113,8.907536,-168.0,1.2836078,0.35082727670669556,-196.0,63700992,0.0016541242,2003,-196.0,0.07670689,2000.0,2000,2000,0.00065533246
244,499712,31755.55478787422,9.028575,-168.0,1.2879735,0.356799840927124,-196.0,63963136,0.0028221486,1998,-196.0,0.13479805,2000.0,2000,2000,0.0014456399
245,501760,31888.325063943863,8.486954,-168.0,1.2880105,0.3893280625343323,-196.0,64225280,0.0011806551,1974,-196.0,0.05238533,2000.0,2000,2000,0.0003140913
246,503808,32018.36523580551,8.483305,-168.0,1.2760793,0.4021037220954895,-196.0,64487424,0.0017719246,2015,-196.0,0.089494705,2000.0,2000,2000,0.0008867507
247,505856,32149.578289031982,8.60879,-168.0,1.2640747,0.40987664461135864,-196.0,64749568,0.0038802703,1997,-196.0,0.17551899,2000.0,2000,2000,0.0027058881
248,507904,32279.907097816467,8.821318,-168.0,1.2594122,0.41318684816360474,-196.0,65011712,0.004823374,2011,-196.0,0.17838478,2000.0,2000,2000,0.002593849
249,509952,32409.828392267227,8.978851,-168.0,1.2710738,0.3809886574745178,-196.0,65273856,0.0021197312,2017,-196.0,0.109457016,2000.0,2000,2000,0.00081069215
250,512000,32539.079726696014,10.923139,-168.0,1.3259302,0.36824071407318115,-196.0,65536000,0.005503793,2028,-196.0,0.23033905,2000.0,2000,2000,0.0033601508
251,514048,32671.227932453156,9.385433,-168.0,1.3405813,0.38677501678466797,-196.0,65798144,0.0032912067,1984,-196.0,0.15828323,2000.0,2000,2000,0.002352183
252,516096,32801.14831852913,8.82713,-168.0,1.3228054,0.3613539934158325,-195.98,66060288,0.0018741464,2017,-194.0,0.091739655,2000.0,2000,2000,0.00090632157
253,518144,32930.49583530426,9.110696,-168.0,1.3282596,0.35109400749206543,-196.0,66322432,0.0015920679,2026,-196.0,0.07557011,2000.0,2000,2000,0.00053639134
254,520192,33060.1836309433,8.885571,-168.0,1.3053691,0.3724477291107178,-196.0,66584576,0.0027327125,2021,-196.0,0.12627411,2000.0,2000,2000,0.0020379378
255,522240,33192.70379662514,8.531783,-168.0,1.285772,0.3903767466545105,-196.0,66846720,0.001513423,1978,-196.0,0.07004452,2000.0,2000,2000,0.00062257954
256,524288,33323.70641064644,8.351792,-168.0,1.2566506,0.40435177087783813,-196.0,67108864,0.0013072727,2001,-196.0,0.06515694,2000.0,2000,2000,0.000534446
257,526336,33453.20871138573,8.292678,-168.0,1.2536571,0.4168003797531128,-196.0,67371008,0.0015747661,2024,-196.0,0.07336235,2000.0,2000,2000,0.00076272525
258,528384,33584.29582667351,8.191061,-168.0,1.2176582,0.40827447175979614,-196.0,67633152,0.0045124986,1999,-196.0,0.17720222,2000.0,2000,2000,0.0025062356
259,530432,33712.80069208145,8.435514,-168.0,1.2599756,0.39931029081344604,-196.0,67895296,0.0014434003,2040,-196.0,0.07142258,2000.0,2000,2000,0.00083083095
260,532480,33841.94568371773,8.259172,-168.0,1.229073,0.41125959157943726,-196.0,68157440,0.0014191141,2029,-196.0,0.06817055,2000.0,2000,2000,0.0006523739
261,534528,33970.67717909813,10.840007,-168.0,1.2517933,0.3680098056793213,-196.0,68419584,0.0028929687,2036,-196.0,0.13356113,2000.0,2000,2000,0.0017877099
262,536576,34102.36929869652,8.645509,-168.0,1.2624154,0.3927648067474365,-196.0,68681728,0.0013123701,1990,-196.0,0.05342865,2000.0,2000,2000,0.00036263795
263,538624,34232.37148976326,8.65826,-168.0,1.2187234,0.4055417776107788,-196.0,68943872,0.0036924689,2016,-196.0,0.15649223,2000.0,2000,2000,0.0024403064
264,540672,34361.25844836235,8.201181,-168.0,1.2051904,0.409578800201416,-196.0,69206016,0.0038550962,2033,-196.0,0.14227104,2000.0,2000,2000,0.0023809026
265,542720,34491.84702539444,7.880563,-168.0,1.2031348,0.41518861055374146,-196.0,69468160,0.002047896,2007,-196.0,0.110440254,2000.0,2000,2000,0.00096722576
266,544768,34623.47361755371,7.8912945,-168.0,1.1917022,0.4203759431838989,-196.0,69730304,0.007759048,1991,-196.0,0.25437737,2000.0,2000,2000,0.0044772234
267,546816,34754.04452610016,7.433062,-168.0,1.1475451,0.45309531688690186,-196.0,69992448,0.0019449155,2007,-196.0,0.10190296,2000.0,2000,2000,0.00076750683
268,548864,34884.12619185448,7.557666,-168.0,1.1327616,0.45985138416290283,-196.0,70254592,0.0014764747,2015,-196.0,0.07386112,2000.0,2000,2000,0.00056952954
269,550912,35014.53786611557,7.6810575,-168.0,1.1055338,0.4637097716331482,-196.0,70516736,0.0025947914,2010,-196.0,0.11380863,2000.0,2000,2000,0.0015378695
270,552960,35143.20703792572,7.7198443,-168.0,1.0971204,0.4579229950904846,-196.0,70778880,0.0034176952,2037,-196.0,0.15333366,2000.0,2000,2000,0.0018580725
271,555008,35275.53510403633,9.177801,-168.0,1.1059788,0.46036458015441895,-196.0,71041024,0.0013092924,1981,-196.0,0.070438385,2000.0,2000,2000,0.0003760836
272,557056,35406.852754831314,7.6706743,-168.0,1.104779,0.49174821376800537,-196.0,71303168,0.0020721927,1996,-196.0,0.10475254,2000.0,2000,2000,0.0009841024
273,559104,35538.72989845276,7.386322,-168.0,1.0969769,0.49180471897125244,-196.0,71565312,0.0015813604,1987,-196.0,0.076786995,2000.0,2000,2000,0.0006102214
274,561152,35673.782232522964,7.515372,-168.0,1.0964705,0.4680439233779907,-196.0,71827456,0.0009792825,1941,-196.0,0.04491234,2000.0,2000,2000,0.00030180128
275,563200,35803.28227806091,7.6313376,-168.0,1.0979784,0.4634367823600769,-196.0,72089600,0.0024820883,2024,-196.0,0.1142683,2000.0,2000,2000,0.0012651844
276,565248,35934.75486922264,7.45389,-168.0,1.0269933,0.5055970847606659,-196.0,72351744,0.0014623184,1993,-196.0,0.077236176,2000.0,2000,2000,0.000487298
277,567296,36064.595729351044,7.473659,-168.0,1.0883402,0.4703294038772583,-196.0,72613888,0.0019337994,2019,-196.0,0.08759117,2000.0,2000,2000,0.0010146915
278,569344,36195.80641388893,7.564082,-168.0,1.096143,0.4679024815559387,-196.0,72876032,0.0011630659,1997,-196.0,0.058125496,2000.0,2000,2000,0.00049002597
279,571392,36327.21707844734,7.504603,-168.0,1.0891786,0.47006964683532715,-196.0,73138176,0.001667028,1994,-196.0,0.08233833,2000.0,2000,2000,0.00074860436
280,573440,36457.41965293884,6.9603124,-168.0,1.0604494,0.48715388774871826,-196.0,73400320,0.0012514539,2013,-196.0,0.05620861,2000.0,2000,2000,0.00042295008
281,575488,36587.249166727066,6.9997625,-168.0,1.0474238,0.5025013387203217,-196.0,73662464,0.0012319211,2019,-196.0,0.052458763,2000.0,2000,2000,0.00048194386
282,577536,36717.114154815674,8.727841,-168.0,1.0697587,0.4500545263290405,-196.0,73924608,0.0023677049,2018,-196.0,0.101163864,2000.0,2000,2000,0.0011076177
283,579584,36848.052080631256,7.052055,-168.0,1.094587,0.4916829466819763,-196.0,74186752,0.0017633223,2002,-196.0,0.076602936,2000.0,2000,2000,0.0006211483
284,581632,36979.564007520676,7.0188727,-168.0,1.0654143,0.4992372989654541,-196.0,74448896,0.015016763,1993,-196.0,0.3248949,2000.0,2000,2000,0.00824856
285,583680,37110.180116415024,7.2030115,-168.0,0.8729985,0.48237335681915283,-196.0,74711040,0.0019106393,2007,-196.0,0.091465,2000.0,2000,2000,0.00079580006
286,585728,37239.87545824051,7.171457,-168.0,0.87518305,0.4835774302482605,-196.0,74973184,0.0014999866,2021,-196.0,0.07805729,2000.0,2000,2000,0.00042054782
287,587776,37370.39819431305,7.7733555,-168.0,0.92209834,0.46562260389328003,-196.0,75235328,0.0019716928,2008,-196.0,0.085624695,2000.0,2000,2000,0.00089717365
288,589824,37502.420426130295,7.567652,-168.0,0.93761814,0.46818602085113525,-196.0,75497472,0.00090144615,1985,-196.0,0.0442667,2000.0,2000,2000,0.00020986359
289,591872,37635.938183546066,7.490731,-168.0,0.94413507,0.49637317657470703,-196.0,75759616,0.0010999084,1963,-196.0,0.054210663,2000.0,2000,2000,0.00025144249
290,593920,37767.92410135269,7.2933326,-168.0,0.91365,0.5213483273983002,-196.0,76021760,0.0015507455,1986,-196.0,0.0742445,2000.0,2000,2000,0.00049697835
291,595968,37896.64736843109,6.9863396,-168.0,0.9114907,0.5172572135925293,-196.0,76283904,0.00079969014,2036,-196.0,0.04134941,2000.0,2000,2000,3.7658036e-05
292,598016,38025.964129924774,8.589067,-168.0,0.91027343,0.5063656568527222,-196.0,76546048,0.0010662157,2027,-196.0,0.051330566,2000.0,2000,2000,0.0003033835
293,600064,38154.9423019886,6.659267,-168.0,0.9214003,0.5486986041069031,-196.0,76808192,0.00094357965,2032,-196.0,0.04873562,2000.0,2000,2000,0.00016938153
294,602112,38285.274441719055,6.6182904,-168.0,0.93980235,0.5519623458385468,-196.0,77070336,0.000841923,2011,-196.0,0.042844772,2000.0,2000,2000,8.882507e-05
295,604160,38413.70597290993,6.7680182,-168.0,0.9117133,0.547076940536499,-196.0,77332480,0.001217295,2041,-196.0,0.055534363,2000.0,2000,2000,0.0003320408
296,606208,38542.975251197815,6.7170477,-168.0,0.8913644,0.5599068403244019,-196.0,77594624,0.0009730411,2027,-196.0,0.04388523,2000.0,2000,2000,0.0002429278
297,608256,38670.98604822159,6.719372,-168.0,0.8806491,0.5444343984127045,-196.0,77856768,0.0009220693,2047,-196.0,0.046028137,2000.0,2000,2000,0.00023862964
298,610304,38801.82967734337,6.837713,-168.0,0.89833385,0.5508860647678375,-196.0,78118912,0.0009400903,2003,-196.0,0.044136047,2000.0,2000,2000,0.00036621338
299,612352,38929.669440984726,6.6470337,-168.0,0.9306454,0.5554033517837524,-196.0,78381056,0.000963894,2050,-196.0,0.049957275,2000.0,2000,2000,-9.6126925e-05
300,614400,39058.6353764534,7.0468817,-168.0,0.93745786,0.5551720559597015,-196.0,78643200,0.002179588,2032,-196.0,0.09829521,2000.0,2000,2000,0.0011103334
301,616448,39188.138469696045,7.451278,-168.0,0.99016136,0.521291971206665,-196.0,78905344,0.0017461824,2024,-196.0,0.08826065,2000.0,2000,2000,0.0009778487
302,618496,39317.76855826378,7.7318134,-168.0,1.0302817,0.47376376390457153,-196.0,79167488,0.00094702456,2022,-196.0,0.043684006,2000.0,2000,2000,0.00025356043
303,620544,39447.65696763992,8.537494,-168.0,1.048592,0.46928006410598755,-196.0,79429632,0.0014418766,2018,-196.0,0.06325054,2000.0,2000,2000,0.0006444218
304,622592,39578.50759387016,7.73094,-168.0,1.0925393,0.47495096921920776,-196.0,79691776,0.0015493516,2003,-196.0,0.073085785,2000.0,2000,2000,0.00059194455
305,624640,39711.28107714653,7.6982536,-168.0,1.1017683,0.45151275396347046,-196.0,79953920,0.0010567581,1974,-196.0,0.049591064,2000.0,2000,2000,0.00036267034
306,626688,39838.01429486275,7.271049,-168.0,1.0524478,0.4775737524032593,-196.0,80216064,0.0012752893,2068,-196.0,0.06428146,2000.0,2000,2000,0.00015951232
307,628736,39965.3819026947,7.194724,-168.0,1.0505216,0.5158547759056091,-195.98,80478208,0.0018820217,2058,-194.0,0.086411476,2000.0,2000,2000,0.0007082473
308,630784,40094.08573412895,7.0765777,-168.0,1.046119,0.5037265121936798,-196.0,80740352,0.0014399587,2036,-196.0,0.07609367,2000.0,2000,2000,0.0003711294
309,632832,40225.20438718796,7.0943446,-168.0,1.0036279,0.5315383076667786,-196.0,81002496,0.0027391934,1999,-196.0,0.0995245,2000.0,2000,2000,0.0010128418
310,634880,40355.27630710602,7.5009723,-168.0,1.0435377,0.5235211551189423,-196.0,81264640,0.0025641527,2015,-196.0,0.10458183,2000.0,2000,2000,0.0010221987
311,636928,40486.835846185684,6.989354,-168.0,1.0526443,0.5324420630931854,-196.0,81526784,0.0012131806,1992,-196.0,0.05746174,2000.0,2000,2000,0.00024296627
312,638976,40613.72340345383,7.134638,-168.0,1.0153346,0.5152943730354309,-196.0,81788928,0.0112296725,2065,-196.0,0.20040989,2000.0,2000,2000,0.0044992487
313,641024,40741.396334409714,8.741528,-168.0,1.0821346,0.49510836601257324,-196.0,82051072,0.0009828991,2053,-196.0,0.047985077,2000.0,2000,2000,0.000150141
