recent_worst_eplen,eplen,recent_best_ext_ret,epcount,eprew_recent,recent_best_eplen,best_eplen,total_secs,eplen_std,best_ext_ret,n_updates,eprew,rew_mean,tcount,eprew_std
500,500.0,-190.0,384.0,-193.66145833333334,500,500,369.8017282485962,0.0,-190.0,1,-193.56,-0.37282404,192000.0,1.0031948963187565
500,500.0,-190.0,896.0,-193.75,500,500,737.330141544342,0.0,-190.0,2,-193.74,-0.37745413,448000.0,0.729657453878188
500,500.0,-190.0,1408.0,-193.8359375,500,500,1102.4031293392181,0.0,-190.0,3,-193.9,-0.3751713,704000.0,0.43588989435406733
500,500.0,-190.0,1920.0,-193.96484375,500,500,1470.0664615631104,0.0,-190.0,4,-193.96,-0.37565598,960000.0,0.39799497484264806
500,500.0,-192.0,2432.0,-193.95703125,500,500,1833.3182682991028,0.0,-190.0,5,-193.9,-0.3756607,1216000.0,0.43588989435406733
500,500.0,-192.0,2944.0,-193.94921875,500,500,2199.4514915943146,0.0,-190.0,6,-193.92,-0.3751668,1472000.0,0.39191835884530857
500,500.0,-190.0,3456.0,-193.89453125,500,500,2563.176286458969,0.0,-190.0,7,-193.9,-0.3746266,1728000.0,0.43588989435406733
500,500.0,-190.0,3968.0,-193.84375,500,500,2933.7727773189545,0.0,-190.0,8,-193.76,-0.374323,1984000.0,0.6499230723708769
500,500.0,-188.0,4480.0,-193.67578125,500,500,3286.975410223007,0.0,-188.0,9,-193.5,-0.37347928,2240000.0,0.9539392014169457
500,500.0,-188.0,4992.0,-193.18359375,500,500,3645.4587099552155,0.0,-188.0,10,-193.06,-0.3717491,2496000.0,1.3101144988129854
500,500.0,-184.0,5504.0,-192.41015625,500,500,3998.686352491379,0.0,-184.0,11,-192.52,-0.37009925,2752000.0,1.6880758276807353
500,500.0,-180.0,6016.0,-191.1484375,500,500,4356.172915458679,0.0,-180.0,12,-190.66,-0.36760172,3008000.0,3.225585218220098
500,500.0,-176.0,6528.0,-188.87109375,500,500,4714.477553129196,0.0,-176.0,13,-188.46,-0.36331993,3264000.0,3.750786584171379
500,500.0,-176.0,7040.0,-186.421875,500,500,5065.044007301331,0.0,-176.0,14,-185.58,-0.35925734,3520000.0,4.692930853954701
500,500.0,-172.0,7552.0,-184.54296875,500,500,5422.531515836716,0.0,-172.0,15,-184.36,-0.35644507,3776000.0,4.4486402416918365
500,500.0,-176.0,8064.0,-182.03125,500,500,5780.451531648636,0.0,-172.0,16,-181.74,-0.35147807,4032000.0,4.114899755765626
500,500.0,-172.0,8576.0,-180.72265625,500,500,6138.041818141937,0.0,-172.0,17,-180.62,-0.3495639,4288000.0,3.9768832017045703
500,500.0,-168.0,9088.0,-180.08984375,500,500,6488.383241891861,0.0,-168.0,18,-180.14,-0.34914324,4544000.0,2.8461201661208895
500,500.0,-172.0,9600.0,-179.17578125,500,500,6848.425680875778,0.0,-168.0,19,-178.8,-0.34768134,4800000.0,2.668332812825266
500,500.0,-172.0,10112.0,-179.109375,500,500,7205.727820158005,0.0,-168.0,20,-178.64,-0.34739563,5056000.0,2.7405109012737023
500,500.0,-156.0,10624.0,-179.03125,500,500,7565.736916065216,0.0,-156.0,21,-179.02,-0.34799746,5312000.0,3.4116858003045945
500,500.0,-164.0,11136.0,-179.32421875,500,500,7923.9280433654785,0.0,-156.0,22,-179.12,-0.34882474,5568000.0,2.16
500,500.0,-172.0,11648.0,-179.93359375,500,500,8283.058085680008,0.0,-156.0,23,-180.1,-0.35047352,5824000.0,1.9261360284258222
500,500.0,-172.0,12160.0,-180.33203125,500,500,8644.054508924484,0.0,-156.0,24,-181.16,-0.3512008,6080000.0,3.288525505450733
500,500.0,-176.0,12672.0,-180.375,500,500,9008.288515090942,0.0,-156.0,25,-180.8,-0.35191312,6336000.0,3.1749015732775083
500,500.0,-176.0,13184.0,-180.8984375,500,500,9368.65862774849,0.0,-156.0,26,-180.86,-0.35182607,6592000.0,2.874091160697586
500,500.0,-176.0,13696.0,-181.17578125,500,500,9730.208208322525,0.0,-156.0,27,-181.18,-0.35382363,6848000.0,2.368037161870565
500,500.0,-176.0,14208.0,-181.3828125,500,500,10094.624388694763,0.0,-156.0,28,-181.34,-0.35402513,7104000.0,2.6085244871382747
500,500.0,-176.0,14720.0,-181.2109375,500,500,10455.242038726807,0.0,-156.0,29,-180.96,-0.35366514,7360000.0,2.35762592452662
500,500.0,-176.0,15232.0,-181.24609375,500,500,10816.855466127396,0.0,-156.0,30,-180.96,-0.35338938,7616000.0,2.340598214132447
500,500.0,-176.0,15744.0,-180.9296875,500,500,11173.925987005234,0.0,-156.0,31,-181.08,-0.35313568,7872000.0,2.4235511135521777
500,500.0,-176.0,16256.0,-181.05859375,500,500,11535.626432180405,0.0,-156.0,32,-181.0,-0.35404414,8128000.0,2.4899799195977463
500,500.0,-176.0,16768.0,-181.1640625,500,500,11905.827605962753,0.0,-156.0,33,-181.1,-0.3535371,8384000.0,2.7766886753829647
500,500.0,-176.0,17280.0,-181.53125,500,500,12275.195652008057,0.0,-156.0,34,-182.12,-0.35441044,8640000.0,3.3444880026694666
500,500.0,-176.0,17792.0,-181.29296875,500,500,12641.719362735748,0.0,-156.0,35,-181.04,-0.35298634,8896000.0,2.340598214132447
500,500.0,-176.0,18304.0,-180.7265625,500,500,13008.52247262001,0.0,-156.0,36,-180.54,-0.3521905,9152000.0,2.169884789568331
500,500.0,-176.0,18816.0,-180.78515625,500,500,13375.961636543274,0.0,-156.0,37,-180.76,-0.35273543,9408000.0,2.1124393482417427
500,500.0,-176.0,19328.0,-180.453125,500,500,13742.168709754944,0.0,-156.0,38,-180.4,-0.3516504,9664000.0,2.3832750575625967
500,500.0,-172.0,19840.0,-180.68359375,500,500,14110.962456941605,0.0,-156.0,39,-180.76,-0.35226429,9920000.0,3.1084401232772683
500,500.0,-172.0,20352.0,-180.9375,500,500,14477.004449605942,0.0,-156.0,40,-180.74,-0.35321867,10176000.0,2.4108919511251434
500,500.0,-172.0,20864.0,-181.0703125,500,500,14847.539480686188,0.0,-156.0,41,-180.98,-0.35341114,10432000.0,2.2714752915231102
500,500.0,-176.0,21376.0,-180.89453125,500,500,15216.847742557526,0.0,-156.0,42,-180.58,-0.3537451,10688000.0,2.337434491060659
500,500.0,-172.0,21888.0,-181.02734375,500,500,15582.806065797806,0.0,-156.0,43,-180.96,-0.35341623,10944000.0,3.255518391900129
500,500.0,-172.0,22400.0,-180.98828125,500,500,15952.052336931229,0.0,-156.0,44,-181.48,-0.3535245,11200000.0,3.1063805304566277
500,500.0,-172.0,22912.0,-180.90625,500,500,16320.71108698845,0.0,-156.0,45,-180.88,-0.35404682,11456000.0,2.2148589119851407
500,500.0,-172.0,23424.0,-180.96875,500,500,16685.708196401596,0.0,-156.0,46,-180.78,-0.3541022,11712000.0,2.447774499417787
500,500.0,-172.0,23936.0,-180.96484375,500,500,17052.51540493965,0.0,-156.0,47,-181.06,-0.35429823,11968000.0,2.0871990801071183
500,500.0,-176.0,24448.0,-181.08203125,500,500,17418.046041965485,0.0,-156.0,48,-180.86,-0.35462514,12224000.0,2.37073828163296
500,500.0,-176.0,24960.0,-181.234375,500,500,17785.031257629395,0.0,-156.0,49,-181.54,-0.35500878,12480000.0,2.1513716554793594
500,500.0,-176.0,25472.0,-181.42578125,500,500,18155.497046232224,0.0,-156.0,50,-181.42,-0.3553048,12736000.0,2.7319590040847976
500,500.0,-172.0,25984.0,-180.7421875,500,500,18522.947687149048,0.0,-156.0,51,-180.7,-0.354003,12992000.0,2.5199206336708304
500,500.0,-176.0,26496.0,-180.76171875,500,500,18887.314165115356,0.0,-156.0,52,-180.72,-0.35389146,13248000.0,1.90829767070025
500,500.0,-172.0,27008.0,-180.44140625,500,500,19256.601761817932,0.0,-156.0,53,-180.2,-0.35370323,13504000.0,1.98997487421324
500,500.0,-172.0,27520.0,-180.46484375,500,500,19618.35665011406,0.0,-156.0,54,-180.3,-0.3531085,13760000.0,2.455605831561735
500,500.0,-172.0,28032.0,-179.98828125,500,500,19980.327425956726,0.0,-156.0,55,-179.76,-0.3523593,14016000.0,2.1029503084951866
500,500.0,-168.0,28544.0,-179.58203125,500,500,20337.48539018631,0.0,-156.0,56,-179.94,-0.35150605,14272000.0,2.9455729493597675
500,500.0,-168.0,29056.0,-179.53125,500,500,20697.646552324295,0.0,-156.0,57,-178.98,-0.35158706,14528000.0,3.1936812614911965
500,500.0,-168.0,29568.0,-179.3203125,500,500,21060.684963703156,0.0,-156.0,58,-179.34,-0.35066858,14784000.0,3.0601307161623015
500,500.0,-168.0,30080.0,-178.703125,500,500,21424.89694929123,0.0,-156.0,59,-178.92,-0.3490454,15040000.0,3.038683925649392
500,500.0,-168.0,30592.0,-178.30859375,500,500,21786.486355304718,0.0,-156.0,60,-178.42,-0.34889096,15296000.0,3.4559513885470086
500,500.0,-168.0,31104.0,-177.93359375,500,500,22144.541315078735,0.0,-156.0,61,-178.0,-0.34805748,15552000.0,3.2741411087489802
500,500.0,-164.0,31616.0,-177.86328125,500,500,22506.275935411453,0.0,-156.0,62,-177.92,-0.34805685,15808000.0,3.9791456369426847
500,500.0,-164.0,32128.0,-177.8046875,500,500,22867.868489265442,0.0,-156.0,63,-177.9,-0.3475947,16064000.0,4.339354790749427
500,500.0,-164.0,32640.0,-177.23828125,500,500,23228.984581708908,0.0,-156.0,64,-176.52,-0.34605685,16320000.0,4.4418014363544
500,500.0,-164.0,33152.0,-176.62109375,500,500,23586.56146836281,0.0,-156.0,65,-176.94,-0.34492567,16576000.0,4.6256242821915405
500,500.0,-164.0,33664.0,-176.7890625,500,500,23943.909601211548,0.0,-156.0,66,-177.74,-0.34505385,16832000.0,4.3049274093763765
500,500.0,-164.0,34176.0,-176.609375,500,500,24306.080429792404,0.0,-156.0,67,-176.56,-0.3451963,17088000.0,4.427911471563089
500,500.0,-164.0,34688.0,-176.61328125,500,500,24666.61922597885,0.0,-156.0,68,-176.58,-0.34408477,17344000.0,4.101658201264459
500,500.0,-164.0,35200.0,-175.82421875,500,500,25025.585200309753,0.0,-156.0,69,-175.84,-0.34298715,17600000.0,3.2946016451158395
500,500.0,-160.0,35712.0,-176.05078125,500,500,25385.458445310593,0.0,-156.0,70,-176.08,-0.34358186,17856000.0,4.620995563728665
500,500.0,-164.0,36224.0,-176.0078125,500,500,25749.2331302166,0.0,-156.0,71,-175.72,-0.34292108,18112000.0,4.915445045974982
500,500.0,-160.0,36736.0,-175.56640625,500,500,26112.036252737045,0.0,-156.0,72,-175.32,-0.34245747,18368000.0,4.6062566146492525
500,500.0,-164.0,37248.0,-175.20703125,500,500,26471.899561166763,0.0,-156.0,73,-174.28,-0.3414082,18624000.0,4.427369422128675
500,500.0,-164.0,37760.0,-175.703125,500,500,26834.193041086197,0.0,-156.0,74,-175.86,-0.34221885,18880000.0,4.263848027310543
500,500.0,-164.0,38272.0,-175.61328125,500,500,27194.90282034874,0.0,-156.0,75,-174.8,-0.34250447,19136000.0,4.681879964287851
500,500.0,-164.0,38784.0,-175.55078125,500,500,27555.00067472458,0.0,-156.0,76,-175.32,-0.34203508,19392000.0,4.666647619008745
500,500.0,-164.0,39296.0,-175.515625,500,500,27915.834818840027,0.0,-156.0,77,-175.92,-0.34174517,19648000.0,3.665187580465698
500,500.0,-164.0,39808.0,-175.06640625,500,500,28276.86922955513,0.0,-156.0,78,-174.96,-0.34106073,19904000.0,4.2188149994992665
500,500.0,-164.0,40320.0,-175.30859375,500,500,28641.001467704773,0.0,-156.0,79,-175.68,-0.34153625,20160000.0,3.6079911308094976
500,500.0,-164.0,40832.0,-174.984375,500,500,29000.844426870346,0.0,-156.0,80,-175.26,-0.34034115,20416000.0,3.7910948286741664
500,500.0,-164.0,41344.0,-175.0625,500,500,29357.37547802925,0.0,-156.0,81,-174.8,-0.34062538,20672000.0,2.912043955712207
500,500.0,-164.0,41856.0,-174.87109375,500,500,29716.11675286293,0.0,-156.0,82,-174.8,-0.34067422,20928000.0,3.773592452822642
500,500.0,-164.0,42368.0,-174.94921875,500,500,30077.110533237457,0.0,-156.0,83,-175.2,-0.34012726,21184000.0,3.4871191548325395
500,500.0,-164.0,42880.0,-174.54296875,500,500,30435.6926882267,0.0,-156.0,84,-174.52,-0.33971795,21440000.0,4.104826427511886
500,500.0,-164.0,43392.0,-174.79296875,500,500,30795.672699451447,0.0,-156.0,85,-174.84,-0.34067586,21696000.0,3.2641078413557354
500,500.0,-164.0,43904.0,-174.98828125,500,500,31158.3593249321,0.0,-156.0,86,-174.56,-0.3405658,21952000.0,2.85769137591868
500,500.0,-164.0,44416.0,-174.68359375,500,500,31518.545278787613,0.0,-156.0,87,-174.36,-0.33950824,22208000.0,3.2047464798326875
500,500.0,-164.0,44928.0,-174.2421875,500,500,31879.522205352783,0.0,-156.0,88,-174.12,-0.3396498,22464000.0,3.0701140043978823
500,500.0,-164.0,45440.0,-174.6640625,500,500,32240.032348394394,0.0,-156.0,89,-174.84,-0.3403408,22720000.0,3.2147161616540894
500,500.0,-160.0,45952.0,-174.73828125,500,500,32600.74990916252,0.0,-156.0,90,-175.16,-0.34061414,22976000.0,2.4195867415738577
500,500.0,-164.0,46464.0,-174.5859375,500,500,32956.70575070381,0.0,-156.0,91,-174.6,-0.33985513,23232000.0,3.117691453623979
500,500.0,-164.0,46976.0,-174.5,500,500,33313.09436893463,0.0,-156.0,92,-174.28,-0.3403593,23488000.0,3.006925339944442
500,500.0,-164.0,47488.0,-174.46875,500,500,33674.65029120445,0.0,-156.0,93,-174.6,-0.34055686,23744000.0,2.6758176320519307
500,500.0,-132.0,48000.0,-174.60546875,500,500,34033.280433893204,0.0,-132.0,94,-174.22,-0.3403373,24000000.0,4.655276576101574
500,500.0,-156.0,48512.0,-174.6328125,500,500,34389.024513721466,0.0,-132.0,95,-174.52,-0.3404513,24256000.0,3.232584105634376
500,500.0,-144.0,49024.0,-174.859375,500,500,34750.43856668472,0.0,-132.0,96,-174.96,-0.3412842,24512000.0,2.806848766855813
500,500.0,101.4,49537.0,-174.43781676413258,292,292,35108.49001598358,0.0,101.4,97,-175.0,-0.34053895,24768292.0,2.734958866235469
500,500.0,-164.0,50049.0,-174.6171875,500,292,35464.00793123245,0.0,101.4,98,-174.44,-0.3406942,25024292.0,2.9336666477294244
500,500.0,81.3,50562.0,-174.43021442495126,332,292,35823.220140218735,0.0,101.4,99,-175.0,-0.3401368,25280624.0,2.734958866235469
500,500.0,-144.0,51074.0,-174.4453125,500,292,36178.869079589844,0.0,101.4,100,-174.96,-0.34056574,25536624.0,2.749254444390333
500,500.0,98.0,51588.0,-173.3782101167315,290,290,36535.189796447754,0.0,101.4,101,-173.96,-0.3390261,25793255.0,3.509757826403411
500,500.0,-164.0,52100.0,-174.734375,500,290,36893.31373000145,0.0,101.4,102,-174.32,-0.34109735,26049255.0,2.9491693745866816
500,498.06,109.2,52613.0,-173.5654970760234,262,262,37253.1936416626,19.302756279868422,109.2,103,-172.083,-0.33922097,26305323.0,27.06410927778707
500,500.0,102.6,53127.0,-173.53151750972765,279,262,37617.02281689644,0.0,109.2,104,-174.34,-0.33889905,26561932.0,3.5106124821745848
500,500.0,-136.0,53639.0,-174.49609375,500,262,37978.092475414276,0.0,109.2,105,-174.54,-0.3409837,26817932.0,3.4392441029970517
500,500.0,94.1,54152.0,-174.17134502923975,300,262,38336.44089245796,0.0,109.2,106,-174.8,-0.34046006,27074232.0,3.1240998703626612
500,500.0,-144.0,54664.0,-174.9921875,500,262,38694.49292302132,0.0,109.2,107,-174.88,-0.34143567,27330232.0,3.2039975031201258
500,498.25,84.2,55177.0,-174.49863547758287,325,262,39049.5330324173,17.41228014936585,109.2,108,-172.798,-0.3409108,27586557.0,25.973594206424337
500,498.04,104.9,55691.0,-173.81439688715955,273,262,39406.650705099106,19.50175376728975,109.2,109,-172.435,-0.33994022,27843134.0,26.80397871585485
500,500.0,97.3,56204.0,-174.52378167641325,302,262,39764.97721552849,0.0,109.2,110,-175.24,-0.34060997,28099436.0,2.9769783338143387
500,500.0,112.6,56717.0,-174.50565302144247,264,262,40121.14560294151,0.0,112.6,111,-175.76,-0.34138256,28355700.0,2.7608694282779838
500,498.55,76.1,57230.0,-175.13040935672512,355,262,40476.7679810524,14.42731783804599,112.6,112,-173.299,-0.34207743,28612055.0,25.18985309603849
500,500.0,-164.0,57742.0,-175.62890625,500,262,40836.31031394005,0.0,112.6,113,-175.56,-0.34309405,28868055.0,2.255304857441672
500,499.19,59.5,58257.0,-174.37844660194173,387,262,41193.43383646011,8.059398240563622,112.6,114,-173.576,-0.3403841,29125288.0,22.212199891050865
500,500.0,34.0,58770.0,-175.31384015594543,460,262,41551.33205699921,0.0,112.6,115,-175.84,-0.34245834,29381748.0,2.1850400453996257
500,500.0,94.3,59284.0,-174.57140077821012,310,262,41911.10723900795,0.0,112.6,116,-175.6,-0.34100947,29638503.0,2.6229754097208
500,500.0,88.2,59797.0,-174.54366471734892,315,262,42268.40878844261,0.0,112.6,117,-175.34,-0.340948,29894746.0,2.482820976228451
500,500.0,103.8,60312.0,-173.86077669902915,276,262,42629.039115190506,0.0,112.6,118,-175.24,-0.33999318,30151848.0,2.510458125522113
500,499.28,71.9,60826.0,-173.53929961089497,356,262,42989.165939331055,7.163909547167663,112.6,119,-172.96900000000002,-0.33892965,30408493.0,22.269017468222525
500,499.65,85.8,61341.0,-173.07941747572815,321,262,43347.089418172836,3.4824560298731693,112.6,120,-173.31799999999998,-0.33865088,30665480.0,20.38487861136288
500,499.17,95.1,61855.0,-174.09922178988327,298,262,43708.22299718857,8.258395727984945,112.6,121,-173.725,-0.34045336,30921994.0,22.734706397928257
500,496.65,101.8,62371.0,-173.66104651162792,281,262,44064.502309799194,24.554989309710567,112.6,122,-170.955,-0.33940378,31179419.0,36.24838306738661
500,498.09,102.1,62885.0,-173.86108949416342,290,262,44422.91653966904,19.004260048736437,112.6,123,-172.65400000000002,-0.34028226,31435897.0,26.542793447563128
500,497.73,104.9,63398.0,-174.5,273,262,44780.90651154518,22.586214822320276,112.6,124,-172.391,-0.34124428,31691994.0,27.983266767838245
500,499.07,90.9,63912.0,-172.9998054474708,308,262,45138.79150414467,9.253383165091567,112.6,125,-172.727,-0.3385962,31948326.0,22.652601859389133
500,498.69,66.7,64425.0,-174.33430799220272,369,262,45495.215628147125,13.034335426096723,112.6,126,-173.293,-0.34032947,32204641.0,24.24757825020882
500,494.02,102.6,64945.0,-170.72326923076923,279,262,45851.53746986389,31.745859572548984,112.6,127,-164.72299999999998,-0.334389,32463428.0,49.09790801042342
500,497.0,80.2,65464.0,-170.6466281310212,345,262,46209.69004511833,15.872617931519677,112.6,128,-166.515,-0.3343529,32721881.0,43.73933327109594
500,500.0,88.6,65978.0,-174.30291828793776,314,262,46569.16822004318,0.0,112.6,129,-175.12,-0.34095758,32978561.0,3.6476841968569595
500,494.74,114.6,66492.0,-172.2330739299611,249,249,46921.37459278107,32.42333110585647,114.6,130,-167.03099999999998,-0.33755034,33234553.0,44.625525643963
500,499.3,93.0,67005.0,-173.07173489278753,303,249,47279.02978014946,6.964912059746339,114.6,131,-173.458,-0.33887696,33490460.0,21.778214711036348
500,500.0,112.9,67519.0,-173.30953307392997,253,249,47637.01672434807,0.0,114.6,132,-175.12,-0.33924,33746874.0,3.5136306009596403
500,498.73,93.3,68037.0,-171.38108108108108,302,249,48000.719850063324,12.636340451254073,114.6,133,-172.03,-0.3352639,34004815.0,24.439498767364277
500,493.97,104.6,68558.0,-163.95969289827255,274,249,48362.571664094925,27.132067742802057,114.6,134,-163.243,-0.32406735,34262066.0,52.241459120127956
500,498.15,96.3,69074.0,-170.4172480620155,295,249,48727.21291565895,17.91165821469358,114.6,135,-170.738,-0.33414352,34518828.0,32.53655722414404
500,500.0,89.7,69588.0,-170.84338521400778,311,249,49087.06273984909,0.0,114.6,136,-175.14,-0.33481836,34774980.0,2.580775077375012
500,496.51,90.5,70102.0,-170.6533073929961,319,249,49447.97683119774,21.848796305517613,114.6,137,-167.81900000000002,-0.3348147,35030848.0,40.930010249204685
500,497.4,114.4,70620.0,-169.54555984555986,249,249,49809.609511613846,18.540226535832836,114.6,138,-169.975,-0.33291936,35288084.0,33.99618618315885
500,491.4,101.0,71144.0,-163.46545801526716,283,249,50168.496500730515,36.88495628301598,114.6,139,-159.269,-0.3220945,35547148.0,58.814480691407965
500,493.33,110.4,71668.0,-162.87442748091604,259,249,50522.84336686134,32.596028899238625,114.6,140,-162.827,-0.32202414,35805406.0,53.44155097861588
500,494.94,108.8,72189.0,-164.16007677543186,271,249,50881.28053498268,28.774579058606573,114.6,141,-167.07,-0.32435372,36062441.0,43.975057703202616
500,486.12,107.7,72715.0,-158.77357414448667,266,249,51238.75744199753,48.243606830335565,114.6,142,-153.056,-0.31525984,36320473.0,70.41094278590509
500,490.87,120.9,73238.0,-157.4929254302103,233,233,51591.81579756737,41.21302100064978,120.9,143,-162.043,-0.313952,36576478.0,57.60836962629649
500,484.23,111.9,73762.0,-150.70629770992366,256,233,51949.706394672394,48.63925472290874,120.9,144,-148.99399999999997,-0.30261064,36831013.0,75.7686661094149
500,486.66,119.0,74294.0,-147.94530075187973,238,233,52307.36757183075,44.21452702449728,120.9,145,-150.12900000000002,-0.29717138,37088767.0,73.12496604443656
500,463.95,119.4,74832.0,-131.78475836431227,237,233,52664.7592253685,69.09766638606546,120.9,146,-115.448,-0.26986167,37343583.0,105.94262549134791
500,466.53,123.0,75377.0,-125.49229357798166,228,228,53024.62355923653,68.96947948186936,123.0,147,-121.25699999999999,-0.2590649,37599960.0,104.02296501734605
500,454.91,118.5,75934.0,-116.04039497307002,239,228,53380.29170918465,80.30953803876598,123.0,148,-105.447,-0.24098288,37857701.0,113.4033072313149
500,453.73,122.5,76493.0,-105.3892665474061,239,228,53738.37036919594,79.92694852175954,123.0,149,-102.37099999999998,-0.22606847,38110801.0,115.22773216114251
500,467.97,131.5,77051.0,-114.74390681003585,217,217,54098.12872457504,72.07086165712188,131.5,150,-126.24099999999999,-0.2408087,38367640.0,100.24090791188995
500,436.23,126.6,77639.0,-89.55986394557823,219,217,54458.51233458519,93.03847107514181,131.5,151,-83.11999999999998,-0.19159135,38627571.0,125.38727367639828
500,445.37,125.0,78230.0,-83.04128595600677,223,217,54813.596697330475,89.57473471911597,131.5,152,-94.82600000000001,-0.18009001,38885068.0,120.29184978210284
500,419.14,122.6,78837.0,-54.51762767710049,229,217,55168.38045525551,98.72426449460133,131.5,153,-61.145,-0.12677105,39137122.0,130.91530344081244
500,406.77,129.7,79464.0,-48.67751196172249,211,211,55526.27578282356,102.89770211234068,131.5,154,-45.078,-0.10963404,39393412.0,133.2849275649726
500,380.92,128.9,80109.0,-44.094573643410854,213,211,55885.05604696274,106.2459109801408,131.5,155,-15.524000000000001,-0.09483727,39653875.0,133.5946893555279
500,366.55,130.1,80784.0,-7.237333333333333,218,211,56242.12141561508,104.50764326115099,131.5,156,1.598999999999998,-0.013347634,39907747.0,130.0145387985513
500,350.41,135.7,81477.0,-1.531890331890333,206,206,56600.695897340775,102.90170989832967,135.7,157,19.429999999999996,0.0043027555,40163163.0,125.03941818482681
500,362.71,130.9,82185.0,0.5603107344632785,214,206,56952.888132572174,105.96794751244359,135.7,158,7.115999999999999,0.016757049,40424513.0,128.74789452259014
500,343.55,135.6,82923.0,28.91937669376694,206,206,57307.749616384506,95.16421333673703,135.7,159,34.074,0.09130259,40678692.0,114.92232387138715
500,352.36,132.2,83695.0,41.69183937823834,205,205,57665.12337875366,103.65698432811946,135.7,160,20.685,0.13268702,40935329.0,123.46087912776257
500,305.36,135.9,84489.0,50.80994962216626,197,197,58028.800978899,81.9013455322927,135.9,161,69.22999999999999,0.16899857,41193593.0,93.92197772619569
500,313.06,133.9,85293.0,55.33830845771144,201,197,58385.89018559456,88.91139634490058,135.9,162,62.73400000000001,0.18142408,41449866.0,98.38157370158295
500,300.84,144.5,86122.0,62.44439083232811,184,184,58742.911418914795,84.5675729816104,144.5,163,72.765,0.21179296,41706415.0,91.69778118907784
500,307.4,138.1,86994.0,74.50607798165137,193,184,59095.49314332008,91.14801149778309,144.5,164,67.267,0.26446217,41966300.0,96.2322368595888
500,293.55,136.9,87846.0,69.90176056338028,198,184,59454.12938833237,88.91067146299144,144.5,165,72.44599999999998,0.23995079,42221077.0,97.34082845342954
500,275.03,136.9,88746.0,85.35033333333334,193,184,59806.98099374771,67.50221551919611,144.5,166,94.963,0.3065238,42476541.0,67.39557352675321
500,295.99,137.1,89640.0,77.46129753914988,199,184,60161.727786540985,93.64822422235245,144.5,167,67.58800000000001,0.28001952,42734082.0,104.43295675216709
500,268.49,140.5,90588.0,93.42162447257385,193,184,60515.24543094635,70.93807087876016,144.5,168,95.5,0.35381076,42991447.0,73.4722723209239
500,268.66,141.8,91524.0,93.05438034188033,191,184,60872.77806472778,68.71829741779113,144.5,169,95.12100000000001,0.34468684,43244568.0,73.2164411795602
500,259.45,141.2,92513.0,99.67108190091001,192,184,61223.33776640892,57.70257793201271,144.5,170,104.98899999999999,0.39631537,43504485.0,56.36555489835968
500,254.44,146.5,93503.0,105.54545454545455,179,179,61581.44159889221,59.21474816293657,146.5,171,106.531,0.41385096,43759198.0,58.38858740370415
500,259.8,141.7,94491.0,103.05232793522266,191,179,61935.14606022835,71.29866758923339,146.5,172,101.25699999999999,0.40393186,44013107.0,68.96812779103114
500,246.9,143.3,95523.0,105.81637596899225,179,179,62293.096174001694,57.849546238496984,146.5,173,109.545,0.43732756,44272703.0,58.424161739814465
500,252.5,144.1,96549.0,109.23245614035088,184,179,62649.51786327362,62.38501422617454,146.5,174,105.676,0.44693178,44527937.0,64.52827460888753
500,239.1,145.7,97583.0,108.34439071566732,175,175,63008.60342168808,52.68329906146728,146.5,175,114.81800000000003,0.44408858,44784513.0,50.56180649462596
500,236.58,143.8,98637.0,113.48074003795067,178,175,63364.1693649292,45.99482144763691,146.5,176,118.01999999999998,0.4738398,45038919.0,42.27199545798614
500,240.67,146.2,99689.0,110.52813688212929,180,175,63716.79089188576,58.06566196987683,146.5,177,112.55699999999997,0.46169892,45295656.0,58.66340470003424
500,243.59,144.5,100739.0,110.2807619047619,181,175,64069.038117170334,63.61054865350557,146.5,178,109.272,0.4607373,45551165.0,64.85141799529136
500,232.01,145.1,101809.0,115.70794392523365,181,175,64425.82029438019,46.34468577949364,146.5,179,119.53499999999998,0.48701456,45805090.0,42.079095463186945
500,236.58,149.9,102894.0,113.02442396313364,171,171,64780.99435901642,53.184806100990905,149.9,180,117.63400000000001,0.49261323,46064631.0,43.61679084939652
500,235.72,148.7,103976.0,116.97190388170054,174,171,65139.24466896057,57.72799667405755,149.9,181,114.09200000000001,0.4983686,46318100.0,58.5708249557747
500,231.53,146.9,105085.0,116.20568079350767,178,171,65496.26849651337,58.84206913425123,149.9,182,116.184,0.51519436,46576474.0,59.18004515037142
500,226.66,146.3,106204.0,119.9508489722967,170,170,65853.44351172447,47.604877901324365,149.9,183,121.44,0.53213257,46832951.0,43.593114135147545
500,227.34,146.9,107332.0,120.8109929078014,177,170,66210.15744423866,52.02426741435192,149.9,184,119.95100000000002,0.53989977,47089600.0,51.06146001633718
500,251.35,148.1,108465.0,122.2117387466902,168,168,66563.11853432655,86.40166375712913,149.9,185,97.23199999999999,0.54848886,47345053.0,89.8827902103623
500,229.78,148.5,109579.0,117.67181328545783,173,168,66921.26104593277,58.51095282081809,149.9,186,117.189,0.5186585,47600407.0,58.754521349424664
500,226.48,146.3,110713.0,121.03156966490299,175,168,67282.67665719986,52.223075359461546,149.9,187,120.507,0.5455344,47856662.0,51.37058741147506
500,231.11,150.1,111848.0,120.59709251101323,170,168,67638.35664463043,65.53745417698188,150.1,188,115.07199999999999,0.5435194,48112447.0,64.36050664809905
500,228.5,149.1,112994.0,121.88280977312392,173,168,67995.89690518379,53.360753367995095,150.1,189,119.321,0.5514617,48369322.0,51.200547448245125
500,223.32,150.1,114150.0,125.2189446366782,170,168,68349.20589709282,38.17640108758289,150.1,190,125.57500000000002,0.57562375,48625461.0,30.835736978382734
500,230.46,150.3,115305.0,122.83974025974028,166,166,68707.17751169205,65.51113187848306,150.3,191,115.373,0.5620717,48881504.0,65.96682325987813
500,213.55,151.3,116481.0,126.73231292517008,167,166,69066.23378896713,34.06974464242431,151.3,192,129.235,0.59004295,49136500.0,30.416325797176754
500,222.79,151.5,117655.0,124.35758091993185,167,166,69422.1878259182,53.47303900097693,151.5,193,121.59500000000001,0.57794696,49394341.0,52.31306409492757
500,218.58,149.5,118826.0,126.32263023057214,172,166,69777.23223185539,46.668229021465976,151.5,194,125.837,0.5868148,49648894.0,43.29069566315607
500,215.4,150.5,120007.0,126.91888230313295,169,166,70132.61847901344,34.21023238740129,151.5,195,129.205,0.592521,49904686.0,30.040450645754305
500,218.41,150.3,121181.0,123.72632027257241,165,165,70484.22981953621,46.475390261944014,151.5,196,125.82400000000001,0.5761828,50162350.0,42.430232429247894
500,210.8,150.5,122370.0,126.8883095037847,169,165,70841.29162621498,23.56650164958728,151.5,197,132.635,0.5977881,50417888.0,9.63160812118101
500,209.02,149.7,123556.0,126.00851602023607,167,165,71195.96435976028,35.942726663401594,151.5,198,131.267,0.5930159,50673372.0,30.813922356623152
500,214.13,152.7,124738.0,125.64365482233501,163,163,71553.23608636856,44.28513407454018,152.7,199,127.29799999999999,0.5876613,50928486.0,42.20103785453623
500,225.17,150.1,125937.0,126.80066722268558,166,163,71904.28869533539,66.46353210596018,152.7,200,117.97400000000002,0.603625,51186937.0,66.24350325881022
500,220.16,151.5,127123.0,127.04873524451938,167,163,72263.47508955002,60.777087788080145,152.7,201,122.00100000000002,0.59459406,51441085.0,60.09011814766219
500,218.15,151.5,128311.0,125.85606060606061,167,163,72623.49889683723,52.72729369121841,152.7,202,124.72399999999999,0.592121,51696970.0,51.750347090623464
500,212.59,151.4,129515.0,127.88654485049835,164,163,72982.08108472824,44.391462016923924,152.7,203,128.43899999999996,0.6093744,51953014.0,42.912468805697955
500,213.62,153.4,130725.0,128.12066115702478,162,162,73335.9123609066,46.944601393557484,153.4,204,128.10200000000003,0.6158334,52210145.0,43.31337894923461
500,215.34,152.5,131936.0,128.27233691164327,164,162,73694.85685443878,54.005040505493554,153.4,205,125.38300000000001,0.61722076,52466956.0,52.68995360597693
500,211.84,151.3,133129.0,128.06580050293377,167,162,74049.39001727104,53.55814037100242,153.4,206,127.07699999999998,0.602952,52720320.0,52.36052684035943
500,207.65,152.5,134340.0,127.44335260115606,164,162,74403.5630466938,44.56352207804047,153.4,207,130.43,0.6101728,52977496.0,44.39445348238899
500,205.15,152.7,135567.0,129.6719641401793,164,162,74759.34123158455,21.89537622421684,153.4,208,135.19099999999997,0.63176185,53234412.0,8.635057556264464
500,212.96,153.8,136771.0,129.40514950166113,161,161,75113.8107624054,53.82915938411075,153.8,209,126.39800000000001,0.61502063,53487341.0,52.52357562085811
500,204.95,152.6,138004.0,130.11354420113545,164,161,75476.63405251503,16.84599358898133,153.8,210,135.243,0.6363828,53745607.0,6.702152713867389
500,207.75,151.3,139231.0,130.20888345558274,165,161,75838.08579158783,45.02718623231969,153.8,211,130.28300000000002,0.6329054,54002070.0,42.85331971971367
500,212.01,152.7,140457.0,129.7847471451876,163,161,76194.68500947952,53.940058398188626,153.8,212,126.48700000000001,0.63005584,54258056.0,52.35729873666135
500,211.11,152.7,141684.0,130.9677261613692,163,161,76548.34045243263,54.091014965519,153.8,213,127.285,0.6347912,54512807.0,52.43957927939544
500,208.53,152.3,142916.0,130.73693181818183,165,161,76907.47414064407,44.79943191604108,153.8,214,130.108,0.63745356,54768832.0,42.55121544680011
500,207.88,156.5,144151.0,130.1455870445344,154,154,77261.87232923508,54.99277770762266,156.5,215,128.738,0.6390087,55025695.0,52.07204005990162
500,204.64,153.3,145395.0,132.13376205787782,162,154,77615.4111943245,46.16525100115887,156.5,216,131.637,0.6483983,55281608.0,43.23994601060459
500,202.25,152.6,146661.0,134.3067140600316,160,154,77973.69158053398,34.123708766779735,156.5,217,134.38800000000003,0.67377436,55538721.0,32.038421559121794
500,206.44,152.5,147908.0,133.60777866880514,161,154,78328.73116207123,36.05088625817679,156.5,218,132.931,0.65884125,55793497.0,30.60003821893038
500,201.63,151.9,149159.0,132.580895283773,166,154,78684.26159358025,22.61134892039836,156.5,219,136.211,0.6565,56049747.0,9.074159961120369
500,202.18,151.8,150396.0,130.7210994341148,166,154,79044.428129673,33.28494554599722,156.5,220,134.51,0.6412509,56306217.0,31.81972501452519
500,200.4,153.3,151657.0,132.93378271213322,161,154,79401.94781017303,34.78620416199502,156.5,221,135.109,0.66359574,56564073.0,31.26896894686488
500,200.78,153.1,152913.0,133.86600318471338,163,154,79758.22432112694,19.37347671431228,156.5,222,136.815,0.66413766,56819413.0,7.707767186416571
500,194.78,152.9,154179.0,135.0042654028436,163,154,80116.16189169884,14.819973009422116,156.5,223,139.207,0.6763257,57074702.0,6.1053133416721534
500,194.26,153.9,155451.0,135.35888364779873,161,154,80475.86773180962,13.157978568154,156.5,224,139.404,0.6808244,57330543.0,5.4184300309222415
500,205.32,152.8,156716.0,134.48403162055334,163,154,80836.07334542274,45.98366666545851,156.5,225,131.58700000000002,0.67244554,57586265.0,43.201205203095896
500,203.73,156.5,157994.0,135.26220657276997,154,154,81195.50573253632,44.65464253579911,156.5,226,132.12300000000002,0.68573946,57843562.0,43.27582432490455
500,197.29,152.6,159269.0,135.82141176470589,163,154,81552.91021203995,14.69713917740456,156.5,227,138.326,0.684776,58099658.0,6.239641335846157
500,200.54,153.0,160529.0,135.3015873015873,161,154,81914.80816197395,35.89552061190923,156.5,228,135.239,0.67314833,58353166.0,31.90660400293331
500,203.15,152.6,161806.0,134.23179326546594,162,154,82274.77682685852,36.368770944314306,156.5,229,134.227,0.67870235,58611643.0,32.49274643670492
500,198.67,151.7,163062.0,135.11464968152868,158,154,82632.53591537476,33.292357981975385,156.5,230,136.02900000000002,0.6698898,58864420.0,31.030995133897974
500,205.46,153.3,164337.0,133.66909803921567,162,154,82989.46584224701,48.91020752358345,156.5,231,131.303,0.67768025,59122999.0,43.634856376525406
500,199.31,152.7,165620.0,136.0631332813718,164,154,83346.17673039436,18.00316361087684,156.5,232,137.753,0.6906303,59380431.0,7.197769862950608
500,205.89,152.3,166885.0,135.17122529644269,156,154,83701.26523399353,54.05180755534453,156.5,233,129.466,0.67606044,59634690.0,52.72581382966033
500,200.41,152.7,168162.0,136.14706342991386,162,154,84055.15613794327,33.653854162636414,156.5,234,135.113,0.6868015,59890468.0,30.706200204518957
500,197.5,153.8,169462.0,137.44961538461538,161,154,84417.89748334885,33.1621772505968,156.5,235,136.33899999999997,0.7079763,60148293.0,30.66656125163041
500,199.74,154.3,170738.0,137.41481191222573,158,154,84783.85512971878,38.216650821337026,156.5,236,135.671,0.6905341,60401194.0,28.488240714371955
500,199.21,153.0,172034.0,136.84899691358027,163,154,85145.02019739151,34.79232530314695,156.5,237,136.114,0.70390373,60658334.0,28.158782004909238
500,194.47,153.1,173313.0,135.76755277560594,163,154,85507.45741987228,18.33382393282972,156.5,238,139.49400000000003,0.68558395,60913114.0,7.509724628773014
500,197.78,153.8,174615.0,137.01927803379417,160,154,85872.10738158226,34.92694661718943,156.5,239,136.438,0.70708567,61171045.0,31.747503145916845
500,196.06,154.1,175901.0,136.6580093312597,158,154,86235.69440174103,35.32416170272127,156.5,240,136.934,0.6940609,61425963.0,31.459775015088713
500,199.74,154.0,177201.0,136.37053846153847,160,154,86596.89255452156,39.292396210971916,156.5,241,135.70000000000002,0.7031576,61684192.0,32.1626646906005
500,194.77,154.2,178482.0,136.503981264637,160,154,86953.7743127346,17.880634776204115,156.5,242,139.44799999999998,0.6908504,61938431.0,7.338112563868179
500,192.16,152.3,179795.0,138.13274942878903,164,154,87314.12564349174,14.085964645703184,156.5,243,140.32700000000003,0.7189695,62196039.0,5.605030865213856
500,201.45,154.4,181070.0,136.7518431372549,158,154,87673.95560956001,36.59709687939742,156.5,244,134.84600000000003,0.68906134,62449869.0,31.173028149347314
500,195.74,153.5,182382.0,137.80327743902438,162,154,88033.49639058113,17.959743873452094,156.5,245,138.886,0.71515757,62707886.0,7.132461286260165
500,200.04,153.4,183667.0,136.95385214007783,162,154,88394.00444579124,39.50466301590232,156.5,246,135.77200000000002,0.6957088,62962747.0,31.84299634142491
500,200.29,153.9,184968.0,137.83651037663336,161,154,88759.96499633789,36.39458613585268,156.5,247,137.351,0.7094785,63220287.0,14.462610379872645
500,190.95,154.6,186257.0,137.54918541505043,159,154,89121.11803460121,13.039459344620083,156.5,248,140.969,0.69948655,63473859.0,5.449673292959864
500,192.97,153.5,187562.0,137.7344827586207,162,154,89480.15633869171,16.229882932418214,156.5,249,140.41299999999998,0.7119511,63730431.0,6.930261971960367
500,194.27,153.1,188864.0,137.50483870967741,163,154,89841.34472870827,13.96843226707994,156.5,250,139.799,0.7080837,63987114.0,5.931601722975
500,191.08,153.5,190169.0,138.20214559386972,162,154,90204.62244582176,13.348917559113174,156.5,251,140.702,0.7153675,64243347.0,5.293353946223508
500,195.2,153.3,191464.0,137.5389189189189,162,154,90563.28855347633,24.48550591676635,156.5,252,139.532,0.7023719,64498867.0,9.602144343843202
500,194.51,152.6,192765.0,137.57486548808612,159,154,90923.97967720032,33.756923734250435,156.5,253,137.65900000000002,0.7089123,64754613.0,31.31260479423582
500,194.57,153.7,194075.0,138.69152671755728,161,154,91280.2362229824,23.852150846412155,156.5,254,139.659,0.71974885,65010638.0,9.8186057564198
500,192.67,154.2,195380.0,138.39478927203066,157,154,91639.58543753624,19.315307401126184,156.5,255,140.48,0.7131788,65266289.0,7.814435360280356
500,192.7,154.2,196703.0,138.6402872260015,160,154,91996.76840543747,35.709802575763426,156.5,256,138.569,0.7281755,65523788.0,31.640621659505996
500,193.09,152.7,198017.0,138.6230593607306,164,154,92360.70646810532,21.627803864470387,156.5,257,140.325,0.7197079,65780422.0,8.560787054938348
500,194.18,157.1,199324.0,138.51025248661057,153,153,92721.86677217484,34.017166254701465,157.1,258,139.851,0.7156101,66034524.0,13.677649615339618
500,197.6,153.5,200645.0,138.48274034822106,162,153,93079.92042279243,46.562860736857644,157.1,259,136.24999999999997,0.72390294,66292016.0,34.36032741403959
500,191.86,154.7,201961.0,138.90691489361703,159,153,93434.51346492767,13.442484889335008,157.1,260,140.955,0.723642,66547936.0,5.380378704143419
500,195.12,158.0,203285.0,140.26790030211478,150,150,93789.84510946274,34.3340297663994,158.0,261,137.576,0.731996,66802763.0,31.318231495408547
500,189.82,155.0,204631.0,140.8786775631501,158,150,94145.25227451324,14.02453564293663,158.0,262,141.355,0.7516256,67059919.0,5.588315935950652
500,197.6,153.9,205964.0,139.67876969242312,161,150,94503.52826046944,46.930587040862804,158.0,263,134.29300000000003,0.7356477,67316416.0,45.12750880560547
500,193.71,156.3,207290.0,139.66892911010558,155,150,94861.22283172607,34.300814859125424,158.0,264,138.099,0.7325912,67571447.0,31.350025502381975
500,196.31,154.1,208617.0,140.26405425772418,156,150,95215.66949605942,29.61340743649741,158.0,265,139.08700000000002,0.73361725,67826551.0,11.833525721440756
500,192.71,156.1,209954.0,139.18608825729243,155,150,95574.59259819984,37.3829626969292,158.0,266,138.395,0.73707515,68083907.0,32.284025074330486
500,188.09,154.9,211294.0,140.66380597014924,158,150,95928.81844878197,12.590548042082997,158.0,267,142.30399999999997,0.7471112,68340219.0,5.098939497581825
500,189.7,154.5,212620.0,140.2132730015083,158,150,96283.35419392586,16.053348560347153,158.0,268,141.69299999999998,0.73387545,68594830.0,6.4458863626347
500,191.7,154.3,213948.0,139.59623493975903,158,150,96641.42166662216,14.361406616345072,158.0,269,140.446,0.7320516,68850668.0,5.985856997957768
500,193.13,155.3,215273.0,138.76030188679246,157,150,96996.20519924164,34.351900966322084,158.0,270,138.373,0.72679555,69106785.0,31.38963158433052
500,197.44,154.3,216614.0,139.67024608501117,158,150,97355.24484348297,50.95141214922311,158.0,271,134.478,0.74310374,69363866.0,45.133782425141376
500,189.81,155.3,217954.0,140.43335820895524,157,150,97715.06323862076,14.87863905066589,158.0,272,141.654,0.74324495,69619249.0,5.943171207360597
500,191.37,154.7,219301.0,140.48804751299184,159,150,98066.6169450283,22.248440394778235,158.0,273,140.58499999999995,0.7497584,69876161.0,8.741926275140965
500,194.94,154.7,220635.0,139.60344827586206,159,150,98424.88515281677,46.0223467459016,158.0,274,135.655,0.7358367,70131820.0,43.376190185400105
500,186.49,156.3,221972.0,140.45811518324606,155,150,98786.95261120796,13.789485124543265,158.0,275,143.1,0.74414843,70386681.0,5.443803817185188
500,187.41,155.9,223328.0,141.46828908554573,156,150,99142.17290353775,13.242428025101741,158.0,276,142.739,0.7565939,70642989.0,5.350287749271063
500,190.19,155.3,224678.0,141.39303703703703,157,150,99505.10050392151,22.576401396148146,158.0,277,141.41899999999998,0.7556202,70899494.0,9.039233319258884
500,187.43,154.5,226027.0,140.93306152705708,158,150,99859.55462050438,11.898953735518093,158.0,278,142.39999999999998,0.75218827,71155536.0,4.828043081829324
500,189.7,155.7,227382.0,141.47940959409596,156,150,100217.23487877846,24.077167607507327,158.0,279,141.553,0.7576929,71411670.0,9.58938428680382
500,186.63,156.0,228741.0,141.8991169977925,155,150,100575.4050385952,10.903811260288762,158.0,280,142.795,0.76297486,71668334.0,4.366929699457044
500,186.75,154.5,230086.0,140.8107063197026,159,150,100930.56924009323,11.699893161905369,158.0,281,143.064,0.7493298,71923491.0,4.83256701971116
500,191.32,154.4,231435.0,141.0542624166049,159,150,101289.10509109497,34.609501585547285,158.0,282,138.94299999999998,0.7509903,72179103.0,31.068859827808293
500,190.77,154.9,232802.0,142.35822970007317,158,150,101644.23659062386,33.23066505503614,158.0,283,139.343,0.77157086,72435686.0,32.07667456267872
500,190.87,156.1,234164.0,141.89273127753302,155,150,102002.39270401001,33.74423061798861,158.0,284,139.49200000000002,0.76430446,72691665.0,32.1704512868564
500,188.68,154.7,235525.0,142.14489346069067,157,150,102357.43553757668,24.09766793696021,158.0,285,142.08800000000002,0.7633548,72947610.0,9.762820084381357
500,196.9,156.9,236881.0,141.13613569321532,153,150,102716.75646829605,56.02597611822574,158.0,286,133.263,0.75788116,73204732.0,53.671557933415734
500,190.85,156.3,238243.0,142.25080763582966,153,150,103077.02092933655,34.22290899383043,158.0,287,139.446,0.76554424,73459730.0,31.412661205316564
500,188.61,155.7,239609.0,142.13989751098097,156,150,103437.11515378952,33.436475591784486,158.0,288,140.10299999999998,0.767474,73715463.0,32.10634658443716
500,192.8,155.4,240970.0,141.74136664217488,157,150,103796.75454354286,37.194892122440685,158.0,289,140.52900000000002,0.7621904,73971541.0,14.817187958583775
500,188.89,156.7,242343.0,142.37858703568827,154,150,104155.80616044998,34.79192291322801,158.0,290,140.03100000000003,0.7738989,74228374.0,32.33618003104264
500,186.59,155.1,243694.0,141.15566247224277,158,150,104512.51654028893,15.53904437216137,158.0,291,142.899,0.7540983,74483763.0,6.3943959057912565
500,191.15,154.7,245057.0,141.32296404988995,159,150,104869.7753944397,35.00524960630905,158.0,292,139.21799999999996,0.7622972,74740772.0,31.60298207448152
500,187.87,156.1,246412.0,141.0008856088561,155,150,105228.64460086823,35.57461313914742,158.0,293,140.606,0.75587827,74995536.0,31.345949722412307
500,192.06,155.1,247772.0,141.3861029411765,158,150,105586.23508143425,47.59092770686446,158.0,294,136.787,0.75920576,75251521.0,44.74007075318501
500,184.77,157.5,249146.0,142.79505094614265,152,150,105941.33885192871,12.654528833583651,158.0,295,143.822,0.77458924,75507397.0,5.217730924453655
500,187.17,155.9,250525.0,142.18651196519218,156,150,106296.74606108665,34.07904194662755,158.0,296,140.72400000000002,0.7774749,75764911.0,31.487972687996287
500,184.88,155.9,251898.0,142.78135469774216,156,150,106655.54295682907,18.941636676908363,158.0,297,143.96499999999997,0.7758187,76020247.0,7.558735013214842
385,187.63,157.9,253276.0,143.50130624092887,151,150,107017.13259673119,22.960250434174277,158.0,298,142.96300000000002,0.78099304,76276047.0,9.168605728244618
500,186.86,156.5,254641.0,142.61545787545785,154,150,107376.99390482903,18.461863394576397,158.0,299,142.787,0.76958245,76531168.0,7.731787050869934
500,187.42,157.1,256025.0,142.5638005780347,153,150,107733.02235746384,34.50106665017765,158.0,300,141.041,0.78033805,76788387.0,30.40916998209586
500,185.41,155.8,257412.0,143.42631578947368,156,150,108093.30204176903,20.264301122910705,158.0,301,143.52800000000002,0.78743976,77045082.0,8.088845158611951
408,184.23,157.4,258789.0,143.6044299201162,152,150,108450.34139895439,14.756595135735074,158.0,302,144.205,0.7824244,77300305.0,6.040916735065961
500,185.1,155.0,260156.0,142.96956839795172,155,150,108809.2465069294,15.821188324522275,158.0,303,143.56,0.7697375,77554353.0,6.536375142232888
500,186.63,156.0,261545.0,142.80489560835133,155,150,109166.22436594963,35.14360681546503,158.0,304,141.24699999999999,0.7859028,77812310.0,31.71201177787369
500,185.07,158.3,262924.0,143.05235678027557,150,150,109524.62579274178,16.187807139943324,158.3,305,143.77,0.7809642,78068436.0,6.615897520367135
500,186.42,155.9,264298.0,142.90101892285298,156,150,109883.82173228264,23.288701123076834,158.3,306,143.205,0.7757336,78323983.0,9.576224464787778
500,188.29,156.6,265673.0,143.1762909090909,154,150,110237.81147909164,17.150682202174934,158.3,307,142.528,0.7770787,78579775.0,6.819458629539445
500,181.35,156.5,267062.0,143.85478761699065,154,150,110598.65478658676,12.110635821458756,158.3,308,145.13,0.7908217,78835438.0,5.099146987487221
500,185.72,155.9,268448.0,143.67106782106782,156,150,110956.72428321838,22.657925765612354,158.3,309,143.338,0.7880264,79090794.0,8.95084107779822
500,184.82,155.9,269837.0,142.99474442044638,154,150,111314.18341588974,11.955233163765564,158.3,310,143.71900000000002,0.784355,79347925.0,4.883496595678141
500,186.32,155.9,271215.0,142.91850507982582,156,150,111669.69947862625,35.49982535168307,158.3,311,141.319,0.77808565,79603591.0,32.23601307544095
500,184.67,157.1,272596.0,142.79587255611872,153,150,112029.80332279205,12.11449957695323,158.3,312,143.956,0.77988935,79860257.0,4.991659443511747
500,189.09,157.4,273984.0,143.6479106628242,152,150,112389.98839044571,35.20343591185383,158.3,313,139.95899999999997,0.787946,80115797.0,32.08943157801334
500,184.65,155.9,275380.0,143.8647564469914,156,150,112748.8208565712,34.17729509484331,158.3,314,141.90900000000002,0.7942396,80372506.0,32.56143146423388
500,186.24,156.5,276760.0,143.50971014492757,154,150,113108.2401175499,25.927252071903034,158.3,315,143.319,0.7818068,80626827.0,10.31133061248644
500,182.69,157.3,278153.0,143.39066762383345,152,150,113463.80125331879,13.814264366950562,158.3,316,144.53400000000002,0.7912992,80883642.0,5.478945518984469
500,182.32,156.7,279551.0,144.06409155937052,154,150,113821.5734732151,13.520266269567328,158.3,317,144.92000000000002,0.79595387,81139787.0,5.470447879287399
500,186.5,156.4,280950.0,144.0506075768406,154,150,114172.68614602089,26.212401645022915,158.3,318,143.168,0.79833436,81396479.0,10.79257967309021
500,182.36,158.7,282357.0,144.41670220326935,149,149,114533.56833386421,12.986546885142333,158.7,319,144.85500000000002,0.80352086,81653437.0,5.445114782995854
500,180.1,157.7,283752.0,144.18236559139785,151,149,114891.07757949829,10.483797022071727,158.7,320,145.54,0.79450774,81909527.0,4.254268444750517
500,181.62,156.5,285152.0,144.6775,154,149,115246.0305879116,16.282370834740252,158.7,321,144.99099999999999,0.79994094,82164304.0,6.408854733881866
352,182.47,155.7,286565.0,145.15244161358814,156,149,115597.12504339218,14.006751943259365,158.7,322,144.78100000000003,0.81190467,82420664.0,5.713224921180682
500,181.13,157.4,287970.0,144.5444839857651,152,149,115952.02671122551,10.49347892741011,158.7,323,145.46800000000002,0.80213875,82676617.0,4.40948704499741
500,186.88,158.2,289368.0,144.58676680972818,150,149,116312.18519735336,35.68340790899883,158.7,324,141.063,0.79826856,82931866.0,31.449679346537064
500,181.99,155.9,290766.0,144.36158798283262,156,149,116668.37355065346,10.768932166189924,158.7,325,145.02,0.79768056,83186580.0,4.319421257529762
500,181.08,156.2,292176.0,144.47489361702128,153,149,117028.72690582275,10.253467706098265,158.7,326,145.31799999999998,0.8065569,83444359.0,4.181468163217316
500,182.4,156.7,293578.0,144.43509272467904,154,149,117387.5977525711,16.2234398325386,158.7,327,144.82299999999995,0.79915226,83700022.0,6.454794419654276
395,179.22,156.2,294989.0,145.17009213323882,155,149,117745.76731276512,11.172806272374007,158.7,328,146.045,0.81131774,83956001.0,4.398258177960907
500,180.64,157.3,296392.0,144.54461867426943,152,149,118107.48047423363,14.899342267362007,158.7,329,145.428,0.80048513,84211878.0,6.0625255463379295
500,179.59,156.5,297801.0,145.0028388928318,152,149,118462.1395251751,11.000995409507269,158.7,330,146.01,0.8070092,84467308.0,4.2727859763859
500,181.12,157.0,299208.0,145.00632551528074,153,149,118820.3643591404,15.152082365140442,158.7,331,145.363,0.8066794,84722705.0,6.157428927726248
500,179.97,157.5,300621.0,144.8023354564756,152,149,119178.18049025536,16.826440502970318,158.7,332,145.77100000000002,0.8090881,84979440.0,6.753033318442905
500,180.24,156.9,302035.0,145.11817538896747,153,149,119536.27587914467,11.794168050354381,158.7,333,145.55899999999997,0.8115876,85235829.0,5.05339677840559
500,182.54,157.4,303445.0,144.95028368794328,152,149,119891.0850675106,19.637932681420416,158.7,334,144.59600000000003,0.80989546,85491671.0,8.017741826724032
364,180.91,156.5,304860.0,145.25272084805653,154,149,120250.33604431152,17.935492744834193,158.7,335,145.501,0.8125215,85747995.0,7.180563975064911
500,179.89,157.0,306276.0,145.28954802259886,153,149,120617.41894459724,18.81057947007481,158.7,336,145.74400000000003,0.8127515,86003914.0,7.72348781315799
500,178.21,157.5,307700.0,145.54143258426967,152,149,120982.43447065353,15.040807824049876,158.7,337,146.27900000000002,0.8197518,86260561.0,6.112860132540251
421,179.78,157.5,309119.0,145.76518675123324,152,149,121344.41917014122,14.818623417848231,158.7,338,145.748,0.817381,86515966.0,6.095826113005521
500,181.49,159.4,310531.0,145.28781869688385,147,147,121700.06311178207,22.72025307957638,159.4,339,145.038,0.8089431,86771650.0,9.08572264599795
500,177.61,158.8,311957.0,145.65028050490884,148,147,122059.69921159744,9.355100213252662,159.4,340,146.68800000000002,0.82387525,87028131.0,3.7563620698755864
500,179.04,157.8,313376.0,145.2293164200141,151,147,122417.31225633621,9.128986800297174,159.4,341,146.03799999999998,0.81337726,87284340.0,3.8672931101740917
500,181.73,158.4,314793.0,145.39026111503176,149,147,122775.58624053001,33.5012999747771,159.4,342,143.06900000000002,0.8146069,87539892.0,31.925725348063747
500,183.27,156.7,316218.0,145.5202807017544,153,147,123133.43556666374,20.238011265932236,159.4,343,144.669,0.81884223,87796444.0,8.105648586017038
500,178.09,157.5,317652.0,145.9818688981869,152,147,123495.30562829971,23.36240355785337,159.4,344,146.372,0.8286415,88053260.0,9.326211235008566
425,177.36,156.3,319075.0,146.08264230498943,149,147,123850.39415168762,10.915603510571461,159.4,345,146.61899999999997,0.8214772,88308139.0,4.480774375038314
332,176.99,156.7,320500.0,145.96042105263157,154,147,124202.62561821938,10.134589286201983,159.4,346,147.05999999999997,0.8224016,88564104.0,4.169292505929515
358,177.6,158.6,321934.0,146.19121338912132,149,147,124557.62273335457,10.143963722332607,159.4,347,146.719,0.83051527,88820626.0,4.125110786391076
291,179.46,158.1,323371.0,146.4105080027836,150,147,124916.03932857513,17.378388878144026,159.4,348,145.985,0.831863,89076889.0,7.142777820988134
498,178.57,157.5,324801.0,146.24643356643358,152,147,125273.73899245262,28.651790519965765,159.4,349,146.33100000000002,0.8238171,89332697.0,11.408590579032976
338,179.34,157.3,326220.0,146.05320648343906,152,147,125630.96787953377,9.859229178794862,159.4,350,146.069,0.8193688,89587335.0,4.000892275480558
500,181.03,157.1,327652.0,146.1350558659218,153,147,125993.89487051964,12.725136541507128,159.4,351,145.33700000000002,0.82738703,89843448.0,5.11796160595212
500,174.58,157.7,329088.0,145.72869080779944,151,147,126352.95673418045,11.230476392388702,159.4,352,147.80700000000002,0.8282618,90100706.0,4.455608937058995
500,180.83,156.5,330522.0,146.26324965132497,154,147,126712.66667699814,33.4314387964383,159.4,353,143.675,0.8290141,90356782.0,31.946785049516325
497,176.7,157.3,331951.0,146.27564730580826,152,147,127073.34683156013,13.331541546272884,159.4,354,147.29700000000003,0.8272895,90612530.0,5.3426857478238405
500,176.09,156.8,333385.0,146.4413528591353,153,147,127434.64683580399,11.939928810508041,159.4,355,147.39799999999997,0.82921004,90868213.0,4.668318326763932
331,176.97,158.7,334830.0,146.5561937716263,149,147,127795.82754302025,9.828992827345028,159.4,356,146.76200000000003,0.83731693,91125597.0,4.2275472794517635
500,179.03,157.1,336259.0,146.21392582225334,153,147,128153.17916846275,19.12561371564322,159.4,357,146.189,0.8248539,91380971.0,7.80671371320865
400,177.65,156.5,337692.0,146.60879274249828,154,147,128510.3039894104,10.943833880318177,159.4,358,146.803,0.83092296,91635827.0,4.318436175283826
398,179.15,157.5,339134.0,146.55672676837725,151,147,128867.65257763863,24.10492688227865,159.4,359,146.319,0.83591247,91892348.0,9.6923649848734
500,179.13,158.3,340572.0,146.35716272600834,150,147,129231.16246843338,23.71904509039097,159.4,360,146.307,0.83136964,92148268.0,9.454937916242496
500,178.87,159.1,342012.0,146.4604861111111,148,147,129591.53449749947,13.677466870733047,159.4,361,146.33800000000002,0.83442,92404521.0,5.732360421327327
472,178.49,157.4,343447.0,146.56480836236935,151,147,129948.48910498619,15.619535844576177,159.4,362,146.25799999999998,0.83023906,92660183.0,6.027738879546792
500,178.12,157.5,344886.0,146.31688672689367,152,147,130306.28623485565,13.030947778270006,159.4,363,146.427,0.83310366,92916186.0,5.4880571243382645
500,179.79,158.3,346332.0,146.65276625172893,149,147,130668.41188716888,14.357781862112267,159.4,364,145.856,0.8384227,93173060.0,6.137740952500358
355,176.61,158.2,347776.0,147.35339335180058,150,147,131026.76706290245,10.903114234015895,159.4,365,147.053,0.8396453,93427398.0,4.540979079449717
500,178.05,158.9,349229.0,146.90495526496903,148,147,131386.7487154007,33.755110724155536,159.4,366,144.708,0.84321105,93684407.0,32.07495808259147
500,176.98,157.1,350670.0,146.54566273421236,150,147,131744.33950662613,10.765667652310285,159.4,367,147.015,0.8352357,93940183.0,4.525027624225072
500,175.08,158.2,352119.0,146.66611456176673,150,147,132102.49653458595,14.959064141850586,159.4,368,147.66899999999998,0.8402848,94196952.0,6.320849547331434
324,176.45,157.7,353563.0,147.2231301939058,151,147,132461.71533226967,16.538062159757413,159.4,369,146.944,0.8415558,94451572.0,6.661656250513082
500,175.3,158.7,355024.0,147.27152635181383,149,147,132822.6681022644,17.2252721313772,159.4,370,147.653,0.8497932,94708721.0,7.311927994722049
326,176.3,157.1,356474.0,147.23689655172413,150,147,133181.1006913185,13.71677804734042,159.4,371,147.253,0.8428651,94964582.0,5.572314689606107
366,175.63,157.5,357923.0,147.24389233954452,152,147,133541.13164520264,10.920306772247747,159.4,372,147.48000000000002,0.84489846,95220119.0,4.350333320562918
500,177.82,157.3,359376.0,146.94803854094977,152,147,133899.4287199974,18.200758225964105,159.4,373,146.62400000000002,0.8439411,95477010.0,7.153588190551647
355,177.08,158.1,360829.0,147.46696490020648,150,147,134261.86461377144,14.544194718168484,159.4,374,146.84900000000002,0.8463855,95732267.0,5.867324688476001
340,176.1,158.3,362285.0,147.48145604395606,150,147,134619.12992095947,12.500000000000002,159.4,375,147.11800000000002,0.8485114,95988187.0,5.240274420295181
315,176.21,158.2,363748.0,147.3803827751196,150,147,134979.93815517426,12.2158053357116,159.4,376,147.364,0.8538179,96245399.0,4.993105646789381
500,176.52,157.9,365190.0,146.97669902912622,151,147,135339.34553527832,10.91373446625856,159.4,377,147.288,0.8354915,96499712.0,4.261837162539179
500,175.73,158.7,366647.0,146.9036376115305,149,147,135700.2856593132,34.30185271964183,159.4,378,145.66299999999998,0.84658444,96756655.0,31.452448728199215
500,174.5,157.4,368103.0,146.98255494505497,151,147,136058.483897686,10.73824939177704,159.4,379,148.001,0.84636694,97012982.0,4.405326208125795
425,175.23,157.1,369566.0,147.88544087491456,153,147,136418.64060473442,10.055699876189623,159.4,380,147.47299999999998,0.85577077,97268657.0,4.581896004930711
500,177.55,157.7,371025.0,147.34071281699792,151,147,136777.61170506477,34.19894004205393,159.4,381,144.57500000000002,0.848993,97524131.0,32.511759026543
500,177.52,161.3,372478.0,147.22085340674468,142,142,137133.77585053444,33.961001163098835,161.3,382,145.092,0.8456095,97780025.0,31.345062386283423
500,173.95,158.9,373955.0,148.00832769126606,148,142,137491.24040818214,12.040245014118275,161.3,383,148.25199999999998,0.8630544,98037184.0,4.811184469545935
500,174.6,157.9,375411.0,147.41641483516483,151,142,137846.2510819435,10.929775843996069,161.3,384,147.922,0.8492409,98292403.0,4.571139464072388
500,176.3,157.8,376882.0,147.85472467709042,150,142,138195.944511652,34.304081389828816,161.3,385,145.34099999999998,0.858802,98548592.0,31.79745302693284
500,173.72,158.7,378347.0,147.75201365187715,149,142,138557.82396554947,19.52079916396867,161.3,386,148.29600000000002,0.8583624,98804843.0,8.37201194456864
341,177.02,159.1,379814.0,148.23544648943422,148,142,138916.44853377342,14.818218516407429,161.3,387,147.18300000000002,0.8568488,99060171.0,6.056518059083124
500,174.28,159.3,381270.0,147.50817307692307,147,142,139277.60558652878,11.834762355028511,161.3,388,148.29000000000002,0.8501253,99315683.0,4.812681165421203
398,177.53,158.3,382744.0,148.023473541384,147,142,139635.84406638145,27.69492913874307,161.3,389,146.98299999999998,0.8632134,99572917.0,11.142764962072924
500,175.95,159.1,384211.0,147.7445126107703,148,142,139994.84391212463,11.96442643840481,161.3,390,147.34400000000002,0.85538805,99829040.0,4.867223438470851
500,177.23,159.8,385672.0,147.8148528405202,146,142,140350.7048625946,29.117298981876733,161.3,391,146.71999999999997,0.8540812,100083962.0,12.044841219376869
