approxkl,epbestlen,eprewmean,epbestrew,policy_loss,curbestrew,policy_entropy,time_elapsed,nupdates,fps,clipfrac,value_loss,explained_variance,eplenmean,total_timesteps,curbestlen,serial_timesteps
0.0025138569,1000,-98.19399999999997,-95.8,-0.00022863428,-95.8,1.3838376,108.0520350933075,1,2426,0.0151491165,18.874453,-0.0023947954177856445,1000.0,262144,1000,2048
0.0010241724,1000,-98.42499999999998,-95.8,-0.0002471946,-95.8,1.3853364,209.84717178344727,2,2576,0.008207321,18.637342,0.01390993595123291,1000.0,524288,1000,4096
0.00018772247,1000,-98.488,-95.8,-1.92362e-05,-95.8,1.3852476,312.63800263404846,3,2550,0.0,18.058443,0.02679121494293213,1000.0,786432,1000,6144
0.001788884,1000,-98.63499999999998,-95.8,-0.00037850955,-95.8,1.3811373,415.55398440361023,4,2547,0.009972572,17.652239,0.040883779525756836,1000.0,1048576,1000,8192
0.00035665123,1000,-99.03399999999999,-95.8,-3.0154033e-05,-95.8,1.3790643,516.8876323699951,5,2587,0.00026512146,17.380344,0.044355809688568115,1000.0,1310720,1000,10240
0.0007183565,1000,-98.53,-95.8,-8.9205605e-05,-95.8,1.3822625,618.7620584964752,6,2573,0.0006837845,16.85405,0.0450596809387207,1000.0,1572864,1000,12288
0.00014612467,1000,-98.46700000000001,-93.7,-3.1393884e-05,-93.7,1.3802474,720.0142574310303,7,2589,2.193451e-05,16.490025,0.048490703105926514,1000.0,1835008,1000,14336
0.00020043818,1000,-98.78200000000001,-93.7,-2.3833527e-05,-95.8,1.3762776,821.3936080932617,8,2585,0.0010490417,16.374632,0.03260248899459839,1000.0,2097152,1000,16384
0.0007503929,1000,-99.18099999999998,-93.7,-0.00013361615,-93.7,1.3768004,925.9582920074463,9,2507,0.00089645386,16.240198,0.04185307025909424,1000.0,2359296,1000,18432
0.000105217165,1000,-98.719,-93.7,-1.837561e-05,-95.8,1.3776231,1029.0419113636017,10,2543,0.00024604797,15.927139,0.0716022253036499,1000.0,2621440,1000,20480
0.00033678938,1000,-98.65599999999999,-93.7,-5.3022595e-05,-95.8,1.376365,1129.9512431621552,11,2598,0.00011920929,15.544961,0.056190669536590576,1000.0,2883584,1000,22528
0.0006828675,1000,-98.76099999999998,-93.7,-0.00011877537,-95.8,1.373798,1230.7768573760986,12,2600,0.0024995804,15.53219,0.09153908491134644,1000.0,3145728,1000,24576
0.0012998347,1000,-99.20200000000001,-93.7,-0.00020551804,-93.7,1.3684393,1333.311005115509,13,2556,0.01635933,15.213661,0.11195796728134155,1000.0,3407872,1000,26624
0.0016617374,1000,-99.32799999999999,-93.7,-0.000475458,-97.9,1.3655896,1435.8666944503784,14,2556,0.021242142,15.057934,0.12927180528640747,1000.0,3670016,1000,28672
0.0013534953,1000,-99.64299999999999,-93.7,-0.00038018922,-97.9,1.3514338,1538.2583260536194,15,2560,0.0238657,15.059736,0.1100347638130188,1000.0,3932160,1000,30720
0.0014515535,1000,-99.664,-93.7,-0.0005783504,-97.9,1.3412324,1638.8438675403595,16,2606,0.02890873,14.8652725,0.06727278232574463,1000.0,4194304,1000,32768
0.0012700296,1000,-99.811,-93.7,-0.00031969213,-97.9,1.3278284,1740.7153577804565,17,2573,0.02319336,14.916026,0.0936698317527771,1000.0,4456448,1000,34816
0.0014905371,1000,-99.916,-93.7,-0.0005015591,-97.9,1.3097506,1841.2356185913086,18,2608,0.016706467,14.822586,0.08824998140335083,1000.0,4718592,1000,36864
0.0013856263,1000,-100.0,-93.7,-0.00025703677,-100.0,1.2997714,1943.0088362693787,19,2575,0.015748978,14.899462,0.0759618878364563,1000.0,4980736,1000,38912
0.0012826411,1000,-99.916,-93.7,-0.00039783702,-97.9,1.2879915,2045.5211040973663,20,2557,0.022891045,14.700494,0.0680849552154541,1000.0,5242880,1000,40960
0.0016423062,1000,-99.958,-93.7,-0.00033472042,-97.9,1.2680264,2147.494668006897,21,2571,0.018126488,14.493364,0.024516820907592773,1000.0,5505024,1000,43008
0.0011596391,1000,-99.958,-93.7,-0.00040988106,-97.9,1.2494563,2247.4351897239685,22,2623,0.019820213,14.390142,0.05138486623764038,1000.0,5767168,1000,45056
0.0006424268,1000,-100.0,-93.7,-6.281599e-05,-100.0,1.2364018,2347.059739112854,23,2631,0.014872551,14.3038225,0.05328941345214844,1000.0,6029312,1000,47104
0.0014795878,1000,-100.0,-93.7,-0.00035357362,-100.0,1.2148188,2446.6618349552155,24,2631,0.01258564,14.276907,0.042654991149902344,1000.0,6291456,1000,49152
0.00065845525,1000,-99.979,-93.7,-0.00013738754,-97.9,1.2017784,2546.9827840328217,25,2613,0.010904312,14.223439,0.048202335834503174,1000.0,6553600,1000,51200
0.0011889546,1000,-100.0,-93.7,-9.838538e-05,-100.0,1.1727781,2647.264346599579,26,2614,0.0106601715,13.686468,0.04422718286514282,1000.0,6815744,1000,53248
0.0008070015,1000,-100.0,-93.7,-5.851606e-05,-100.0,1.1545221,2746.8494622707367,27,2632,0.0103263855,13.482793,0.03357034921646118,1000.0,7077888,1000,55296
0.0009835878,1000,-100.0,-93.7,-0.0002764647,-100.0,1.1530082,2847.1018307209015,28,2614,0.015089989,13.22562,0.0645027756690979,1000.0,7340032,1000,57344
0.0011185778,1000,-100.0,-93.7,-7.6199976e-05,-100.0,1.1274768,2946.794288635254,29,2629,0.0053081512,13.070928,0.061517953872680664,1000.0,7602176,1000,59392
0.0005284054,1000,-100.0,-93.7,-0.00012569744,-100.0,1.1073961,3045.2514877319336,30,2662,0.0017080307,12.839417,0.07011288404464722,1000.0,7864320,1000,61440
0.0006820387,1000,-100.0,-93.7,-3.282092e-05,-100.0,1.0872356,3145.161046743393,31,2624,0.008620262,12.758476,0.07513618469238281,1000.0,8126464,1000,63488
0.00036651138,1000,-100.0,-93.7,-0.00011353537,-100.0,1.0974132,3246.7335686683655,32,2580,0.0038995743,12.5684805,0.06242847442626953,1000.0,8388608,1000,65536
0.00050106074,1000,-100.0,-93.7,-0.00010509067,-100.0,1.0798622,3347.5588459968567,33,2600,0.0053567886,12.404992,0.08541065454483032,1000.0,8650752,1000,67584
0.00053832924,1000,-100.0,-93.7,-8.7151886e-05,-100.0,1.0713426,3447.9216985702515,34,2612,0.0026369095,12.214031,0.09912437200546265,1000.0,8912896,1000,69632
0.000786203,1000,-100.0,-93.7,-8.416649e-05,-100.0,1.072369,3548.232244491577,35,2613,0.008792877,12.355399,0.09817999601364136,1000.0,9175040,1000,71680
0.00049944845,1000,-100.0,-93.7,-7.101144e-05,-100.0,1.0754317,3652.3423771858215,36,2518,0.0040779114,12.223617,0.10410058498382568,1000.0,9437184,1000,73728
0.00056262687,1000,-100.0,-93.7,-0.0001129079,-100.0,1.0573157,3755.196776866913,37,2548,0.0029821396,11.77708,0.09526306390762329,1000.0,9699328,1000,75776
0.00020280828,1000,-100.0,-93.7,-1.2603217e-05,-100.0,1.0609589,3853.966697216034,38,2654,0.0013933182,11.781589,0.12946003675460815,1000.0,9961472,1000,77824
0.0005621159,1000,-100.0,-93.7,2.2751958e-05,-100.0,1.071315,3954.978261947632,39,2595,0.009066582,11.734575,0.13855397701263428,1000.0,10223616,1000,79872
0.00032799694,1000,-100.0,-93.7,-5.1442057e-05,-100.0,1.0648878,4056.3895421028137,40,2585,0.005543709,11.604635,0.1537378430366516,1000.0,10485760,1000,81920
0.00040826897,1000,-100.0,-93.7,-3.4725897e-05,-100.0,1.0569475,4156.777060270309,41,2612,0.0023260117,11.504979,0.15279757976531982,1000.0,10747904,1000,83968
0.00019999423,1000,-100.0,-93.7,-2.6375983e-05,-100.0,1.0342374,4256.220891714096,42,2636,0.0019035339,11.099557,0.15077859163284302,1000.0,11010048,1000,86016
0.0006614664,1000,-100.0,-93.7,-3.6205533e-05,-100.0,1.0354304,4355.930756807327,43,2629,0.007382393,11.2385235,0.16827738285064697,1000.0,11272192,1000,88064
0.000543225,1000,-100.0,-93.7,-7.2183775e-07,-100.0,1.0324532,4455.741639375687,44,2626,0.0029420853,11.001632,0.18576079607009888,1000.0,11534336,1000,90112
0.00017785569,1000,-100.0,-93.7,-3.4335484e-05,-100.0,1.0333505,4554.991255998611,45,2641,0.0029315948,10.987626,0.19607102870941162,1000.0,11796480,1000,92160
0.00064252823,1000,-100.0,-93.7,-8.245639e-05,-100.0,1.0356995,4655.468477487564,46,2609,0.0025377274,10.7388525,0.21227127313613892,1000.0,12058624,1000,94208
0.0008523069,1000,-100.0,-93.7,-9.276174e-05,-100.0,1.0594336,4755.584614038467,47,2618,0.0018949509,10.75423,0.21030205488204956,1000.0,12320768,1000,96256
0.00047492722,1000,-100.0,-93.7,-3.983776e-05,-100.0,1.0669559,4854.607305049896,48,2647,0.0031147003,10.575604,0.20530152320861816,1000.0,12582912,1000,98304
0.0012692288,1000,-100.0,-93.7,-0.00025833037,-100.0,1.065706,4955.323847293854,49,2602,0.00798893,10.596166,0.21140652894973755,1000.0,12845056,1000,100352
0.0002210046,1000,-100.0,-93.7,1.0091979e-05,-100.0,1.0589994,5055.49481511116,50,2617,0.00042533875,10.4126425,0.2281094789505005,1000.0,13107200,1000,102400
0.0003051937,1000,-100.0,-93.7,-4.416393e-05,-100.0,1.0399524,5155.570181131363,51,2620,0.0054187775,10.199987,0.24313485622406006,1000.0,13369344,1000,104448
0.00069089315,1000,-100.0,-93.7,2.9095889e-05,-100.0,1.045638,5255.545570373535,52,2622,0.012052536,10.049108,0.24060779809951782,1000.0,13631488,1000,106496
0.0011732016,1000,-100.0,-93.7,-0.0001379155,-100.0,1.0351217,5355.528072118759,53,2621,0.016700745,10.100322,0.2246870994567871,1000.0,13893632,1000,108544
0.0004439851,1000,-100.0,-93.7,6.2463278e-06,-100.0,1.0393057,5455.362544059753,54,2625,0.00015163422,10.05445,0.2529115080833435,1000.0,14155776,1000,110592
0.0009361131,1000,-100.0,-93.7,-0.00014615597,-100.0,1.0381533,5555.429599046707,55,2619,0.010603905,10.110252,0.2499525547027588,1000.0,14417920,1000,112640
0.0003021499,1000,-100.0,-93.7,-5.988424e-05,-100.0,1.0285952,5657.360565662384,56,2571,0.0010757446,10.06725,0.24811357259750366,1000.0,14680064,1000,114688
0.0008429415,1000,-100.0,-93.7,-3.950346e-05,-100.0,1.0322751,5756.2318110466,57,2651,0.00081443787,10.019993,0.24960273504257202,1000.0,14942208,1000,116736
0.0016655023,1000,-100.0,-93.7,-0.0002473501,-100.0,1.0223215,5857.8940443992615,58,2578,0.018396378,9.852236,0.2521190643310547,1000.0,15204352,1000,118784
0.0007472919,1000,-100.0,-93.7,9.166918e-05,-100.0,1.0050575,5958.767133951187,59,2598,0.0033855438,9.669159,0.26580333709716797,1000.0,15466496,1000,120832
0.0005563923,1000,-100.0,-93.7,-8.786829e-05,-100.0,1.0141172,6058.964490652084,60,2616,0.0025053024,9.773777,0.2599714398384094,1000.0,15728640,1000,122880
0.00083301606,1000,-100.0,-93.7,-3.794912e-05,-100.0,1.0178123,6160.304429531097,61,2587,0.00060653687,9.685643,0.27984750270843506,1000.0,15990784,1000,124928
0.000267651,1000,-100.0,-93.7,-9.946132e-06,-100.0,1.0318339,6260.42610168457,62,2618,0.0051612854,9.598758,0.2797524333000183,1000.0,16252928,1000,126976
0.00020678971,1000,-100.0,-93.7,-1.8220055e-05,-100.0,1.0294384,6361.544873476028,63,2592,0.0012664795,9.425718,0.2718908190727234,1000.0,16515072,1000,129024
0.0006460509,1000,-100.0,-93.7,-1.7645554e-05,-100.0,1.0178504,6461.991487503052,64,2609,0.009165764,9.281426,0.28709298372268677,1000.0,16777216,1000,131072
0.0010556048,1000,-100.0,-93.7,-0.00014362074,-100.0,1.0122731,6562.267220258713,65,2614,0.00054454803,9.216156,0.2808458209037781,1000.0,17039360,1000,133120
0.00010572034,1000,-100.0,-93.7,9.048179e-06,-100.0,1.0142508,6663.4079167842865,66,2592,0.000702858,9.272264,0.293903648853302,1000.0,17301504,1000,135168
0.00015075345,1000,-100.0,-93.7,-8.8608185e-06,-100.0,1.0131997,6764.225652933121,67,2600,0.000998497,8.987535,0.2989519238471985,1000.0,17563648,1000,137216
0.0006365816,1000,-100.0,-93.7,-0.00010512628,-100.0,1.0086622,6864.464908361435,68,2615,0.0065259933,8.887426,0.29964256286621094,1000.0,17825792,1000,139264
0.0004984762,1000,-100.0,-93.7,-4.3685235e-05,-100.0,1.0109028,6964.580832242966,69,2618,0.0074100494,8.759337,0.2926805019378662,1000.0,18087936,1000,141312
0.00022009847,1000,-100.0,-93.7,-1.2493868e-05,-100.0,1.0155594,7065.1199107170105,70,2607,0.0027608871,8.904003,0.2833791971206665,1000.0,18350080,1000,143360
0.00013401423,1000,-100.0,-93.7,-1.6157608e-05,-100.0,1.01018,7165.297659635544,71,2617,0.00018405914,8.943299,0.27233368158340454,1000.0,18612224,1000,145408
0.0004681665,1000,-100.0,-93.7,-5.303309e-08,-100.0,1.0103723,7263.980532169342,72,2656,0.004143715,8.889243,0.26530635356903076,1000.0,18874368,1000,147456
0.00026015035,1000,-100.0,-93.7,-1.0365338e-05,-100.0,1.0128222,7363.330926656723,73,2638,0.0054893494,8.84176,0.27324873208999634,1000.0,19136512,1000,149504
0.00048757042,1000,-100.0,-93.7,-8.196972e-06,-100.0,1.0140651,7462.080546379089,74,2654,0.005513191,8.78043,0.2586819529533386,1000.0,19398656,1000,151552
0.0013195248,1000,-100.0,-93.7,-0.00023499095,-100.0,1.0083125,7562.2448518276215,75,2617,0.008135796,8.825945,0.27045321464538574,1000.0,19660800,1000,153600
0.0008655329,1000,-100.0,-93.7,6.352927e-05,-100.0,0.98776186,7661.872934818268,76,2631,0.014075279,8.787163,0.26755207777023315,1000.0,19922944,1000,155648
0.00042778713,1000,-100.0,-93.7,-6.958764e-05,-100.0,0.98160625,7762.174747228622,77,2613,0.0043239594,8.498212,0.2868058681488037,1000.0,20185088,1000,157696
0.0008098411,1000,-100.0,-93.7,4.0183313e-06,-100.0,0.99280363,7862.77818274498,78,2605,0.0054044724,8.533653,0.2842106819152832,1000.0,20447232,1000,159744
0.00038855599,1000,-100.0,-93.7,-6.2802384e-05,-100.0,0.9854624,7962.922147274017,79,2617,0.002245903,8.496326,0.2764190435409546,1000.0,20709376,1000,161792
0.00022683578,1000,-100.0,-93.7,-1.7246493e-05,-100.0,0.9902479,8062.9271421432495,80,2621,0.00074768066,8.393066,0.29176032543182373,1000.0,20971520,1000,163840
0.0016555148,1000,-100.0,-93.7,-0.00016990534,-100.0,0.9612185,8162.3222370147705,81,2638,0.0068101883,8.414409,0.2846224308013916,1000.0,21233664,1000,165888
0.00015277656,1000,-100.0,-93.7,1.0533095e-06,-100.0,0.9532917,8262.298761367798,82,2622,0.0008249283,8.393856,0.28947192430496216,1000.0,21495808,1000,167936
0.00023840115,1000,-100.0,-93.7,3.8384427e-05,-100.0,0.945766,8362.611052513123,83,2613,0.0048179626,8.496471,0.26856446266174316,1000.0,21757952,1000,169984
0.00091558194,1000,-100.0,-93.7,-2.7871265e-06,-100.0,0.9316169,8464.195091485977,84,2580,0.012456894,8.479247,0.26514482498168945,1000.0,22020096,1000,172032
0.00071733387,1000,-100.0,-93.7,-5.239883e-05,-100.0,0.9233007,8563.89306807518,85,2629,0.009135246,8.329168,0.2760884165763855,1000.0,22282240,1000,174080
0.00083454815,1000,-100.0,-93.7,-3.1259875e-05,-100.0,0.92626154,8663.59821510315,86,2629,0.008658409,8.480639,0.2739694118499756,1000.0,22544384,1000,176128
0.0006855925,1000,-100.0,-93.7,-2.6343878e-07,-100.0,0.9583945,8763.608516693115,87,2621,0.0039196014,8.422123,0.2797349691390991,1000.0,22806528,1000,178176
0.00035790476,1000,-100.0,-93.7,-3.6332633e-05,-100.0,0.971343,8864.61261177063,88,2595,0.0010499954,8.354161,0.27096766233444214,1000.0,23068672,1000,180224
0.00072634366,1000,-100.0,-93.7,-2.4661947e-05,-100.0,0.94941765,8965.30545091629,89,2603,0.0056638718,8.491931,0.2678528428077698,1000.0,23330816,1000,182272
0.0008735173,1000,-100.0,-93.7,0.00026341496,-100.0,0.9526403,9067.258302688599,90,2571,0.034360886,8.242552,0.28276127576828003,1000.0,23592960,1000,184320
0.0010121943,1000,-100.0,-93.7,-0.00011037122,-100.0,0.96065944,9166.118660926819,91,2652,0.0069303513,8.374048,0.28650617599487305,1000.0,23855104,1000,186368
0.00025968757,1000,-100.0,-93.7,2.3540417e-05,-100.0,0.9613253,9267.897757768631,92,2575,0.005171776,8.416504,0.2931699752807617,1000.0,24117248,1000,188416
0.001161712,1000,-100.0,-93.7,0.00023529633,-100.0,0.96658033,9368.005966424942,93,2618,0.041184425,8.304668,0.28584128618240356,1000.0,24379392,1000,190464
0.00023744165,1000,-100.0,-93.7,1.893121e-05,-100.0,0.98877716,9467.178557157516,94,2643,0.0059804916,8.438798,0.2867216467857361,1000.0,24641536,1000,192512
0.0011852146,1000,-100.0,-93.7,-3.8779734e-05,-100.0,0.9970744,9566.805520772934,95,2631,0.0140275955,8.193696,0.2802743911743164,1000.0,24903680,1000,194560
0.0008731625,1000,-100.0,-93.7,-8.037117e-05,-100.0,0.99897045,9665.388884305954,96,2659,0.0035476685,8.118286,0.2847181558609009,1000.0,25165824,1000,196608
0.00066086353,1000,-100.0,-93.7,-6.6054876e-05,-100.0,0.98145807,9765.671083688736,97,2614,0.0067806244,8.132178,0.2865675091743469,1000.0,25427968,1000,198656
0.00055603834,1000,-100.0,-93.7,-5.7149504e-05,-100.0,0.9881898,9865.942802667618,98,2614,0.0067071915,8.215432,0.2880762219429016,1000.0,25690112,1000,200704
0.00027306395,1000,-100.0,-93.7,1.9823437e-06,-100.0,0.9974005,9965.169745445251,99,2641,0.0056066513,8.450539,0.2744631767272949,1000.0,25952256,1000,202752
0.00085948507,1000,-100.0,-93.7,0.0001341318,-100.0,0.982386,10065.550620794296,100,2611,0.019545555,7.9324975,0.29175376892089844,1000.0,26214400,1000,204800
0.0011943573,1000,-100.0,-93.7,-5.3570882e-05,-100.0,0.97993356,10165.073445558548,101,2634,0.023508072,7.9908943,0.2902248501777649,1000.0,26476544,1000,206848
0.00082694745,1000,-100.0,-93.7,0.00016912256,-100.0,0.9831319,10265.834914684296,102,2601,0.022397041,8.0256195,0.3003140091896057,1000.0,26738688,1000,208896
0.0006485716,1000,-100.0,-93.7,9.681454e-05,-100.0,0.9780207,10366.459251880646,103,2605,0.008339882,7.9058757,0.3054940104484558,1000.0,27000832,1000,210944
0.0009437279,1000,-100.0,-93.7,-0.00015438604,-100.0,0.99600124,10465.336040973663,104,2651,0.009314537,7.8763814,0.31503188610076904,1000.0,27262976,1000,212992
0.0009111684,1000,-100.0,-93.7,8.5712134e-05,-100.0,0.977673,10563.325427532196,105,2675,0.017739296,7.9547324,0.3276306390762329,1000.0,27525120,1000,215040
0.0006803076,1000,-100.0,-93.7,-1.6903105e-05,-100.0,0.9715096,10661.73678445816,106,2664,0.003932953,7.826893,0.3116588592529297,1000.0,27787264,1000,217088
0.00047880746,1000,-100.0,-93.7,-0.00011649598,-100.0,0.9684998,10761.979581594467,107,2615,0.0040769577,7.875107,0.3144944906234741,1000.0,28049408,1000,219136
0.0010619956,1000,-100.0,-93.7,0.00032168246,-100.0,0.9614853,10860.407726049423,108,2663,0.034503937,7.914647,0.30357784032821655,1000.0,28311552,1000,221184
0.00065092475,1000,-100.0,-93.7,7.977738e-05,-100.0,0.96335936,10959.916905403137,109,2634,0.0061063766,7.8712015,0.3182060122489929,1000.0,28573696,1000,223232
0.00091265247,1000,-100.0,-93.7,-6.915535e-05,-100.0,0.9426222,11060.811029195786,110,2598,0.0016899109,8.142322,0.31987428665161133,1000.0,28835840,1000,225280
0.0006172027,1000,-100.0,-93.7,-4.631125e-06,-100.0,0.9466909,11161.226293325424,111,2611,0.011404991,7.7939363,0.312333345413208,1000.0,29097984,1000,227328
0.0011064784,1000,-100.0,-93.7,0.00011755214,-100.0,0.92599046,11260.707141637802,112,2635,0.043070793,7.8287735,0.33023273944854736,1000.0,29360128,1000,229376
0.0010827556,1000,-100.0,-93.7,0.00038531757,-100.0,0.9250476,11360.55963253975,113,2625,0.029493332,8.094564,0.33190977573394775,1000.0,29622272,1000,231424
0.0015999946,1000,-100.0,-93.7,-0.00019983704,-100.0,0.9142233,11459.953551054,114,2637,0.0214262,7.8607235,0.3087267279624939,1000.0,29884416,1000,233472
0.0006401348,1000,-100.0,-93.7,8.057241e-05,-100.0,0.89774877,11560.004961013794,115,2620,0.021154404,8.159024,0.3138113021850586,1000.0,30146560,1000,235520
0.00031377818,1000,-100.0,-93.7,-0.00013672767,-100.0,0.9059217,11660.809710979462,116,2600,0.007224083,7.802383,0.3154160976409912,1000.0,30408704,1000,237568
0.0009922128,1000,-100.0,-93.7,-0.000113167815,-100.0,0.9010226,11760.698088407516,117,2624,0.004096985,7.8895383,0.3026490807533264,1000.0,30670848,1000,239616
0.0012363048,1000,-100.0,-93.7,-0.00018140138,-100.0,0.89157164,11860.656852960587,118,2622,0.0054531097,7.916101,0.2952161431312561,1000.0,30932992,1000,241664
0.00030613548,1000,-100.0,-93.7,-5.2404772e-05,-100.0,0.8760306,11960.173002243042,119,2634,0.0017576218,7.9597387,0.28172963857650757,1000.0,31195136,1000,243712
0.00068163883,1000,-100.0,-93.7,-0.00010237763,-100.0,0.8887605,12060.333795070648,120,2617,0.002149582,8.35534,0.27482450008392334,1000.0,31457280,1000,245760
0.00096302235,1000,-100.0,-93.7,-0.00013360441,-100.0,0.888403,12161.257749795914,121,2597,0.011322975,7.958986,0.26011842489242554,1000.0,31719424,1000,247808
0.0012337944,1000,-100.0,-93.7,-0.00010708402,-100.0,0.86832356,12260.750359296799,122,2634,0.0036582947,7.987254,0.26994532346725464,1000.0,31981568,1000,249856
0.0008071672,1000,-100.0,-93.7,-0.00015630305,-100.0,0.8533656,12360.296200275421,123,2633,0.0056085587,8.060783,0.2549663186073303,1000.0,32243712,1000,251904
0.00031871223,1000,-100.0,-93.7,-8.15032e-05,-100.0,0.8570056,12459.727028131485,124,2636,0.004839897,8.087597,0.2501235008239746,1000.0,32505856,1000,253952
0.0001948683,1000,-100.0,-93.7,-1.2170583e-05,-100.0,0.8661867,12559.33454489708,125,2631,0.0028266907,8.523697,0.24090081453323364,1000.0,32768000,1000,256000
0.0007853719,1000,-100.0,-93.7,1.6747585e-05,-100.0,0.86864847,12660.258885860443,126,2597,0.02660942,8.013678,0.25226128101348877,1000.0,33030144,1000,258048
0.00080636813,1000,-100.0,-93.7,4.65162e-05,-100.0,0.8862152,12759.35786485672,127,2645,0.017140388,8.096676,0.2473757266998291,1000.0,33292288,1000,260096
0.0011151726,1000,-100.0,-93.7,8.699803e-05,-100.0,0.8885749,12859.634101390839,128,2614,0.023691177,8.020554,0.24674421548843384,1000.0,33554432,1000,262144
0.001194137,1000,-100.0,-93.7,0.00035246744,-100.0,0.8808943,12958.882255792618,129,2641,0.058642387,8.230427,0.24554932117462158,1000.0,33816576,1000,264192
0.00053967745,1000,-100.0,-93.7,-3.250064e-05,-100.0,0.89545476,13060.269248962402,130,2585,0.014239311,8.224095,0.23891091346740723,1000.0,34078720,1000,266240
0.00079966814,1000,-100.0,-93.7,-6.3395666e-05,-100.0,0.8845817,13159.616380691528,131,2639,0.012925148,8.701308,0.24768751859664917,1000.0,34340864,1000,268288
0.0006610974,1000,-100.0,-93.7,-2.6027576e-05,-100.0,0.8928391,13258.654292106628,132,2646,0.010832787,8.231962,0.23426830768585205,1000.0,34603008,1000,270336
0.0010562978,1000,-100.0,-93.7,-8.3633924e-05,-100.0,0.86861765,13358.88033413887,133,2615,0.0058221817,8.328927,0.21980565786361694,1000.0,34865152,1000,272384
0.0008108365,1000,-100.0,-93.7,-0.00010067958,-100.0,0.84325796,13459.193430185318,134,2613,0.004439354,8.376367,0.21329331398010254,1000.0,35127296,1000,274432
0.00054296816,1000,-100.0,-93.7,-2.4616467e-05,-100.0,0.82027495,13558.996128320694,135,2626,0.006869316,8.581433,0.20345538854599,1000.0,35389440,1000,276480
0.00034422276,1000,-100.0,-93.7,-4.741596e-07,-100.0,0.8502562,13659.256674051285,136,2614,0.004310608,8.791023,0.20595598220825195,1000.0,35651584,1000,278528
0.0002719242,1000,-100.0,-93.7,2.673279e-05,-100.0,0.8335954,13757.217609167099,137,2676,0.0017642975,8.272414,0.20396453142166138,1000.0,35913728,1000,280576
0.0009193736,1000,-100.0,-93.7,-0.0001395377,-100.0,0.8378039,13855.488872766495,138,2667,0.0066432953,8.300502,0.20643681287765503,1000.0,36175872,1000,282624
0.0013569101,1000,-100.0,-93.7,0.0004452855,-100.0,0.82844967,13953.934278726578,139,2663,0.045814514,8.371826,0.19947576522827148,1000.0,36438016,1000,284672
0.0004668544,1000,-100.0,-93.7,5.1732968e-05,-100.0,0.823725,14053.655193328857,140,2628,0.013792992,8.440658,0.19256317615509033,1000.0,36700160,1000,286720
0.0009307137,1000,-100.0,-93.7,0.00019678328,-100.0,0.81546533,14152.3999710083,141,2655,0.032528877,8.933813,0.20923274755477905,1000.0,36962304,1000,288768
0.00023794603,1000,-100.0,-93.7,-2.8682074e-05,-100.0,0.8343235,14252.919530391693,142,2607,0.004878044,8.253539,0.21315979957580566,1000.0,37224448,1000,290816
0.0005407878,1000,-100.0,-93.7,3.8912425e-05,-100.0,0.8208222,14353.226805448532,143,2613,0.012384415,8.373907,0.21203964948654175,1000.0,37486592,1000,292864
0.0010467126,1000,-100.0,-93.7,1.2795461e-05,-100.0,0.8635027,14452.813608169556,144,2632,0.03748989,8.342449,0.21608394384384155,1000.0,37748736,1000,294912
0.003199749,1000,-100.0,-93.7,0.0015191664,-100.0,0.85905594,14552.31262254715,145,2634,0.10038471,8.583752,0.21274715662002563,1000.0,38010880,1000,296960
0.000939883,1000,-100.0,-93.7,-7.011861e-05,-100.0,0.8354433,14653.46848988533,146,2591,0.02607727,9.097288,0.22414803504943848,1000.0,38273024,1000,299008
0.0007672506,1000,-100.0,-93.7,4.8479327e-05,-100.0,0.8566832,14754.390937805176,147,2597,0.015705109,8.460506,0.22228878736495972,1000.0,38535168,1000,301056
0.0008439793,1000,-100.0,-93.7,0.0001170611,-100.0,0.8528749,14854.753814697266,148,2612,0.02637291,8.51015,0.20032835006713867,1000.0,38797312,1000,303104
0.0006230948,1000,-100.0,-93.7,-5.157987e-05,-100.0,0.8735907,14953.032610654831,149,2667,0.010207176,8.434895,0.21205288171768188,1000.0,39059456,1000,305152
0.0008137407,1000,-100.0,-93.7,-9.005302e-05,-100.0,0.8562894,15051.120580673218,150,2672,0.007042885,8.462033,0.21209901571273804,1000.0,39321600,1000,307200
0.00068864657,1000,-100.0,-93.7,0.00010811408,-100.0,0.85600054,15149.054060697556,151,2677,0.019826889,8.660367,0.2035340666770935,1000.0,39583744,1000,309248
0.00060830516,1000,-100.0,-93.7,5.6345252e-05,-100.0,0.86434615,15249.423988819122,152,2611,0.011131287,8.860068,0.20830190181732178,1000.0,39845888,1000,311296
0.00050505495,1000,-100.0,-93.7,8.283266e-06,-100.0,0.83569473,15349.054186820984,153,2631,0.008556366,8.562858,0.2067667841911316,1000.0,40108032,1000,313344
0.0007028003,1000,-100.0,-93.7,0.00018069582,-100.0,0.83233047,15448.821946620941,154,2627,0.03318119,8.626359,0.20526641607284546,1000.0,40370176,1000,315392
0.0007387845,1000,-100.0,-93.7,4.269518e-05,-100.0,0.84290564,15548.338892698288,155,2634,0.026215553,8.528531,0.21412616968154907,1000.0,40632320,1000,317440
0.0009747278,1000,-100.0,-93.7,0.0004438227,-100.0,0.84846604,15649.0375893116,156,2603,0.050207138,8.82512,0.20988798141479492,1000.0,40894464,1000,319488
0.00095344184,1000,-100.0,-93.7,0.00016722374,-100.0,0.86425555,15749.42285990715,157,2611,0.03997135,9.1002655,0.21608155965805054,1000.0,41156608,1000,321536
0.00030136373,1000,-100.0,-93.7,2.0325022e-05,-100.0,0.868676,15848.994704008102,158,2632,0.0051088333,8.539663,0.21968084573745728,1000.0,41418752,1000,323584
0.00097638083,1000,-100.0,-93.7,5.6959136e-05,-100.0,0.865196,15948.704065322876,159,2629,0.025981903,8.700715,0.21780377626419067,1000.0,41680896,1000,325632
0.00065539515,1000,-100.0,-93.7,0.00014134397,-100.0,0.8542568,16048.756588697433,160,2620,0.017931938,8.668957,0.21344423294067383,1000.0,41943040,1000,327680
0.00036462425,1000,-100.0,-93.7,7.985433e-06,-100.0,0.87153846,16148.601213216782,161,2626,0.009186745,8.68117,0.2194158434867859,1000.0,42205184,1000,329728
0.00048719678,1000,-100.0,-93.7,9.070585e-05,-100.0,0.85645974,16248.557228326797,162,2622,0.016928673,9.679414,0.22849059104919434,1000.0,42467328,1000,331776
0.0009329955,1000,-100.0,-93.7,-0.00015337857,-100.0,0.87030333,16349.65595126152,163,2593,0.01714611,8.947564,0.21562564373016357,1000.0,42729472,1000,333824
0.0020753052,1000,-100.0,-93.7,0.0010798848,-100.0,0.8901675,16448.894530534744,164,2641,0.087537766,8.9543495,0.2178521752357483,1000.0,42991616,1000,335872
0.0009321606,1000,-100.0,-93.7,1.3153749e-05,-100.0,0.9077615,16548.74173116684,165,2625,0.011979103,8.897637,0.21438783407211304,1000.0,43253760,1000,337920
0.001107684,1000,-100.0,-93.7,-3.9164228e-05,-100.0,0.9040284,16648.018507003784,166,2640,0.016828537,8.957159,0.21207427978515625,1000.0,43515904,1000,339968
0.0003609488,1000,-100.0,-93.7,6.45567e-06,-100.0,0.8770826,16747.679111003876,167,2630,0.006983757,9.752637,0.21956998109817505,1000.0,43778048,1000,342016
0.0077822623,1000,-100.0,-93.7,0.0043982053,-100.0,0.85854995,16847.296120643616,168,2631,0.20068455,8.913113,0.21907466650009155,1000.0,44040192,1000,344064
0.0012270539,1000,-100.0,-93.7,2.0507541e-06,-100.0,0.8889111,16946.7602789402,169,2635,0.030970573,9.117505,0.22135025262832642,1000.0,44302336,1000,346112
0.00041876198,1000,-100.0,-93.7,-9.507367e-05,-100.0,0.90721935,17046.491978645325,170,2628,0.0056495667,9.260225,0.21663421392440796,1000.0,44564480,1000,348160
0.0014565495,1000,-100.0,-93.7,-0.00013589044,-100.0,0.89798033,17145.09424638748,171,2659,0.02067566,9.372738,0.21209979057312012,1000.0,44826624,1000,350208
0.00076570554,1000,-100.0,-93.7,0.00012686453,-100.0,0.8860113,17246.092930078506,172,2595,0.027882576,10.419154,0.21059536933898926,1000.0,45088768,1000,352256
0.0012862255,1000,-100.0,-93.7,-0.00014921518,-100.0,0.8674382,17345.13673567772,173,2646,0.0141096115,9.435881,0.22864234447479248,1000.0,45350912,1000,354304
0.0003878067,1000,-100.0,-93.7,-3.0425075e-05,-100.0,0.8517287,17444.687512397766,174,2633,0.0093746185,9.679439,0.20779860019683838,1000.0,45613056,1000,356352
0.0012471698,1000,-100.0,-93.7,0.00026964297,-100.0,0.85257465,17543.68794488907,175,2647,0.044607162,9.55596,0.20050394535064697,1000.0,45875200,1000,358400
0.00060138287,1000,-100.0,-93.7,1.5078089e-05,-100.0,0.8508641,17643.06245613098,176,2637,0.0240345,9.76155,0.20354825258255005,1000.0,46137344,1000,360448
0.00078028266,1000,-100.0,-93.7,-6.928185e-05,-100.0,0.847618,17743.249135494232,177,2616,0.011096954,9.832657,0.18463784456253052,1000.0,46399488,1000,362496
0.0015326685,1000,-100.0,-93.7,0.00036368103,-100.0,0.8554575,17842.440008878708,178,2642,0.0476532,10.311964,0.19973117113113403,1000.0,46661632,1000,364544
0.0010094253,1000,-100.0,-93.7,0.00019031257,-100.0,0.88560945,17941.548882246017,179,2645,0.043359756,9.993853,0.18712550401687622,1000.0,46923776,1000,366592
0.0010322476,1000,-100.0,-93.7,-8.7876164e-05,-100.0,0.86591667,18041.348429203033,180,2626,0.018565178,10.008496,0.17547613382339478,1000.0,47185920,1000,368640
0.0010431084,1000,-100.0,-93.7,-8.757158e-05,-100.0,0.8450015,18140.291425943375,181,2650,0.0076065063,10.012373,0.17598587274551392,1000.0,47448064,1000,370688
0.0007874987,1000,-100.0,-93.7,-0.00011084265,-100.0,0.815932,18239.97858285904,182,2629,0.012653351,10.051118,0.17329668998718262,1000.0,47710208,1000,372736
0.00033406317,1000,-100.0,-93.7,-1.7647068e-05,-100.0,0.8029682,18338.968528985977,183,2648,0.009799004,10.953163,0.177426278591156,1000.0,47972352,1000,374784
0.00048811268,1000,-100.0,-93.7,1.5123278e-05,-100.0,0.785618,18437.815742254257,184,2652,0.008677483,10.05547,0.17500710487365723,1000.0,48234496,1000,376832
0.0025339138,1000,-100.0,-93.7,0.0021141577,-100.0,0.78335077,18538.444131612778,185,2605,0.116101265,10.015334,0.17831850051879883,1000.0,48496640,1000,378880
0.00081087154,1000,-100.0,-93.7,-4.2856285e-05,-100.0,0.7947028,18637.368847370148,186,2649,0.020071983,10.199393,0.1795176863670349,1000.0,48758784,1000,380928
0.0004910193,1000,-100.0,-93.7,-7.7512605e-06,-100.0,0.81069714,18736.657425880432,187,2640,0.012016296,10.119226,0.17938858270645142,1000.0,49020928,1000,382976
0.000742807,1000,-100.0,-93.7,-6.337734e-05,-100.0,0.7980179,18837.57039141655,188,2597,0.016158104,11.283932,0.18679434061050415,1000.0,49283072,1000,385024
0.0004196061,1000,-100.0,-93.7,3.7532387e-05,-100.0,0.81425226,18937.171602249146,189,2631,0.015713692,10.305008,0.18595486879348755,1000.0,49545216,1000,387072
0.0009865392,1000,-100.0,-93.7,0.00022173957,-100.0,0.80563146,19036.771537542343,190,2632,0.040943146,10.384559,0.17992210388183594,1000.0,49807360,1000,389120
0.0005073941,1000,-100.0,-93.7,-2.543571e-06,-100.0,0.83160657,19135.762058734894,191,2648,0.019331932,10.104564,0.17938286066055298,1000.0,50069504,1000,391168
0.00075076567,1000,-100.0,-93.7,-8.1793965e-05,-100.0,0.8247898,19233.50779557228,192,2681,0.01177597,10.276314,0.17722004652023315,1000.0,50331648,1000,393216
0.0019096518,1000,-100.0,-93.7,0.0008824599,-100.0,0.80330056,19332.68072104454,193,2643,0.068730354,11.401482,0.1850811243057251,1000.0,50593792,1000,395264
0.001607223,1000,-100.0,-93.7,0.00048550818,-100.0,0.8166364,19433.78813815117,194,2592,0.051478386,10.338911,0.19323182106018066,1000.0,50855936,1000,397312
0.0040486315,1000,-100.0,-93.7,0.0026420786,-100.0,0.7261384,19533.88254714012,195,2619,0.10965347,10.190615,0.20026373863220215,1000.0,51118080,1000,399360
0.00060061837,1000,-100.0,-93.7,2.567542e-05,-100.0,0.79296637,19632.764230012894,196,2651,0.027011871,10.272338,0.1971069574356079,1000.0,51380224,1000,401408
0.0015730421,1000,-100.0,-93.7,0.00062521355,-100.0,0.79348344,19731.392018318176,197,2657,0.04791546,10.278833,0.19197887182235718,1000.0,51642368,1000,403456
0.0017836846,1000,-100.0,-93.7,0.0011242515,-100.0,0.7915182,19832.397710084915,198,2595,0.06881428,11.336517,0.19602078199386597,1000.0,51904512,1000,405504
0.0008207768,1000,-100.0,-93.7,6.258764e-05,-100.0,0.76794916,19932.56316256523,199,2617,0.036506653,10.141101,0.21377617120742798,1000.0,52166656,1000,407552
0.0009287843,1000,-100.0,-93.7,0.000121387915,-100.0,0.7589722,20032.340271949768,200,2627,0.03143215,10.143441,0.20061451196670532,1000.0,52428800,1000,409600
0.0005618628,1000,-100.0,-93.7,-2.6811638e-05,-100.0,0.7550019,20131.57043647766,201,2642,0.009542465,10.305426,0.19923651218414307,1000.0,52690944,1000,411648
0.00056047086,1000,-100.0,-93.7,-2.8617409e-05,-100.0,0.75951487,20230.08633828163,202,2660,0.009426117,10.455333,0.1970633864402771,1000.0,52953088,1000,413696
0.00024274901,1000,-100.0,-93.7,-1.5615895e-05,-100.0,0.7749511,20329.20631337166,203,2644,0.0072155,10.223615,0.19604861736297607,1000.0,53215232,1000,415744
0.0013659135,1000,-100.0,-93.7,0.00059471716,-100.0,0.76066643,20429.256261348724,204,2620,0.082118034,10.778254,0.20390141010284424,1000.0,53477376,1000,417792
0.00048724946,1000,-100.0,-93.7,8.977172e-05,-100.0,0.7266007,20531.51692342758,205,2563,0.024662971,10.159639,0.212172269821167,1000.0,53739520,1000,419840
0.0014029008,1000,-100.0,-93.7,0.0005822971,-100.0,0.7309176,20629.698665380478,206,2670,0.067873955,10.058819,0.2094128131866455,1000.0,54001664,1000,421888
0.0008368528,1000,-100.0,-93.7,5.6388828e-05,-100.0,0.72603256,20730.537312746048,207,2599,0.037625313,9.895676,0.2203766107559204,1000.0,54263808,1000,423936
0.00055965286,1000,-100.0,-93.7,3.2473086e-05,-100.0,0.7088747,20829.774976730347,208,2641,0.020896912,9.752306,0.2281944751739502,1000.0,54525952,1000,425984
0.003568131,1000,-100.0,-93.7,0.0028622164,-100.0,0.72602296,20928.1476726532,209,2664,0.12150383,10.632584,0.22928613424301147,1000.0,54788096,1000,428032
0.0090209935,1000,-100.0,-93.7,0.0068717757,-100.0,0.6702118,21028.73093175888,210,2606,0.20641899,9.862232,0.22748881578445435,1000.0,55050240,1000,430080
0.00080573873,1000,-100.0,-93.7,1.0867465e-05,-100.0,0.6985325,21130.57569384575,211,2575,0.017150879,10.040068,0.2243185043334961,1000.0,55312384,1000,432128
0.00012506609,1000,-100.0,-93.7,9.003889e-06,-100.0,0.70633876,21229.912294387817,212,2639,0.005126953,10.062545,0.22278296947479248,1000.0,55574528,1000,434176
0.000455846,1000,-100.0,-93.7,0.00011195427,-100.0,0.69990915,21330.079239606857,213,2617,0.020228386,10.59041,0.21744996309280396,1000.0,55836672,1000,436224
0.0008872021,1000,-100.0,-93.7,0.00010450869,-100.0,0.69468546,21430.671830654144,214,2606,0.026672363,11.225804,0.2272140383720398,1000.0,56098816,1000,438272
0.000497657,1000,-100.0,-93.7,2.9531499e-05,-100.0,0.6941397,21530.603249788284,215,2623,0.016113281,10.487529,0.23432159423828125,1000.0,56360960,1000,440320
0.0005914244,1000,-100.0,-93.7,-7.727956e-05,-100.0,0.7047162,21631.198422193527,216,2606,0.013287544,10.4090805,0.2189618945121765,1000.0,56623104,1000,442368
0.0035090272,1000,-100.0,-93.7,0.003275366,-100.0,0.73610336,21731.89110994339,217,2603,0.12493038,10.657552,0.21128517389297485,1000.0,56885248,1000,444416
0.0009463644,1000,-100.0,-93.7,0.00029103164,-100.0,0.7805347,21832.663820028305,218,2601,0.047507286,10.5103245,0.22672027349472046,1000.0,57147392,1000,446464
0.00059319555,1000,-100.0,-93.7,-7.964768e-05,-100.0,0.7800355,21932.741211891174,219,2619,0.01569271,11.774375,0.22939646244049072,1000.0,57409536,1000,448512
0.0007117726,1000,-100.0,-93.7,7.227601e-05,-100.0,0.78899217,22033.3409178257,220,2606,0.0320549,10.605822,0.22486209869384766,1000.0,57671680,1000,450560
0.0007344257,1000,-100.0,-93.7,0.00014773567,-100.0,0.7617994,22135.608552217484,221,2563,0.016283035,10.519263,0.22135227918624878,1000.0,57933824,1000,452608
0.00090023613,1000,-100.0,-93.7,5.0943818e-05,-100.0,0.7803396,22237.261509895325,222,2578,0.013575554,10.535633,0.21644127368927002,1000.0,58195968,1000,454656
0.0033564502,1000,-100.0,-93.7,0.0026887623,-100.0,0.7795258,22338.256875038147,223,2595,0.12952709,10.520194,0.2112153172492981,1000.0,58458112,1000,456704
0.004130376,1000,-100.0,-93.7,0.0030553308,-100.0,0.6902929,22436.845004081726,224,2659,0.14635849,11.963672,0.22080588340759277,1000.0,58720256,1000,458752
0.0014795979,1000,-100.0,-93.7,0.00045145943,-100.0,0.6989509,22536.388078451157,225,2633,0.073903084,10.708319,0.23709791898727417,1000.0,58982400,1000,460800
0.000881939,1000,-100.0,-93.7,8.8846675e-05,-100.0,0.71355194,22634.50516796112,226,2671,0.046590805,11.046907,0.22582221031188965,1000.0,59244544,1000,462848
0.0006401256,1000,-100.0,-93.7,-3.2589727e-05,-100.0,0.7280603,22734.123525857925,227,2631,0.016386986,11.216015,0.221829354763031,1000.0,59506688,1000,464896
0.0009131223,1000,-100.0,-93.7,0.00023063473,-100.0,0.71770954,22832.797966718674,228,2656,0.04416752,11.264504,0.23410016298294067,1000.0,59768832,1000,466944
0.0010097886,1000,-100.0,-93.7,0.0005315939,-100.0,0.7025996,22931.619221925735,229,2652,0.027815819,11.490508,0.2505927085876465,1000.0,60030976,1000,468992
0.00090474996,1000,-100.0,-93.7,5.0957464e-05,-100.0,0.72099197,23030.715296030045,230,2645,0.036366463,12.227773,0.2485370635986328,1000.0,60293120,1000,471040
0.0019074008,1000,-100.0,-93.7,0.0009840733,-100.0,0.714754,23131.90224814415,231,2591,0.068323135,11.1909,0.23125654458999634,1000.0,60555264,1000,473088
0.00034801543,1000,-100.0,-93.7,2.084001e-05,-100.0,0.70682746,23231.70952773094,232,2626,0.0108213425,11.337345,0.2259618043899536,1000.0,60817408,1000,475136
0.0007281724,1000,-100.0,-93.7,0.00015671382,-100.0,0.7085921,23330.55713248253,233,2652,0.03178501,11.607371,0.21621942520141602,1000.0,61079552,1000,477184
0.0006617479,1000,-100.0,-93.7,-1.5153319e-06,-100.0,0.68790674,23429.807547569275,234,2641,0.026413918,11.065248,0.2263239026069641,1000.0,61341696,1000,479232
0.0011995812,1000,-100.0,-93.7,0.00035047127,-100.0,0.64672476,23528.866314649582,235,2646,0.050229073,12.105601,0.24927151203155518,1000.0,61603840,1000,481280
0.00075986923,1000,-100.0,-93.7,0.00023015548,-100.0,0.64453745,23627.207176923752,236,2665,0.03489971,11.3179,0.25914186239242554,1000.0,61865984,1000,483328
0.0020800862,1000,-100.0,-93.7,0.0010960257,-100.0,0.63238347,23726.94336295128,237,2628,0.114266396,11.052858,0.24161767959594727,1000.0,62128128,1000,485376
0.0010513245,1000,-100.0,-93.7,0.0002611488,-100.0,0.6147522,23827.312261343002,238,2611,0.04557228,11.415316,0.2504252791404724,1000.0,62390272,1000,487424
0.00094448257,1000,-100.0,-93.7,9.168008e-05,-100.0,0.60493094,23927.364208698273,239,2620,0.032601357,11.722081,0.25493448972702026,1000.0,62652416,1000,489472
0.0006907598,1000,-100.0,-93.7,-0.00017592145,-100.0,0.6396684,24027.08058333397,240,2628,0.016824722,13.337274,0.2452634572982788,1000.0,62914560,1000,491520
0.00083726534,1000,-100.0,-93.7,-0.00012634846,-100.0,0.6644951,24126.204283952713,241,2646,0.02457714,11.940847,0.24361097812652588,1000.0,63176704,1000,493568
0.0006026308,1000,-100.0,-93.7,3.670767e-05,-100.0,0.6503394,24225.37563610077,242,2643,0.010092735,11.933066,0.22756654024124146,1000.0,63438848,1000,495616
0.00068313885,1000,-100.0,-93.7,9.112728e-05,-100.0,0.66096485,24325.851536512375,243,2609,0.023975372,11.936959,0.22370564937591553,1000.0,63700992,1000,497664
0.00072766555,1000,-100.0,-93.7,-2.8723061e-05,-100.0,0.67523324,24425.72111749649,244,2624,0.014835358,11.905387,0.21611452102661133,1000.0,63963136,1000,499712
0.00058185676,1000,-100.0,-93.7,-2.3121866e-05,-100.0,0.6862138,24525.931939840317,245,2615,0.0133981705,12.769677,0.22535699605941772,1000.0,64225280,1000,501760
0.00068698876,1000,-100.0,-93.7,2.5044936e-05,-100.0,0.70664847,24625.390228509903,246,2635,0.02897644,11.459721,0.2166229486465454,1000.0,64487424,1000,503808
0.0016808016,1000,-100.0,-93.7,0.001021007,-100.0,0.7062406,24724.36822962761,247,2648,0.07115173,11.391949,0.2148011326789856,1000.0,64749568,1000,505856
0.002587409,1000,-100.0,-93.7,0.001419926,-100.0,0.7222769,24823.548668146133,248,2643,0.121655464,11.476212,0.21959388256072998,1000.0,65011712,1000,507904
0.0076426785,1000,-100.0,-93.7,0.0049005453,-100.0,0.73726934,24923.406625270844,249,2625,0.2289114,11.183811,0.20759332180023193,1000.0,65273856,1000,509952
0.0015893835,1000,-100.0,-93.7,0.00047324196,-100.0,0.7098632,25022.611239671707,250,2642,0.07810879,12.153348,0.24466395378112793,1000.0,65536000,1000,512000
0.0010038298,1000,-100.0,-93.7,-4.4596727e-05,-100.0,0.72685164,25121.694251298904,251,2648,0.018878937,11.02496,0.2614039182662964,1000.0,65798144,1000,514048
0.0009776955,1000,-100.0,-93.7,-0.00012766577,-100.0,0.74628854,25221.077610492706,252,2637,0.026165962,10.771641,0.27089637517929077,1000.0,66060288,1000,516096
0.00036805312,1000,-100.0,-93.7,-2.9196544e-05,-100.0,0.74776995,25321.67972636223,253,2605,0.013209343,10.950849,0.2567785978317261,1000.0,66322432,1000,518144
0.0019070356,1000,-100.0,-93.7,0.00064175273,-100.0,0.74753463,25421.508271217346,254,2626,0.09275341,10.943903,0.2551974058151245,1000.0,66584576,1000,520192
0.00151455,1000,-100.0,-93.7,0.00024404094,-100.0,0.77972484,25521.91164445877,255,2610,0.06862545,10.816985,0.23571479320526123,1000.0,66846720,1000,522240
0.0012307684,1000,-100.0,-93.7,0.00017605495,-100.0,0.78031206,25622.12582373619,256,2615,0.027672768,11.67136,0.2369409203529358,1000.0,67108864,1000,524288
0.0017763217,1000,-100.0,-93.7,0.00051905983,-100.0,0.7934463,25723.455553293228,257,2587,0.08588505,10.813239,0.2160094976425171,1000.0,67371008,1000,526336
0.0032832632,1000,-100.0,-93.7,0.0010044279,-100.0,0.79046637,25825.568041563034,258,2567,0.08808994,11.099219,0.18370360136032104,1000.0,67633152,1000,528384
0.0015378648,1000,-100.0,-93.7,0.00030048736,-100.0,0.79731375,25924.53599214554,259,2648,0.04545021,11.463639,0.1745094656944275,1000.0,67895296,1000,530432
0.00025802138,1000,-100.0,-93.7,-4.786035e-05,-100.0,0.8102654,26024.747201919556,260,2615,0.0065336227,11.467734,0.17563945055007935,1000.0,68157440,1000,532480
0.0013772234,1000,-100.0,-93.7,-0.00023583237,-100.0,0.829932,26125.794960975647,261,2596,0.012545586,12.74407,0.1824212670326233,1000.0,68419584,1000,534528
0.0024317568,1000,-100.0,-93.7,0.0013829789,-100.0,0.82721174,26226.36272406578,262,2606,0.057782173,11.343418,0.19269567728042603,1000.0,68681728,1000,536576
0.00016348346,1000,-100.0,-93.7,2.0871961e-05,-100.0,0.82391995,26325.554635047913,263,2642,0.00828743,11.481461,0.19723600149154663,1000.0,68943872,1000,538624
0.0012176891,1000,-100.0,-93.7,0.0004530119,-100.0,0.8089233,26424.768366098404,264,2642,0.02841568,11.236139,0.1970248818397522,1000.0,69206016,1000,540672
0.0029611988,1000,-100.0,-93.7,0.0013818562,-100.0,0.8069027,26523.544152736664,265,2654,0.16179371,11.24104,0.2022002935409546,1000.0,69468160,1000,542720
0.0019327789,1000,-100.0,-93.7,0.00012239284,-100.0,0.7832041,26621.724662542343,266,2670,0.036976814,12.544894,0.2353993058204651,1000.0,69730304,1000,544768
0.0013609178,1000,-100.0,-93.7,0.0004263646,-100.0,0.7744304,26719.61684012413,267,2677,0.06915474,11.231044,0.2463321089744568,1000.0,69992448,1000,546816
0.0014159179,1000,-100.0,-93.7,0.0001899919,-100.0,0.76541764,26818.38735318184,268,2654,0.046102524,11.016624,0.23788899183273315,1000.0,70254592,1000,548864
0.002256669,1000,-100.0,-93.7,0.0013205172,-100.0,0.74691767,26918.222722530365,269,2625,0.12452507,11.187796,0.21391427516937256,1000.0,70516736,1000,550912
0.002588916,1000,-100.0,-93.7,0.0013146327,-100.0,0.7690995,27017.06010866165,270,2652,0.13266087,10.79715,0.2096206545829773,1000.0,70778880,1000,552960
0.0011181632,1000,-100.0,-93.7,5.2348794e-05,-100.0,0.7145339,27116.38480734825,271,2641,0.012854576,11.852454,0.2255239486694336,1000.0,71041024,1000,555008
0.0012088913,1000,-100.0,-93.7,0.00020996,-100.0,0.71885824,27215.594817876816,272,2642,0.041168213,10.466683,0.2421061396598816,1000.0,71303168,1000,557056
0.0019348665,1000,-100.0,-93.7,0.0007004982,-100.0,0.709092,27316.508097410202,273,2597,0.034399033,10.736935,0.26910316944122314,1000.0,71565312,1000,559104
0.0011997346,1000,-100.0,-93.7,0.00021123767,-100.0,0.69485056,27416.866210460663,274,2612,0.010176659,10.649215,0.2582795023918152,1000.0,71827456,1000,561152
0.00015538241,1000,-100.0,-93.7,-3.6944297e-05,-100.0,0.7000862,27518.18113732338,275,2587,0.0043382645,10.531359,0.24168342351913452,1000.0,72089600,1000,563200
0.00043732495,1000,-100.0,-93.7,2.5991118e-05,-100.0,0.7074149,27617.35746884346,276,2643,0.0087862015,10.80593,0.22789394855499268,1000.0,72351744,1000,565248
0.0013053616,1000,-100.0,-93.7,0.00026733166,-100.0,0.7389203,27717.228446483612,277,2624,0.041258812,11.075926,0.23469924926757812,1000.0,72613888,1000,567296
0.0016873222,1000,-100.0,-93.7,-9.5465206e-05,-100.0,0.7389938,27816.531469345093,278,2639,0.03957367,10.846533,0.2212289571762085,1000.0,72876032,1000,569344
0.000841961,1000,-100.0,-93.7,-1.1803197e-05,-100.0,0.7538129,27915.395340442657,279,2651,0.015202522,10.689206,0.19791972637176514,1000.0,73138176,1000,571392
0.00075225614,1000,-100.0,-93.7,8.8168024e-05,-100.0,0.7570395,28014.674184322357,280,2640,0.012981415,10.711912,0.20096635818481445,1000.0,73400320,1000,573440
0.0016026018,1000,-100.0,-93.7,-8.007717e-05,-100.0,0.7519418,28115.748265028,281,2595,0.014593124,10.656301,0.2082526683807373,1000.0,73662464,1000,575488
0.0015816912,1000,-100.0,-93.7,0.00047174082,-100.0,0.7606796,28215.908543348312,282,2617,0.03213024,11.645664,0.2223619818687439,1000.0,73924608,1000,577536
0.0014692114,1000,-100.0,-93.7,0.00058490474,-100.0,0.7586086,28315.487255096436,283,2632,0.026132584,11.04857,0.20072054862976074,1000.0,74186752,1000,579584
0.0008928187,1000,-100.0,-93.7,0.00016871672,-100.0,0.7433534,28415.33152604103,284,2625,0.030272484,11.128105,0.20322221517562866,1000.0,74448896,1000,581632
0.002997303,1000,-100.0,-93.7,0.0014075842,-100.0,0.7348816,28514.297496557236,285,2648,0.14612103,11.0919695,0.20488280057907104,1000.0,74711040,1000,583680
0.0020988146,1000,-100.0,-93.7,0.0010274055,-100.0,0.7540885,28613.170233011246,286,2651,0.09637356,11.022588,0.19473588466644287,1000.0,74973184,1000,585728
0.0016839049,1000,-100.0,-93.7,0.00042650633,-100.0,0.7368032,28713.38216805458,287,2615,0.09948921,12.205654,0.1845596432685852,1000.0,75235328,1000,587776
0.00039916625,1000,-100.0,-93.7,6.2458465e-05,-100.0,0.72208995,28816.418912887573,288,2544,0.014791489,10.784612,0.19855886697769165,1000.0,75497472,1000,589824
0.00092077587,1000,-100.0,-93.7,0.00023599638,-100.0,0.71311015,28915.354266643524,289,2649,0.02165699,10.929998,0.192396342754364,1000.0,75759616,1000,591872
0.00035715912,1000,-100.0,-93.7,4.7541886e-05,-100.0,0.72190976,29015.26971769333,290,2623,0.0055294037,10.830363,0.1906200647354126,1000.0,76021760,1000,593920
0.000662288,1000,-100.0,-93.7,3.6580306e-05,-100.0,0.7346335,29115.373559236526,291,2620,0.03511429,10.607124,0.2041487693786621,1000.0,76283904,1000,595968
0.0017284661,1000,-100.0,-93.7,0.00048101356,-100.0,0.72128737,29214.50082874298,292,2644,0.05209732,12.091398,0.2000432014465332,1000.0,76546048,1000,598016
0.0014723828,1000,-100.0,-93.7,0.00053485995,-100.0,0.74262327,29315.023805618286,293,2607,0.08247757,10.710059,0.20703428983688354,1000.0,76808192,1000,600064
0.0012853692,1000,-100.0,-93.7,-0.00016118182,-100.0,0.71998334,29415.297590255737,294,2614,0.024507523,10.95973,0.2041712999343872,1000.0,77070336,1000,602112
0.005574382,1000,-100.0,-93.7,0.0044995425,-100.0,0.7075577,29514.117933034897,295,2652,0.21743298,10.781301,0.1948983073234558,1000.0,77332480,1000,604160
0.0013682164,1000,-100.0,-93.7,0.000106908854,-100.0,0.66786206,29614.24551486969,296,2618,0.07113266,10.524692,0.21610426902770996,1000.0,77594624,1000,606208
0.00036391494,1000,-100.0,-93.7,0.00018920691,-100.0,0.66865677,29715.22787475586,297,2596,0.009960175,11.886517,0.20926368236541748,1000.0,77856768,1000,608256
0.0011324692,1000,-100.0,-93.7,-6.587459e-05,-100.0,0.7005969,29815.95176267624,298,2602,0.02182293,11.001966,0.2174709439277649,1000.0,78118912,1000,610304
0.0010244405,1000,-100.0,-93.7,7.0317845e-05,-100.0,0.7069914,29914.88601398468,299,2649,0.037704468,10.865403,0.20487356185913086,1000.0,78381056,1000,612352
0.0014868504,1000,-100.0,-93.7,0.000382162,-100.0,0.73117775,30015.147174596786,300,2614,0.033711433,10.879349,0.1850370168685913,1000.0,78643200,1000,614400
0.0005200198,1000,-100.0,-93.7,7.677587e-05,-100.0,0.73803675,30115.602138757706,301,2610,0.010172844,10.638536,0.191830575466156,1000.0,78905344,1000,616448
0.0013069576,1000,-100.0,-93.7,-2.0679114e-05,-100.0,0.7298965,30214.6041533947,302,2647,0.030558586,10.534194,0.19561970233917236,1000.0,79167488,1000,618496
0.0004309714,1000,-100.0,-93.7,7.515309e-05,-100.0,0.7345463,30313.127629995346,303,2660,0.006799698,10.870539,0.20567232370376587,1000.0,79429632,1000,620544
0.00029380896,1000,-100.0,-93.7,1.2070206e-05,-100.0,0.7113594,30411.56175470352,304,2663,0.0040979385,10.384044,0.2058854103088379,1000.0,79691776,1000,622592
0.00074536673,1000,-100.0,-93.7,0.00022109933,-100.0,0.69894314,30509.856817245483,305,2666,0.018395424,10.580169,0.195561945438385,1000.0,79953920,1000,624640
0.0007905101,1000,-100.0,-93.7,3.8110338e-06,-100.0,0.70610064,30609.961154460907,306,2618,0.019329071,10.572205,0.1972951889038086,1000.0,80216064,1000,626688
0.0012064138,1000,-100.0,-93.7,0.0003891941,-100.0,0.7067683,30710.429380893707,307,2609,0.060248375,10.682357,0.19810903072357178,1000.0,80478208,1000,628736
0.0008250577,1000,-100.0,-93.7,3.875511e-05,-100.0,0.6888042,30809.460638046265,308,2647,0.019909859,11.793789,0.20651227235794067,1000.0,80740352,1000,630784
0.00080332544,1000,-100.0,-93.7,0.00024885128,-100.0,0.70201886,30907.382176160812,309,2677,0.014048576,10.6383705,0.21719014644622803,1000.0,81002496,1000,632832
0.0006308403,1000,-100.0,-93.7,0.0001904903,-100.0,0.70901865,31005.8464448452,310,2662,0.0342865,10.78572,0.2047663927078247,1000.0,81264640,1000,634880
0.0036772168,1000,-100.0,-93.7,0.0009854727,-100.0,0.6980045,31104.460176944733,311,2659,0.035904884,10.865029,0.19044899940490723,1000.0,81526784,1000,636928
0.0017027163,1000,-100.0,-93.7,0.0005333642,-100.0,0.7128224,31203.32307577133,312,2651,0.041137695,10.760117,0.19834989309310913,1000.0,81788928,1000,638976
0.0031540017,1000,-100.0,-93.7,0.0018897784,-100.0,0.6953538,31304.219424962997,313,2598,0.13943577,12.118486,0.19704890251159668,1000.0,82051072,1000,641024
0.002333351,1000,-100.0,-93.7,0.00079216354,-100.0,0.7432243,31404.506021261215,314,2614,0.1146307,11.052828,0.18190395832061768,1000.0,82313216,1000,643072
0.0026139633,1000,-100.0,-93.7,0.0012122701,-100.0,0.7441012,31503.66134929657,315,2643,0.10548878,11.252192,0.16950076818466187,1000.0,82575360,1000,645120
0.0020248427,1000,-100.0,-93.7,0.00028794733,-100.0,0.749642,31603.022381544113,316,2638,0.07571125,11.084791,0.19303244352340698,1000.0,82837504,1000,647168
0.0019319374,1000,-100.0,-93.7,0.0002492756,-100.0,0.7397574,31702.688739538193,317,2630,0.04362774,10.9815855,0.22694385051727295,1000.0,83099648,1000,649216
0.0012581232,1000,-100.0,-93.7,2.2165084e-05,-100.0,0.7644103,31803.223606586456,318,2607,0.007980347,12.246032,0.18196743726730347,1000.0,83361792,1000,651264
0.0025752354,1000,-100.0,-93.7,0.0006139427,-100.0,0.7744785,31903.726427555084,319,2608,0.10099983,11.130804,0.19458556175231934,1000.0,83623936,1000,653312
0.0031037093,1000,-100.0,-93.7,-0.00017108496,-100.0,0.77227294,32003.236113786697,320,2634,0.06072998,11.455078,0.2022053599357605,1000.0,83886080,1000,655360
0.002364514,1000,-100.0,-93.7,-2.0668313e-05,-100.0,0.7677537,32101.87693619728,321,2658,0.048561096,11.782467,0.18555760383605957,1000.0,84148224,1000,657408
0.00038159842,1000,-100.0,-93.7,9.291014e-05,-100.0,0.77242947,32201.419787168503,322,2633,0.016040802,11.823136,0.17678302526474,1000.0,84410368,1000,659456
0.00067888736,1000,-100.0,-93.7,5.371314e-06,-100.0,0.7559455,32301.539717674255,323,2618,0.0087480545,12.514611,0.19206762313842773,1000.0,84672512,1000,661504
0.0007361481,1000,-100.0,-93.7,0.0002859762,-100.0,0.7488942,32400.70897746086,324,2643,0.021051407,10.933553,0.20492595434188843,1000.0,84934656,1000,663552
0.001232286,1000,-100.0,-93.7,0.0003824898,-100.0,0.74061894,32501.04701924324,325,2612,0.03686142,10.981586,0.20445019006729126,1000.0,85196800,1000,665600
0.0015105306,1000,-100.0,-93.7,5.4739787e-05,-100.0,0.7428088,32601.12125658989,326,2619,0.025717735,11.190891,0.18367785215377808,1000.0,85458944,1000,667648
0.0012026833,1000,-100.0,-93.7,-0.00015885351,-100.0,0.7495734,32700.460565567017,327,2638,0.019946098,11.73413,0.1715804934501648,1000.0,85721088,1000,669696
0.0008438035,1000,-100.0,-93.7,0.00020088763,-100.0,0.7552363,32798.89505028725,328,2663,0.020346642,11.750104,0.16408592462539673,1000.0,85983232,1000,671744
0.00035518216,1000,-100.0,-93.7,2.2755557e-05,-100.0,0.77737117,32899.99933362007,329,2592,0.008278847,12.552777,0.155731201171875,1000.0,86245376,1000,673792
0.0016734335,1000,-100.0,-93.7,5.681095e-05,-100.0,0.76893955,33000.02986216545,330,2620,0.018000603,11.92951,0.15159571170806885,1000.0,86507520,1000,675840
0.0004246101,1000,-100.0,-93.7,0.00018201143,-100.0,0.7690596,33100.15387892723,331,2619,0.010611534,11.322307,0.16157126426696777,1000.0,86769664,1000,677888
0.0028006681,1000,-100.0,-93.7,0.0015110065,-100.0,0.75920427,33200.375007629395,332,2615,0.15767765,11.460806,0.16049546003341675,1000.0,87031808,1000,679936
0.0021276427,1000,-100.0,-93.7,0.00015415839,-100.0,0.7562874,33300.76112008095,333,2611,0.076865196,11.311956,0.17881566286087036,1000.0,87293952,1000,681984
0.0001794213,1000,-100.0,-93.7,2.950383e-05,-100.0,0.7571934,33400.981974840164,334,2615,0.001121521,12.652621,0.17703253030776978,1000.0,87556096,1000,684032
9.654726e-05,1000,-100.0,-93.7,1.2841019e-05,-100.0,0.76348484,33502.005902290344,335,2594,0.0022230148,11.540639,0.17296409606933594,1000.0,87818240,1000,686080
0.000283988,1000,-100.0,-93.7,0.0001354005,-100.0,0.76368004,33600.1871278286,336,2670,0.010076523,11.688477,0.16742229461669922,1000.0,88080384,1000,688128
0.0014186089,1000,-100.0,-93.7,0.00013279807,-100.0,0.7598774,33700.74773931503,337,2606,0.053441048,11.6430435,0.1629374623298645,1000.0,88342528,1000,690176
0.0014348056,1000,-100.0,-93.7,0.0004093176,-100.0,0.75853413,33801.019475221634,338,2614,0.04386902,11.684961,0.16391682624816895,1000.0,88604672,1000,692224
0.00039019706,1000,-100.0,-93.7,2.7341053e-05,-100.0,0.7591117,33901.10792398453,339,2619,0.008135796,12.727551,0.17219609022140503,1000.0,88866816,1000,694272
0.002850564,1000,-100.0,-93.7,0.0011280673,-100.0,0.74500716,34001.07389807701,340,2622,0.04510212,11.553348,0.1739770770072937,1000.0,89128960,1000,696320
0.0027483215,1000,-100.0,-93.7,0.0010815185,-100.0,0.75160676,34100.41350317001,341,2639,0.15979195,11.593004,0.15643590688705444,1000.0,89391104,1000,698368
0.0006018814,1000,-100.0,-93.7,5.7221318e-05,-100.0,0.7808227,34200.251183986664,342,2625,0.023810387,11.668049,0.1570780873298645,1000.0,89653248,1000,700416
0.0015394178,1000,-100.0,-93.7,0.00030560378,-100.0,0.79649365,34300.83967900276,343,2606,0.017032623,11.758788,0.1537662148475647,1000.0,89915392,1000,702464
0.0013811149,1000,-100.0,-93.7,-0.00015491768,-100.0,0.80029124,34400.39369702339,344,2633,0.014326096,12.997654,0.1603146195411682,1000.0,90177536,1000,704512
0.0017903032,1000,-100.0,-93.7,-9.08093e-05,-100.0,0.80707145,34499.8575026989,345,2635,0.028903961,11.795636,0.16943228244781494,1000.0,90439680,1000,706560
0.00067434413,1000,-100.0,-93.7,8.414316e-06,-100.0,0.8065147,34599.22810292244,346,2638,0.0009899139,11.93972,0.15415847301483154,1000.0,90701824,1000,708608
0.00019597124,1000,-100.0,-93.7,-3.7075835e-05,-100.0,0.8106584,34697.90180134773,347,2656,0.0015497208,11.999241,0.1564449667930603,1000.0,90963968,1000,710656
0.001134707,1000,-100.0,-93.7,7.383547e-05,-100.0,0.8157411,34798.19622373581,348,2613,0.008862495,12.106349,0.15422964096069336,1000.0,91226112,1000,712704
0.00016170263,1000,-100.0,-93.7,-9.809402e-06,-100.0,0.8157602,34898.68853640556,349,2608,0.0011224747,13.527298,0.14906007051467896,1000.0,91488256,1000,714752
7.492908e-05,1000,-100.0,-93.7,4.8618267e-06,-100.0,0.8217549,34997.6998231411,350,2647,0.00011634827,12.223203,0.1581099033355713,1000.0,91750400,1000,716800
0.00012533455,1000,-100.0,-93.7,1.1217676e-05,-100.0,0.81786084,35096.54193234444,351,2652,0.0014505386,12.255124,0.1505562663078308,1000.0,92012544,1000,718848
7.7860794e-05,1000,-100.0,-93.7,5.133078e-06,-100.0,0.81752884,35195.321796655655,352,2654,0.0004386902,12.285416,0.15286070108413696,1000.0,92274688,1000,720896
5.4286505e-05,1000,-100.0,-93.7,9.512722e-06,-100.0,0.8181952,35293.747836351395,353,2663,5.1498413e-05,12.329003,0.1468326449394226,1000.0,92536832,1000,722944
0.0005450231,1000,-100.0,-93.7,-3.804715e-05,-100.0,0.8169646,35392.52010512352,354,2654,0.0020198822,12.415483,0.14738810062408447,1000.0,92798976,1000,724992
0.00020238556,1000,-100.0,-93.7,1.4688389e-05,-100.0,0.8194071,35492.71074986458,355,2616,0.00079345703,13.439287,0.1576923131942749,1000.0,93061120,1000,727040
0.001314533,1000,-100.0,-93.7,-0.00013855228,-100.0,0.8231328,35593.54262828827,356,2599,0.020667076,12.551274,0.1516539454460144,1000.0,93323264,1000,729088
0.0016710276,1000,-100.0,-93.7,-0.00012585483,-100.0,0.818517,35693.04763221741,357,2634,0.01349926,12.593987,0.1456676721572876,1000.0,93585408,1000,731136
0.0007803618,1000,-100.0,-93.7,-0.00010332208,-100.0,0.8213123,35791.96229171753,358,2650,0.009887695,12.611959,0.15004867315292358,1000.0,93847552,1000,733184
0.0016029661,1000,-100.0,-93.7,-2.8602666e-05,-100.0,0.8262805,35892.18168139458,359,2615,0.013633728,12.658547,0.14505738019943237,1000.0,94109696,1000,735232
0.00015401086,1000,-100.0,-93.7,-1.792995e-05,-100.0,0.83174384,35993.244203329086,360,2593,0.00066947937,14.027852,0.14808887243270874,1000.0,94371840,1000,737280
0.0016431352,1000,-100.0,-93.7,-0.000117587755,-100.0,0.8292228,36093.900980234146,361,2605,0.022863388,12.722095,0.1460418701171875,1000.0,94633984,1000,739328
0.0010639972,1000,-100.0,-93.7,3.3699245e-05,-100.0,0.83031934,36193.678706645966,362,2627,0.002837181,12.771099,0.14214211702346802,1000.0,94896128,1000,741376
0.001683462,1000,-100.0,-93.7,-0.00013357039,-100.0,0.8241926,36293.563271045685,363,2624,0.0059041977,12.842946,0.13652503490447998,1000.0,95158272,1000,743424
0.00075217267,1000,-100.0,-93.7,-3.4553108e-05,-100.0,0.82222664,36393.906319856644,364,2612,7.6293945e-05,12.939885,0.13843035697937012,1000.0,95420416,1000,745472
0.0010386412,1000,-100.0,-93.7,-9.364353e-05,-100.0,0.82533526,36494.39145684242,365,2608,0.016230583,14.401689,0.14780831336975098,1000.0,95682560,1000,747520
0.00021264306,1000,-100.0,-93.7,-3.4060293e-05,-100.0,0.82632357,36593.98256230354,366,2632,0.002333641,12.988698,0.14488953351974487,1000.0,95944704,1000,749568
0.0001516183,1000,-100.0,-93.7,6.5365916e-06,-100.0,0.82668567,36693.70190668106,367,2628,0.0026416779,13.103906,0.13609963655471802,1000.0,96206848,1000,751616
0.0016826357,1000,-100.0,-93.7,-0.00025101088,-100.0,0.83226436,36793.56593871117,368,2625,0.033091545,13.167061,0.1339297890663147,1000.0,96468992,1000,753664
0.00049067143,1000,-100.0,-93.7,-1.7409478e-05,-100.0,0.8316428,36892.53831124306,369,2648,0.0019273758,13.193586,0.12864309549331665,1000.0,96731136,1000,755712
0.00011856631,1000,-100.0,-93.7,1.5069803e-05,-100.0,0.8363144,36990.62482261658,370,2672,0.0013866425,14.6833105,0.13498848676681519,1000.0,96993280,1000,757760
0.00034292947,1000,-100.0,-93.7,1.5973557e-05,-100.0,0.8384675,37090.935717105865,371,2614,0.0016145706,13.2136755,0.1418837308883667,1000.0,97255424,1000,759808
0.0017634473,1000,-100.0,-93.7,-6.980801e-05,-100.0,0.8318401,37189.83317899704,372,2650,0.0033664703,13.272564,0.13324713706970215,1000.0,97517568,1000,761856
0.0013127725,1000,-100.0,-93.7,-8.6558575e-06,-100.0,0.82114446,37289.13929772377,373,2639,0.005296707,13.358264,0.12821882963180542,1000.0,97779712,1000,763904
0.0013588216,1000,-100.0,-93.7,1.2612007e-05,-100.0,0.8163169,37389.650718450546,374,2608,0.022626877,13.380422,0.13288462162017822,1000.0,98041856,1000,765952
0.0014773352,1000,-100.0,-93.7,-4.749783e-05,-100.0,0.8259896,37490.1967356205,375,2607,0.02404213,14.98616,0.12824738025665283,1000.0,98304000,1000,768000
0.0004332119,1000,-100.0,-93.7,4.428335e-06,-100.0,0.8193487,37589.717786073685,376,2634,0.009144783,13.469927,0.14343899488449097,1000.0,98566144,1000,770048
0.00078994874,1000,-100.0,-93.7,-5.220768e-05,-100.0,0.8221945,37689.26773142815,377,2633,0.013243675,13.553467,0.12974488735198975,1000.0,98828288,1000,772096
0.0005142127,1000,-100.0,-93.7,-9.829364e-08,-100.0,0.8287685,37787.93176150322,378,2657,0.0004682541,13.624535,0.12544572353363037,1000.0,99090432,1000,774144
0.0013645516,1000,-100.0,-93.7,-9.199513e-05,-100.0,0.8351549,37887.728477954865,379,2626,0.018792152,13.649253,0.12885183095932007,1000.0,99352576,1000,776192
0.0012354972,1000,-100.0,-93.7,-0.00015284482,-100.0,0.82946426,37988.184885025024,380,2609,0.02309513,13.648955,0.1296755075454712,1000.0,99614720,1000,778240
0.0012009924,1000,-100.0,-93.7,-0.00014342903,-100.0,0.798967,38088.23819541931,381,2620,0.011854172,14.853102,0.137387216091156,1000.0,99876864,1000,780288
0.0011053935,1000,-100.0,-93.7,-1.4886018e-06,-100.0,0.8147295,38188.64101052284,382,2611,0.026078224,13.719119,0.13555938005447388,1000.0,100139008,1000,782336
0.00082758395,1000,-100.0,-93.7,-5.4768672e-05,-100.0,0.80043125,38288.899478673935,383,2614,0.016522408,13.769296,0.13102853298187256,1000.0,100401152,1000,784384
0.0007398916,1000,-100.0,-93.7,-1.9279134e-05,-100.0,0.7988538,38389.76600384712,384,2598,0.018957138,13.817222,0.1319393515586853,1000.0,100663296,1000,786432
0.0009633165,1000,-100.0,-93.7,-6.537596e-05,-100.0,0.7877317,38490.004311323166,385,2615,0.0068540573,13.856693,0.13077014684677124,1000.0,100925440,1000,788480
0.0011857381,1000,-100.0,-93.7,-2.719343e-05,-100.0,0.8041437,38591.45999479294,386,2583,0.02419281,15.414241,0.1340973973274231,1000.0,101187584,1000,790528
0.00017447161,1000,-100.0,-93.7,6.412275e-06,-100.0,0.80654985,38692.14204573631,387,2603,3.528595e-05,13.944993,0.13206720352172852,1000.0,101449728,1000,792576
0.0003278424,1000,-100.0,-93.7,1.7778724e-05,-100.0,0.8146403,38792.53270125389,388,2611,0.00013923645,13.987558,0.12419581413269043,1000.0,101711872,1000,794624
0.00049859687,1000,-100.0,-93.7,-5.8703325e-05,-100.0,0.80454475,38893.16783261299,389,2604,0.00996685,14.031743,0.12511324882507324,1000.0,101974016,1000,796672
0.0008453467,1000,-100.0,-93.7,3.0914434e-05,-100.0,0.8114705,38993.66714310646,390,2608,0.010336876,14.120008,0.124092698097229,1000.0,102236160,1000,798720
0.0007734212,1000,-100.0,-93.7,2.7810795e-05,-100.0,0.8189587,39093.58316588402,391,2624,0.011384964,15.8043375,0.1226610541343689,1000.0,102498304,1000,800768
0.0003331277,1000,-100.0,-93.7,3.2435191e-06,-100.0,0.83291364,39193.80519914627,392,2615,0.002653122,14.167111,0.12563979625701904,1000.0,102760448,1000,802816
0.0007605703,1000,-100.0,-93.7,-2.9740459e-06,-100.0,0.82212466,39294.12028002739,393,2613,0.006126404,14.195931,0.12080204486846924,1000.0,103022592,1000,804864
0.0012195979,1000,-100.0,-93.7,-6.3543193e-06,-100.0,0.82349956,39393.80494451523,394,2629,0.0125665665,14.211617,0.11905163526535034,1000.0,103284736,1000,806912
0.0013114441,1000,-100.0,-93.7,-3.2397016e-05,-100.0,0.82206213,39494.87878227234,395,2593,0.01282692,14.237151,0.12022274732589722,1000.0,103546880,1000,808960
9.019397e-05,1000,-100.0,-93.7,1.8542665e-05,-100.0,0.83169746,39594.333713293076,396,2635,0.0009250641,15.909569,0.12248492240905762,1000.0,103809024,1000,811008
0.0016295485,1000,-100.0,-93.7,0.00020350033,-100.0,0.8373204,39694.363228321075,397,2620,0.051963806,14.261973,0.128459632396698,1000.0,104071168,1000,813056
0.001513756,1000,-100.0,-93.7,-1.5304679e-05,-100.0,0.836949,39794.258728027344,398,2624,0.016413689,14.336576,0.11828529834747314,1000.0,104333312,1000,815104
0.0013233951,1000,-100.0,-93.7,2.8670682e-05,-100.0,0.8314898,39893.15222120285,399,2650,0.03049469,14.343125,0.11765515804290771,1000.0,104595456,1000,817152
0.00047566745,1000,-100.0,-93.7,6.3581747e-06,-100.0,0.8151481,39991.29625940323,400,2671,0.012103081,14.361523,0.12048918008804321,1000.0,104857600,1000,819200
0.00043377362,1000,-100.0,-93.7,5.498292e-05,-100.0,0.8174101,40089.148924827576,401,2679,0.0063734055,14.392994,0.11835682392120361,1000.0,105119744,1000,821248
0.0009444151,1000,-100.0,-93.7,7.340295e-07,-100.0,0.8266091,40189.54493141174,402,2611,0.021224976,14.806603,0.12708288431167603,1000.0,105381888,1000,823296
0.0008378786,1000,-100.0,-93.7,-4.3664764e-05,-100.0,0.81523496,40290.09676980972,403,2607,0.0098667145,14.441777,0.11732012033462524,1000.0,105644032,1000,825344
0.0012561867,1000,-100.0,-93.7,3.1997224e-05,-100.0,0.8396654,40391.20423579216,404,2592,0.029406548,14.492712,0.11509722471237183,1000.0,105906176,1000,827392
0.00019457535,1000,-100.0,-93.7,5.725178e-05,-100.0,0.83236885,40494.166753292084,405,2546,0.008226395,14.515585,0.11732947826385498,1000.0,106168320,1000,829440
0.0011915289,1000,-100.0,-93.7,1.9092693e-05,-100.0,0.8422608,40595.66469120979,406,2582,0.011497498,14.548415,0.11823052167892456,1000.0,106430464,1000,831488
0.00092962215,1000,-100.0,-93.7,9.55208e-05,-100.0,0.8291838,40694.725707530975,407,2646,0.011548042,15.956704,0.12255740165710449,1000.0,106692608,1000,833536
0.0020032478,1000,-100.0,-93.7,0.0006622126,-100.0,0.81672966,40794.66209292412,408,2623,0.022637367,14.615192,0.11455947160720825,1000.0,106954752,1000,835584
0.0010022267,1000,-100.0,-93.7,0.0003057117,-100.0,0.7751226,40896.49982571602,409,2574,0.017496109,14.7384815,0.127041757106781,1000.0,107216896,1000,837632
0.0014545127,1000,-100.0,-93.7,0.00045102788,-100.0,0.8075705,40998.85097551346,410,2561,0.040415764,14.602974,0.1175045371055603,1000.0,107479040,1000,839680
0.0010576303,1000,-100.0,-93.7,0.00030751515,-100.0,0.82481945,41100.578330755234,411,2577,0.03453064,14.6288805,0.12186563014984131,1000.0,107741184,1000,841728
0.00088221586,1000,-100.0,-93.7,2.5873724e-06,-100.0,0.8291165,41203.35429263115,412,2550,0.0049915314,16.362068,0.1213330626487732,1000.0,108003328,1000,843776
0.0012201983,1000,-100.0,-93.7,0.00010183724,-100.0,0.83340275,41304.591831207275,413,2589,0.027005196,14.479517,0.11784768104553223,1000.0,108265472,1000,845824
0.0028240893,1000,-100.0,-93.7,0.0012287219,-100.0,0.8397277,41406.089873313904,414,2582,0.059508324,14.581024,0.12064468860626221,1000.0,108527616,1000,847872
0.0004938427,1000,-100.0,-93.7,1.250598e-05,-100.0,0.84585565,41529.85201072693,415,2118,0.009813309,14.739271,0.12065452337265015,1000.0,108789760,1000,849920
0.0008299298,1000,-100.0,-93.7,2.9600127e-05,-100.0,0.8344111,41639.13338184357,416,2398,0.015846252,14.497548,0.1201941967010498,1000.0,109051904,1000,851968
0.0016006349,1000,-100.0,-93.7,0.00015331942,-100.0,0.8257942,41738.19368767738,417,2646,0.050998688,15.939745,0.12617599964141846,1000.0,109314048,1000,854016
0.0024913184,1000,-100.0,-93.7,0.0013265397,-100.0,0.8356203,41836.331191301346,418,2671,0.07799053,14.330639,0.12457823753356934,1000.0,109576192,1000,856064
0.0023711908,1000,-100.0,-93.7,0.0013976461,-100.0,0.8608416,41935.13658094406,419,2653,0.09608269,14.244566,0.10854172706604004,1000.0,109838336,1000,858112
0.0009077846,1000,-100.0,-93.7,-7.4804793e-06,-100.0,0.88573724,42033.76610374451,420,2657,0.01569271,14.190686,0.1249086856842041,1000.0,110100480,1000,860160
0.0010417071,1000,-100.0,-93.7,0.00042497256,-100.0,0.89234746,42132.67730927467,421,2651,0.030844688,14.184579,0.12193310260772705,1000.0,110362624,1000,862208
0.001271538,1000,-100.0,-93.7,-7.141323e-05,-100.0,0.86937207,42231.88873910904,422,2642,0.016590118,15.608351,0.12374794483184814,1000.0,110624768,1000,864256
0.00062518136,1000,-100.0,-93.7,-0.000104241524,-100.0,0.8703725,42332.31724905968,423,2610,0.012415886,13.927484,0.1341889500617981,1000.0,110886912,1000,866304
0.001073694,1000,-100.0,-93.7,-1.0953856e-05,-100.0,0.86755705,42433.414640426636,424,2593,0.011312485,13.963505,0.12359929084777832,1000.0,111149056,1000,868352
0.0015994795,1000,-100.0,-93.7,0.00047045696,-100.0,0.86727077,42532.488724946976,425,2646,0.06109333,13.679312,0.1401095986366272,1000.0,111411200,1000,870400
0.0014509292,1000,-100.0,-93.7,-2.1368523e-05,-100.0,0.85756683,42633.16058969498,426,2603,0.014015198,13.780518,0.1311110258102417,1000.0,111673344,1000,872448
0.0006665892,1000,-100.0,-93.7,5.1314935e-05,-100.0,0.85622156,42732.64448308945,427,2635,0.009700775,13.7119665,0.12989097833633423,1000.0,111935488,1000,874496
0.0005434947,1000,-100.0,-93.7,8.496315e-05,-100.0,0.84762913,42832.56357502937,428,2623,0.015602112,13.938014,0.14419794082641602,1000.0,112197632,1000,876544
0.0013373765,1000,-100.0,-93.7,-0.00017304171,-100.0,0.82225466,42932.79937887192,429,2615,0.026744843,12.882383,0.1358819603919983,1000.0,112459776,1000,878592
0.0021836034,1000,-100.0,-93.7,0.00044751714,-100.0,0.84539694,43031.337389707565,430,2660,0.05298996,12.860833,0.13697338104248047,1000.0,112721920,1000,880640
0.003929946,1000,-100.0,-93.7,0.0018492612,-100.0,0.82915014,43129.528369665146,431,2670,0.04648304,12.627369,0.14699947834014893,1000.0,112984064,1000,882688
0.004701204,1000,-100.0,-93.7,0.003699375,-100.0,0.8312866,43227.63072347641,432,2672,0.32984638,12.566609,0.15638643503189087,1000.0,113246208,1000,884736
0.0016617927,1000,-100.0,-93.7,1.2188419e-05,-100.0,0.84036,43329.615221977234,433,2570,0.045381546,13.626985,0.17134308815002441,1000.0,113508352,1000,886784
0.0010581595,1000,-100.0,-93.7,-0.000110491994,-100.0,0.8371381,43429.66468715668,434,2620,0.010390282,12.452188,0.15544646978378296,1000.0,113770496,1000,888832
0.00039507906,1000,-100.0,-93.7,1.8609171e-07,-100.0,0.82893634,43529.879808187485,435,2615,0.0017404556,12.5522995,0.14554232358932495,1000.0,114032640,1000,890880
0.0009563506,1000,-100.0,-93.7,1.5270325e-05,-100.0,0.8343585,43628.14328408241,436,2667,0.0044355392,12.6261835,0.1425275206565857,1000.0,114294784,1000,892928
0.0012225001,1000,-100.0,-93.7,-1.7051312e-05,-100.0,0.82172203,43725.480811834335,437,2693,0.012273788,12.686112,0.13837945461273193,1000.0,114556928,1000,894976
0.0011955008,1000,-100.0,-93.7,-8.9653586e-05,-100.0,0.81913036,43822.959815740585,438,2689,0.020342827,14.099962,0.14607715606689453,1000.0,114819072,1000,897024
0.0005567176,1000,-100.0,-93.7,1.5333913e-05,-100.0,0.8275476,43920.91641950607,439,2676,0.0049028397,12.767069,0.14018791913986206,1000.0,115081216,1000,899072
0.0003856684,1000,-100.0,-93.7,3.852533e-05,-100.0,0.82514894,44020.166424274445,440,2641,0.0035905838,12.810156,0.13357847929000854,1000.0,115343360,1000,901120
0.0011410961,1000,-100.0,-93.7,-3.9925886e-05,-100.0,0.8281777,44118.53653597832,441,2665,0.026930809,12.85917,0.1311100721359253,1000.0,115605504,1000,903168
0.0020417143,1000,-100.0,-93.7,0.0004987164,-100.0,0.8083643,44217.25072526932,442,2655,0.06733894,12.550329,0.1311083436012268,1000.0,115867648,1000,905216
0.0010683237,1000,-100.0,-93.7,6.773255e-05,-100.0,0.81340146,44316.12729263306,443,2651,0.023382187,13.841277,0.13784652948379517,1000.0,116129792,1000,907264
0.0013536747,1000,-100.0,-93.7,-5.174415e-05,-100.0,0.8156337,44416.21614360809,444,2619,0.032639503,12.220244,0.14597320556640625,1000.0,116391936,1000,909312
0.0003301311,1000,-100.0,-93.7,0.000106171654,-100.0,0.80870265,44516.07789206505,445,2625,0.012265205,12.212436,0.1410890817642212,1000.0,116654080,1000,911360
0.001052501,1000,-100.0,-93.7,0.00012994652,-100.0,0.8101072,44616.14444541931,446,2619,0.03368759,12.28903,0.1399381160736084,1000.0,116916224,1000,913408
0.0006110276,1000,-100.0,-93.7,-4.331864e-05,-100.0,0.80758274,44715.33696126938,447,2642,0.009457588,12.252333,0.13272446393966675,1000.0,117178368,1000,915456
0.00077069114,1000,-100.0,-93.7,2.690868e-05,-100.0,0.7893691,44813.979263305664,448,2657,0.021875381,13.6750145,0.13447439670562744,1000.0,117440512,1000,917504
0.0015348251,1000,-100.0,-93.7,0.0003028026,-100.0,0.7942282,44914.635355472565,449,2604,0.03302288,12.198061,0.14808696508407593,1000.0,117702656,1000,919552
0.0007061788,1000,-100.0,-93.7,0.0002562226,-100.0,0.738282,45015.01514053345,450,2611,0.020044327,12.058303,0.16858136653900146,1000.0,117964800,1000,921600
0.0013198603,1000,-100.0,-93.7,0.0004452442,-100.0,0.7378052,45115.96072888374,451,2597,0.04409027,12.156035,0.1766015887260437,1000.0,118226944,1000,923648
0.0021691115,1000,-100.0,-93.7,0.00086240977,-100.0,0.7390408,45215.74394416809,452,2627,0.05100918,12.052649,0.17058628797531128,1000.0,118489088,1000,925696
0.0026305942,1000,-100.0,-93.7,0.0014518263,-100.0,0.7359579,45316.09654593468,453,2612,0.13858986,12.030239,0.17419373989105225,1000.0,118751232,1000,927744
0.0018747001,1000,-100.0,-93.7,0.0006038375,-100.0,0.74490404,45415.79255723953,454,2629,0.061457634,12.625778,0.19538819789886475,1000.0,119013376,1000,929792
0.0021208313,1000,-100.0,-93.7,0.0007241128,-100.0,0.74994236,45516.68753480911,455,2598,0.10939598,11.600328,0.175586998462677,1000.0,119275520,1000,931840
0.0012655946,1000,-100.0,-93.7,0.00018356317,-100.0,0.72788554,45616.81517148018,456,2618,0.04420376,11.424174,0.18833953142166138,1000.0,119537664,1000,933888
0.0012532062,1000,-100.0,-93.7,0.0002836848,-100.0,0.7140762,45715.62229466438,457,2653,0.029325485,11.509006,0.17913371324539185,1000.0,119799808,1000,935936
0.0026523105,1000,-100.0,-93.7,0.0016978419,-100.0,0.69656724,45814.31147694588,458,2656,0.13878918,11.558442,0.19779092073440552,1000.0,120061952,1000,937984
0.0042139306,1000,-100.0,-93.7,0.0032354821,-100.0,0.70298743,45912.51205062866,459,2669,0.260293,12.653939,0.2222716212272644,1000.0,120324096,1000,940032
0.001876476,1000,-100.0,-93.7,0.000356249,-100.0,0.70682746,46010.55733680725,460,2673,0.092659,11.147291,0.21925455331802368,1000.0,120586240,1000,942080
0.0018484148,1000,-100.0,-93.7,0.0005483535,-100.0,0.67821944,46108.69538450241,461,2671,0.09902096,11.186155,0.24481838941574097,1000.0,120848384,1000,944128
0.00088719267,1000,-100.0,-93.7,0.00017406169,-100.0,0.6874786,46206.3176510334,462,2685,0.027731895,11.184341,0.2250744104385376,1000.0,121110528,1000,946176
0.0008959496,1000,-100.0,-93.7,0.00010425194,-100.0,0.6778012,46305.21436262131,463,2650,0.02123928,11.164118,0.22087645530700684,1000.0,121372672,1000,948224
0.0009948021,1000,-100.0,-93.7,3.5943485e-05,-100.0,0.6841672,46403.2297141552,464,2674,0.026579857,12.3286915,0.21895259618759155,1000.0,121634816,1000,950272
0.0005129142,1000,-100.0,-93.7,0.00014382039,-100.0,0.6918781,46503.206979990005,465,2622,0.010902405,11.075248,0.18665307760238647,1000.0,121896960,1000,952320
0.0016301923,1000,-100.0,-93.7,6.455513e-05,-100.0,0.6734882,46601.508259773254,466,2666,0.02216053,11.090985,0.19526124000549316,1000.0,122159104,1000,954368
0.001220841,1000,-100.0,-93.7,8.097184e-05,-100.0,0.6650578,46699.35212159157,467,2679,0.03362274,10.946315,0.2061411738395691,1000.0,122421248,1000,956416
0.0012558093,1000,-100.0,-93.7,-3.8653503e-05,-100.0,0.6868665,46799.88450527191,468,2607,0.023981094,10.989433,0.18707966804504395,1000.0,122683392,1000,958464
0.00052410766,1000,-100.0,-93.7,6.592169e-05,-100.0,0.69054395,46899.43945002556,469,2633,0.007741928,12.058752,0.19486135244369507,1000.0,122945536,1000,960512
0.001358284,1000,-100.0,-93.7,0.00012839353,-100.0,0.6905535,46999.98578333855,470,2607,0.05440998,10.878671,0.19347357749938965,1000.0,123207680,1000,962560
0.0004911683,1000,-100.0,-93.7,7.188869e-05,-100.0,0.69679356,47098.87172079086,471,2651,0.008945465,10.979025,0.18338161706924438,1000.0,123469824,1000,964608
0.002234297,1000,-100.0,-93.7,0.0014874795,-100.0,0.6836073,47198.33247375488,472,2635,0.12401676,11.017636,0.18061399459838867,1000.0,123731968,1000,966656
0.00114053,1000,-100.0,-93.7,3.9973587e-05,-100.0,0.6780101,47297.88408255577,473,2633,0.03118229,10.984011,0.18569517135620117,1000.0,123994112,1000,968704
0.00060774747,1000,-100.0,-93.7,-3.5376903e-05,-100.0,0.70639706,47397.75463080406,474,2624,0.0067539215,12.390859,0.15438926219940186,1000.0,124256256,1000,970752
0.0028139318,1000,-100.0,-93.7,0.001036568,-100.0,0.71594894,47497.479600429535,475,2628,0.17526913,11.358525,0.16351109743118286,1000.0,124518400,1000,972800
0.0009840073,1000,-100.0,-93.7,7.020937e-05,-100.0,0.72169954,47597.83994626999,476,2612,0.028299332,11.212814,0.17311686277389526,1000.0,124780544,1000,974848
0.0027063047,1000,-100.0,-93.7,0.00105708,-100.0,0.7196402,47697.94573140144,477,2618,0.15540218,11.363632,0.1639794111251831,1000.0,125042688,1000,976896
0.0016595111,1000,-100.0,-93.7,0.00026052378,-100.0,0.7210222,47799.12899470329,478,2590,0.053146362,11.50896,0.15522915124893188,1000.0,125304832,1000,978944
0.001809411,1000,-100.0,-93.7,0.00024408998,-100.0,0.7204334,47898.91020321846,479,2627,0.07027435,11.342968,0.15476733446121216,1000.0,125566976,1000,980992
0.0019500337,1000,-100.0,-93.7,0.00024876042,-100.0,0.72517544,47999.57825732231,480,2604,0.024030685,12.078031,0.16734790802001953,1000.0,125829120,1000,983040
0.0019507963,1000,-100.0,-93.7,0.00023110646,-100.0,0.71957326,48097.73264455795,481,2671,0.039138794,11.178963,0.16903191804885864,1000.0,126091264,1000,985088
0.0027973922,1000,-100.0,-93.7,0.00056012237,-100.0,0.72214353,48196.249036073685,482,2661,0.14325523,10.93828,0.1742880940437317,1000.0,126353408,1000,987136
0.0018207497,1000,-100.0,-93.7,0.00015790798,-100.0,0.72272426,48295.486135959625,483,2641,0.10554695,11.03832,0.17671072483062744,1000.0,126615552,1000,989184
0.0029010747,1000,-100.0,-93.7,0.0014587223,-100.0,0.7228417,48394.32642245293,484,2652,0.19427872,11.176948,0.1515648365020752,1000.0,126877696,1000,991232
0.0013317239,1000,-100.0,-93.7,0.0004606294,-100.0,0.72764397,48492.64696907997,485,2666,0.092074394,12.254053,0.1593499779701233,1000.0,127139840,1000,993280
0.0010694589,1000,-100.0,-93.7,5.3601092e-05,-100.0,0.7308536,48592.03327035904,486,2637,0.02183628,11.151399,0.14630573987960815,1000.0,127401984,1000,995328
0.0020404768,1000,-100.0,-93.7,0.0002514875,-100.0,0.73107773,48692.600608587265,487,2606,0.04600334,11.166121,0.13996011018753052,1000.0,127664128,1000,997376
0.0037156597,1000,-100.0,-93.7,0.0006993845,-100.0,0.7276573,48793.1695895195,488,2606,0.07168579,11.102383,0.12940114736557007,1000.0,127926272,1000,999424
0.003364291,1000,-100.0,-93.7,0.001481585,-100.0,0.7416918,48893.16376900673,489,2621,0.21922874,11.243713,0.13473379611968994,1000.0,128188416,1000,1001472
0.0003554079,1000,-100.0,-93.7,3.3738354e-05,-100.0,0.7378255,48992.49570322037,490,2639,0.008408546,12.360556,0.16950935125350952,1000.0,128450560,1000,1003520
0.0026351474,1000,-100.0,-93.7,0.00045809778,-100.0,0.73445463,49093.53686833382,491,2594,0.058444023,10.894724,0.17247611284255981,1000.0,128712704,1000,1005568
0.0012298775,1000,-100.0,-93.7,-0.000116536496,-100.0,0.7426982,49194.10575509071,492,2606,0.016095161,10.964373,0.1626049280166626,1000.0,128974848,1000,1007616
0.0009328209,1000,-100.0,-93.7,1.3993282e-05,-100.0,0.74237204,49294.461096286774,493,2612,0.015255928,11.086262,0.16463440656661987,1000.0,129236992,1000,1009664
0.0011742144,1000,-100.0,-93.7,0.00050065026,-100.0,0.73809606,49394.02719640732,494,2632,0.017847061,11.293317,0.15659642219543457,1000.0,129499136,1000,1011712
0.00021407698,1000,-100.0,-93.7,0.00011608126,-100.0,0.7364373,49493.209597826004,495,2643,0.0064172745,12.602164,0.13724792003631592,1000.0,129761280,1000,1013760
0.0011148334,1000,-100.0,-93.7,0.0001986354,-100.0,0.7400141,49592.08283615112,496,2651,0.009588242,11.459567,0.1444835662841797,1000.0,130023424,1000,1015808
0.0021860262,1000,-100.0,-93.7,0.00028305544,-100.0,0.73380005,49692.37658929825,497,2613,0.037955284,11.578557,0.14705783128738403,1000.0,130285568,1000,1017856
0.0023820545,1000,-100.0,-93.7,0.000310775,-100.0,0.71987075,49791.930114507675,498,2633,0.043457985,11.569254,0.1462683081626892,1000.0,130547712,1000,1019904
0.0025798068,1000,-100.0,-93.7,0.00017878218,-100.0,0.7254718,49890.23085308075,499,2666,0.07042885,11.49659,0.14626294374465942,1000.0,130809856,1000,1021952
0.002226148,1000,-100.0,-93.7,-0.0001816877,-100.0,0.72572315,49988.44155955315,500,2669,0.03756523,12.630307,0.14758527278900146,1000.0,131072000,1000,1024000
0.0007566945,1000,-100.0,-93.7,4.3466844e-05,-100.0,0.7289485,50088.58653283119,501,2618,0.005883217,11.400887,0.1561010479927063,1000.0,131334144,1000,1026048
0.0023142255,1000,-100.0,-93.7,0.00035677955,-100.0,0.7174602,50187.599809885025,502,2647,0.07929897,11.461428,0.15362834930419922,1000.0,131596288,1000,1028096
0.0016273716,1000,-100.0,-93.7,0.00015719036,-100.0,0.72436035,50286.7064871788,503,2645,0.039544106,11.297784,0.1510903239250183,1000.0,131858432,1000,1030144
0.0011630103,1000,-100.0,-93.7,9.2888185e-05,-100.0,0.7280494,50386.28993463516,504,2632,0.021452904,11.50559,0.14161258935928345,1000.0,132120576,1000,1032192
0.00270874,1000,-100.0,-93.7,0.0014707276,-100.0,0.7251448,50485.90134167671,505,2631,0.17212296,11.664929,0.13963103294372559,1000.0,132382720,1000,1034240
0.0016593284,1000,-100.0,-93.7,-0.00015275375,-100.0,0.7202616,50584.59397029877,506,2656,0.019061089,12.628905,0.14161407947540283,1000.0,132644864,1000,1036288
0.0007135307,1000,-100.0,-93.7,-3.9630882e-05,-100.0,0.72195303,50684.57689976692,507,2621,0.0044527054,11.677734,0.1352778673171997,1000.0,132907008,1000,1038336
0.0013685015,1000,-100.0,-93.7,0.000241584,-100.0,0.72627896,50783.708498716354,508,2644,0.024580002,11.502285,0.1328831911087036,1000.0,133169152,1000,1040384
0.0012235914,1000,-100.0,-93.7,0.00013732987,-100.0,0.7122156,50882.981175899506,509,2640,0.015039444,11.527905,0.15218061208724976,1000.0,133431296,1000,1042432
0.0022666708,1000,-100.0,-93.7,0.000984851,-100.0,0.711782,50980.538739442825,510,2687,0.11899662,11.42338,0.17118048667907715,1000.0,133693440,1000,1044480
0.0008883237,1000,-100.0,-93.7,0.00026184105,-100.0,0.7149998,51079.25549030304,511,2655,0.022417068,12.570221,0.1561509370803833,1000.0,133955584,1000,1046528
0.001095473,1000,-100.0,-93.7,0.0003200653,-100.0,0.72098476,51177.84181523323,512,2659,0.015525818,11.609113,0.1479993462562561,1000.0,134217728,1000,1048576
0.0023301484,1000,-100.0,-93.7,0.00020694194,-100.0,0.7195411,51277.31410241127,513,2635,0.024953842,11.617747,0.1546218991279602,1000.0,134479872,1000,1050624
0.00023850249,1000,-100.0,-93.7,4.551016e-05,-100.0,0.71058595,51377.466458559036,514,2617,0.005797386,11.434357,0.15473902225494385,1000.0,134742016,1000,1052672
0.0024577617,1000,-100.0,-93.7,0.00013706996,-100.0,0.71188605,51477.685186862946,515,2615,0.045105934,11.440619,0.1580561399459839,1000.0,135004160,1000,1054720
0.00044644315,1000,-100.0,-93.7,2.8344894e-05,-100.0,0.7066544,51577.85349345207,516,2617,0.005396843,12.749271,0.15492397546768188,1000.0,135266304,1000,1056768
0.0014912325,1000,-100.0,-93.7,0.00013957216,-100.0,0.7049076,51678.08876037598,517,2615,0.03590393,11.418623,0.15724194049835205,1000.0,135528448,1000,1058816
0.0023266613,1000,-100.0,-93.7,0.0006610803,-100.0,0.69744384,51777.18060421944,518,2645,0.10140228,11.594042,0.14482152462005615,1000.0,135790592,1000,1060864
0.0010548705,1000,-100.0,-93.7,0.00026569393,-100.0,0.70659715,51876.09573197365,519,2650,0.01921177,11.694487,0.12508779764175415,1000.0,136052736,1000,1062912
0.002786748,1000,-100.0,-93.7,0.0010692987,-100.0,0.6953112,51974.728021621704,520,2657,0.15368938,11.987922,0.13412827253341675,1000.0,136314880,1000,1064960
0.00052590185,1000,-100.0,-93.7,1.3320585e-05,-100.0,0.7272512,52073.694123506546,521,2649,0.006761551,13.2945795,0.12995898723602295,1000.0,136577024,1000,1067008
0.0011468605,1000,-100.0,-93.7,-4.5532448e-05,-100.0,0.7247087,52174.01049089432,522,2613,0.003709793,11.984832,0.13279765844345093,1000.0,136839168,1000,1069056
0.00051252963,1000,-100.0,-93.7,9.766916e-05,-100.0,0.7174971,52274.80615186691,523,2600,0.0048131943,12.03401,0.1280086636543274,1000.0,137101312,1000,1071104
0.0035307012,1000,-100.0,-93.7,0.001908143,-100.0,0.7202489,52373.35712456703,524,2660,0.17814732,11.623214,0.14125555753707886,1000.0,137363456,1000,1073152
0.0018992579,1000,-100.0,-93.7,-2.3764447e-05,-100.0,0.71283925,52473.26634120941,525,2623,0.033171654,11.703881,0.1353764533996582,1000.0,137625600,1000,1075200
0.0014379851,1000,-100.0,-93.7,0.0002975911,-100.0,0.7238885,52572.64353752136,526,2637,0.044044495,11.719517,0.11550498008728027,1000.0,137887744,1000,1077248
0.0008126857,1000,-100.0,-93.7,7.382108e-05,-100.0,0.7028774,52672.346350193024,527,2629,0.008400917,12.169536,0.14123570919036865,1000.0,138149888,1000,1079296
7.8008474e-05,1000,-100.0,-93.7,1.5479536e-05,-100.0,0.7062939,52772.42577767372,528,2619,0.0007619858,12.002549,0.1316477656364441,1000.0,138412032,1000,1081344
0.00014401838,1000,-100.0,-93.7,1.3769805e-05,-100.0,0.7068424,52870.428444862366,529,2674,0.00196743,12.062415,0.12964177131652832,1000.0,138674176,1000,1083392
0.00011436219,1000,-100.0,-93.7,-2.7119613e-05,-100.0,0.71108073,52968.78966450691,530,2665,0.000333786,12.126877,0.1261950135231018,1000.0,138936320,1000,1085440
9.126271e-05,1000,-100.0,-93.7,5.8291625e-06,-100.0,0.7135947,53066.92832517624,531,2671,0.0011997223,12.165117,0.1237073540687561,1000.0,139198464,1000,1087488
0.000445135,1000,-100.0,-93.7,-3.5663863e-05,-100.0,0.7150029,53167.02643537521,532,2618,0.0011739731,13.298016,0.12987631559371948,1000.0,139460608,1000,1089536
0.00042412058,1000,-100.0,-93.7,-1.1970404e-05,-100.0,0.71289027,53265.75842857361,533,2655,0.0037384033,12.205834,0.12149757146835327,1000.0,139722752,1000,1091584
0.0001778912,1000,-100.0,-93.7,-1.8762654e-05,-100.0,0.7262516,53364.87926697731,534,2644,0.0008659363,12.238474,0.12164849042892456,1000.0,139984896,1000,1093632
0.00018896049,1000,-100.0,-93.7,3.0326326e-05,-100.0,0.73052514,53464.28875160217,535,2637,0.0008459091,12.321444,0.12199515104293823,1000.0,140247040,1000,1095680
0.0012484132,1000,-100.0,-93.7,-7.726248e-05,-100.0,0.73123944,53563.13459944725,536,2652,0.02080059,12.238996,0.12465310096740723,1000.0,140509184,1000,1097728
