total_secs,best_ext_ret,eplen,rew_mean,epcount,ups,advmean,advstd,best_eplen,eprew,tps,recent_best_ext_ret,recent_best_eplen,tcount,n_updates,eprew_recent
244.09388256072998,-76.0,250.0,-0.33515722,896.0,0.004096784322157098,-5.608687,1.3122685,250,-88.8,1048.776786472217,-76.0,250,224000.0,1,-88.32589285714286
490.84489393234253,-76.0,250.0,-0.34379876,1920.0,0.004052668292791626,-4.451858,1.9276352,250,-88.62,1037.483082954656,-76.0,250,480000.0,2,-88.435546875
733.6408569812775,-72.0,250.0,-0.34368014,2944.0,0.0041186846249105565,-3.4852748,2.3914292,250,-88.7,1054.3832639771026,-72.0,250,736000.0,3,-88.306640625
975.0508360862732,44.0,250.0,-0.34159282,3969.0,0.004142330833660662,-2.6412632,2.7899742,220,-87.46,1060.4366934171296,44.0,220,992220.0,4,-87.84780487804878
1218.697783946991,44.0,250.0,-0.3440576,4993.0,0.004104299310047815,-2.0403569,2.9521987,220,-88.22,1050.7006233722407,-76.0,250,1248220.0,5,-88.314453125
1460.459567785263,44.0,250.0,-0.3432761,6017.0,0.004136303034018626,-1.52153,3.0763245,220,-88.0,1058.8935767087683,-76.0,250,1504220.0,6,-88.337890625
1703.76899766922,44.0,250.0,-0.34255195,7041.0,0.004109992779469896,-1.1770365,3.1475132,220,-88.02,1052.1581515442936,-72.0,250,1760220.0,7,-88.0546875
1948.2354249954224,44.0,250.0,-0.34292915,8065.0,0.004090541228655728,-0.98721844,3.1476958,220,-87.98,1047.1785545358662,-72.0,250,2016220.0,8,-88.12109375
2191.1816606521606,44.0,250.0,-0.34317076,9089.0,0.004116137042818446,-0.8928698,3.1017911,220,-87.74,1053.7310829615221,-72.0,250,2272220.0,9,-88.0
2436.6409232616425,44.0,250.0,-0.34546807,10113.0,0.0040739957798658,-0.90610904,3.0520353,220,-88.94,1042.9429196456447,-68.0,250,2528220.0,10,-88.28515625
2679.6887922286987,44.0,250.0,-0.34527087,11137.0,0.004114415831950965,-0.8671309,3.0371954,220,-88.0,1053.290452979447,-68.0,250,2784220.0,11,-88.185546875
2922.421770811081,44.0,250.0,-0.34549987,12161.0,0.004119753343118993,-0.75486493,3.0826907,220,-87.68,1054.6568558384622,-72.0,250,3040220.0,12,-88.060546875
3163.1421222686768,44.0,250.0,-0.34657887,13185.0,0.004154197989263718,-0.77306557,3.0550516,220,-87.82,1063.4746852515118,-72.0,250,3296220.0,13,-88.16015625
3402.0119767189026,44.0,250.0,-0.34664315,14209.0,0.004186380078396931,-0.7496111,3.0982473,220,-87.94,1071.7133000696144,-72.0,250,3552220.0,14,-88.078125
3645.3237500190735,44.0,250.0,-0.3482739,15233.0,0.004109953194769213,-0.6731805,3.1204386,220,-88.38,1052.1480178609186,-68.0,250,3808220.0,15,-88.3125
3887.1913225650787,44.0,250.0,-0.3490062,16257.0,0.004134493886359204,-0.64589924,3.114539,220,-88.84,1058.4304349079562,-76.0,250,4064220.0,16,-88.466796875
4130.358938217163,44.0,250.0,-0.35009816,17281.0,0.0041123897083021315,-0.63077486,3.1591234,220,-88.76,1052.7717653253458,-72.0,250,4320220.0,17,-88.740234375
4374.547047138214,44.0,250.0,-0.35010543,18305.0,0.004095203506913238,-0.52685803,3.2173188,220,-88.52,1048.372097769789,-76.0,250,4576220.0,18,-88.697265625
4617.969088315964,44.0,250.0,-0.34959725,19329.0,0.00410809142492478,-0.47523978,3.250248,220,-88.38,1051.6714047807436,-76.0,250,4832220.0,19,-88.482421875
4862.827850818634,44.0,250.0,-0.34978,20353.0,0.004083986988168718,-0.40757984,3.297558,220,-88.54,1045.500668971192,-76.0,250,5088220.0,20,-88.51171875
5105.234355211258,44.0,250.0,-0.3480633,21377.0,0.004125301845780128,-0.33712235,3.3535779,220,-88.44,1056.0772725197128,-72.0,250,5344220.0,21,-88.1171875
5344.879440784454,44.0,250.0,-0.34763792,22401.0,0.004172837500957487,-0.29271394,3.350693,220,-88.04,1068.2464002451165,-76.0,250,5600220.0,22,-88.029296875
5589.1394302845,44.0,250.0,-0.34752065,23425.0,0.004093998374628656,-0.26258373,3.4082093,220,-87.88,1048.063583904936,-72.0,250,5856220.0,23,-87.7421875
5834.75089931488,44.0,250.0,-0.34692454,24449.0,0.004071471108201009,-0.21989568,3.4180224,220,-87.9,1042.2966036994583,-76.0,250,6112220.0,24,-87.763671875
6081.519535303116,44.0,250.0,-0.34814826,25473.0,0.004052378844642454,-0.2127812,3.4495466,220,-87.94,1037.4089842284682,-80.0,250,6368220.0,25,-88.015625
6324.345288991928,44.0,250.0,-0.3482649,26497.0,0.004118179331511628,-0.23696138,3.4800344,220,-88.08,1054.2539088669766,-68.0,250,6624220.0,26,-88.01953125
6568.703490018845,44.0,250.0,-0.348482,27521.0,0.004092352930237231,-0.1991003,3.5005121,220,-88.38,1047.642350140731,-76.0,250,6880220.0,27,-88.09765625
6813.238775730133,44.0,250.0,-0.3478937,28545.0,0.004089389378270153,-0.12262315,3.5406334,220,-88.36,1046.883680837159,-76.0,250,7136220.0,28,-87.962890625
7055.901828050613,44.0,250.0,-0.34804493,29569.0,0.004120940499336172,-0.081744514,3.5547202,220,-88.02,1054.9607678300601,-80.0,250,7392220.0,29,-88.07421875
7299.22479224205,44.0,250.0,-0.34767264,30593.0,0.004109764170114417,-0.09193991,3.57834,220,-88.12,1052.0996275492905,-76.0,250,7648220.0,30,-87.89453125
7544.1502685546875,44.0,250.0,-0.34952754,31617.0,0.004082874574972924,-0.08192884,3.621023,220,-88.42,1045.2158911930685,-76.0,250,7904220.0,31,-88.361328125
7787.572931289673,44.0,250.0,-0.34783927,32641.0,0.004108080935293612,-0.0779028,3.6419482,220,-87.7,1051.6687194351646,-72.0,250,8160220.0,32,-87.921875
8031.129667043686,44.0,250.0,-0.3489203,33665.0,0.004105819520466796,-0.12530987,3.678541,220,-87.94,1051.0897972394996,-72.0,250,8416220.0,33,-88.09765625
8275.942952871323,44.0,250.0,-0.34862724,34689.0,0.004084745632245057,-0.11028002,3.769315,220,-88.54,1045.6948818547348,-76.0,250,8672220.0,34,-88.044921875
8518.805041790009,44.0,250.0,-0.3501508,35713.0,0.004117563199972376,-0.102812976,3.8205333,220,-88.22,1054.0961791929283,-80.0,250,8928220.0,35,-88.40234375
8763.36833691597,44.0,250.0,-0.34945118,36737.0,0.0040889210275194985,-0.09738522,3.8657212,220,-88.18,1046.7637830449917,-80.0,250,9184220.0,36,-88.271484375
9008.859842538834,44.0,250.0,-0.3494185,37761.0,0.0040734606986208705,-0.083191745,3.900649,220,-88.1,1042.8059388469428,-80.0,250,9440220.0,37,-88.23828125
9254.375397443771,44.0,250.0,-0.34938458,38785.0,0.0040730616859986505,-0.06867622,3.944156,220,-88.36,1042.7037916156546,-80.0,250,9696220.0,38,-88.203125
9497.763442277908,44.0,250.0,-0.34822932,39809.0,0.0041086652414726275,-0.0886765,3.9531825,220,-87.86,1051.8183018169925,-80.0,250,9952220.0,39,-87.90625
9742.227926492691,44.0,250.0,-0.3496583,40833.0,0.004090573742079506,-0.093462385,3.9970458,220,-88.18,1047.1868779723534,-80.0,250,10208220.0,40,-88.212890625
9984.574772119522,44.0,250.0,-0.34868863,41857.0,0.004126317375468602,-0.081488095,4.022114,220,-88.2,1056.3372481199622,-80.0,250,10464220.0,41,-88.029296875
10227.514927387238,44.0,250.0,-0.34979644,42881.0,0.004116240062899519,-0.10627044,4.0217447,220,-88.1,1053.7574561022768,-80.0,250,10720220.0,42,-88.27734375
10470.495893716812,44.0,250.0,-0.34953734,43905.0,0.004115548699578467,-0.103107385,4.0392714,220,-88.44,1053.5804670920877,-80.0,250,10976220.0,43,-88.2265625
10712.194239377975,44.0,250.0,-0.34977436,44929.0,0.004137388682841458,-0.13637802,4.0513444,220,-88.54,1059.1715028074132,-80.0,250,11232220.0,44,-88.2890625
10957.670887708664,44.0,250.0,-0.34880587,45953.0,0.004073707241810113,-0.1282441,4.0883923,220,-87.94,1042.869053903389,-80.0,250,11488220.0,45,-88.02734375
11206.99504995346,44.0,250.0,-0.3482963,46977.0,0.0040108427157499425,-0.10848336,4.0860257,220,-87.74,1026.7757352319854,-82.0,250,11744220.0,46,-87.927734375
11449.795521259308,44.0,250.0,-0.34838012,48001.0,0.0041186081502302165,-0.13636553,4.0914707,220,-88.02,1054.3636864589355,-82.0,250,12000220.0,47,-87.90625
11698.45813703537,44.0,250.0,-0.34808075,49025.0,0.004021513233418929,-0.09540488,4.1252184,220,-87.8,1029.5073877552459,-80.0,250,12256220.0,48,-87.796875
11949.352581501007,44.0,250.0,-0.34676504,50049.0,0.003985739907991311,-0.0060932543,4.1562023,220,-86.98,1020.3494164457757,-80.0,250,12512220.0,49,-87.560546875
12194.053664207458,44.0,250.0,-0.34648094,51073.0,0.004086618616230731,-0.05872986,4.1445756,220,-87.32,1046.174365755067,-80.0,250,12768220.0,50,-87.447265625
12431.829113006592,44.0,250.0,-0.34633178,52097.0,0.004205648669996938,-0.10491283,4.139604,220,-87.34,1076.6460595192161,-80.0,250,13024220.0,51,-87.3203125
12678.886497974396,44.0,250.0,-0.3463496,53121.0,0.0040476426160275195,-0.028639698,4.1759715,220,-87.22,1036.196509703045,-80.0,250,13280220.0,52,-87.373046875
12923.380338191986,44.0,250.0,-0.3456838,54145.0,0.004090082593123972,-0.011248398,4.1933513,220,-87.16,1047.0611438397368,-76.0,250,13536220.0,53,-87.2109375
13172.641984462738,44.0,250.0,-0.34344822,55169.0,0.00401184865365843,0.10292394,4.2172265,220,-86.96,1027.033255336558,-80.0,250,13792220.0,54,-86.669921875
13417.588906764984,44.0,250.0,-0.3440373,56193.0,0.004082517104526323,0.049276236,4.203319,220,-86.78,1045.1243787587387,-80.0,250,14048220.0,55,-86.76171875
13660.619478225708,44.0,250.0,-0.34295997,57217.0,0.0041147086722034465,0.053485673,4.2219167,220,-86.46,1053.3654200840824,-84.0,250,14304220.0,56,-86.564453125
13906.336290121078,44.0,250.0,-0.34280115,58241.0,0.00406972560113556,0.0009580361,4.1874337,220,-86.0,1041.8497538907034,-80.0,250,14560220.0,57,-86.43359375
14150.270648002625,44.0,250.0,-0.3418898,59265.0,0.0040994635142196645,-0.015675731,4.180843,220,-86.18,1049.462659640234,-80.0,250,14816220.0,58,-86.26171875
14393.083397388458,44.0,250.0,-0.34157145,60289.0,0.004118399888512371,0.0056925314,4.187191,220,-86.12,1054.310371459167,-84.0,250,15072220.0,59,-86.150390625
14642.271577596664,44.0,250.0,-0.34125078,61313.0,0.004013031433370805,-0.01895748,4.1783385,220,-86.06,1027.336046942926,-84.0,250,15328220.0,60,-86.044921875
14881.674664735794,44.0,250.0,-0.340265,62337.0,0.004177055575807374,-0.014686414,4.187274,220,-85.58,1069.3262274066876,-76.0,250,15584220.0,61,-85.83984375
15123.97709441185,44.0,250.0,-0.34003946,63361.0,0.004127073762062317,-0.07420392,4.1746135,220,-85.64,1056.530883087953,-80.0,250,15840220.0,62,-85.724609375
15364.320321798325,44.0,250.0,-0.33975837,64385.0,0.004160716367480531,-0.06799707,4.1804967,220,-85.86,1065.143390075016,-80.0,250,16096220.0,63,-85.755859375
15611.671988010406,44.0,250.0,-0.33974302,65409.0,0.004042827021600047,-0.06857244,4.170608,220,-85.96,1034.963717529612,-80.0,250,16352220.0,64,-85.6484375
15856.127821445465,44.0,250.0,-0.34013373,66433.0,0.004090718498913044,-0.05775448,4.1784124,220,-85.48,1047.2239357217393,-80.0,250,16608220.0,65,-85.755859375
16102.239976882935,44.0,250.0,-0.3380632,67457.0,0.004063188176229976,-0.043352198,4.1721163,220,-85.34,1040.1761731148738,-80.0,250,16864220.0,66,-85.29296875
16346.953360080719,44.0,250.0,-0.3385657,68481.0,0.0040864132027947616,-0.07607758,4.1635885,220,-85.24,1046.121779915459,-80.0,250,17120220.0,67,-85.365234375
16594.7559530735,44.0,250.0,-0.33807424,69505.0,0.004035470282706548,-0.03707317,4.1660366,220,-85.24,1033.0803923728763,-80.0,250,17376220.0,68,-85.29296875
16840.756960630417,44.0,250.0,-0.3381869,70529.0,0.004065024001044541,-0.07521261,4.157286,220,-85.16,1040.6461442674024,-76.0,250,17632220.0,69,-85.298828125
17084.256169080734,44.0,250.0,-0.33714238,71553.0,0.004106789530710265,-0.043666806,4.1656575,220,-84.88,1051.3381198618279,-76.0,250,17888220.0,70,-85.025390625
17331.70636868477,44.0,250.0,-0.33765912,72577.0,0.004041217188752253,-0.044672173,4.178712,220,-85.1,1034.5516003205769,-80.0,250,18144220.0,71,-85.15234375
17575.47173023224,44.0,250.0,-0.33791852,73601.0,0.004102305568157038,-0.11134432,4.161663,220,-85.28,1050.1902254482015,-76.0,250,18400220.0,72,-85.197265625
17815.924480199814,44.0,250.0,-0.3375375,74625.0,0.004158821224273166,-0.073113665,4.1879277,220,-85.4,1064.6582334139305,-80.0,250,18656220.0,73,-85.146484375
18057.64594078064,44.0,250.0,-0.33785874,75649.0,0.00413699303982827,-0.09676314,4.1904273,220,-85.32,1059.0702181960373,-76.0,250,18912220.0,74,-85.193359375
18300.97373318672,44.0,250.0,-0.33734527,76673.0,0.004109682622407272,-0.06881958,4.202806,220,-85.14,1052.0787513362616,-80.0,250,19168220.0,75,-85.0703125
18541.33152627945,44.0,250.0,-0.3367522,77697.0,0.0041604642276533545,-0.013609451,4.23488,220,-84.9,1065.0788422792589,-80.0,250,19424220.0,76,-84.9453125
18784.439222574234,44.0,250.0,-0.3369294,78721.0,0.0041134032992005,-0.07527229,4.223851,220,-84.86,1053.0312445953282,-80.0,250,19680220.0,77,-85.0
19027.44906783104,44.0,250.0,-0.33656484,79745.0,0.004115059613914944,-0.06844657,4.2250624,220,-84.74,1053.4552611622257,-80.0,250,19936220.0,78,-84.88671875
19270.965399980545,44.0,250.0,-0.33655888,80769.0,0.004106500747498344,-0.02981372,4.24686,220,-85.02,1051.2641913595762,-80.0,250,20192220.0,79,-84.8984375
19514.246030330658,44.0,250.0,-0.33639136,81793.0,0.004110479319956004,-0.05621528,4.2179437,220,-84.9,1052.282705908737,-76.0,250,20448220.0,80,-84.87109375
19755.487661123276,44.0,250.0,-0.33646446,82817.0,0.004145221522149488,-0.012452099,4.2452855,220,-84.84,1061.176709670269,-80.0,250,20704220.0,81,-84.818359375
19994.535987854004,44.0,250.0,-0.336714,83841.0,0.004183254548049745,-0.022310302,4.2414646,220,-84.8,1070.9131643007347,-80.0,250,20960220.0,82,-84.94140625
20241.591577768326,44.0,250.0,-0.33676872,84865.0,0.004047672025339709,-0.024117822,4.26975,220,-84.72,1036.2040384869656,-76.0,250,21216220.0,83,-84.96484375
20482.654000997543,44.0,250.0,-0.33615863,85889.0,0.004148303110058494,-0.003197822,4.2667055,220,-84.82,1061.9655961749745,-76.0,250,21472220.0,84,-84.845703125
20721.882656812668,44.0,250.0,-0.3365452,86913.0,0.004180101236587636,-0.045721434,4.2500863,220,-85.08,1070.1059165664349,-76.0,250,21728220.0,85,-84.935546875
20962.640664100647,44.0,250.0,-0.33533573,87937.0,0.004153548250645989,-0.081827566,4.2216187,220,-84.5,1063.3083521653732,-76.0,250,21984220.0,86,-84.626953125
21203.32103419304,44.0,250.0,-0.3349487,88961.0,0.004154888076730652,0.00023698437,4.2541947,220,-84.74,1063.6513476430468,-72.0,250,22240220.0,87,-84.513671875
21442.99021267891,44.0,250.0,-0.33486807,89985.0,0.004172418023533864,0.06392593,4.2846723,220,-84.62,1068.139014024669,-72.0,250,22496220.0,88,-84.48046875
21685.99164700508,44.0,250.0,-0.3356618,91009.0,0.004115202047152268,0.05326931,4.290188,220,-84.78,1053.4917240709808,-76.0,250,22752220.0,89,-84.64453125
21926.966019630432,44.0,250.0,-0.33533338,92033.0,0.004149818875365331,0.0031387357,4.271932,220,-84.8,1062.3536320935245,-76.0,250,23008220.0,90,-84.654296875
22170.13801908493,44.0,250.0,-0.33545953,93057.0,0.004112315571872071,-0.0145282345,4.276768,220,-85.1,1052.75278639925,-76.0,250,23264220.0,91,-84.63671875
22416.76158952713,44.0,250.0,-0.33498007,94081.0,0.004054762479543157,-0.08197091,4.2612863,220,-84.34,1038.019194763048,-76.0,250,23520220.0,92,-84.482421875
22662.55936717987,44.0,250.0,-0.33466157,95105.0,0.004068385034029011,-0.019121485,4.271773,220,-84.44,1041.506568711427,-76.0,250,23776220.0,93,-84.458984375
22904.261786699295,44.0,250.0,-0.33438224,96129.0,0.0041373189477717865,-0.007323214,4.279365,220,-84.38,1059.1536506295772,-76.0,250,24032220.0,94,-84.349609375
23151.91484260559,44.0,250.0,-0.3340655,97153.0,0.004037906967634467,0.006309202,4.2837186,220,-84.28,1033.7041837144236,-76.0,250,24288220.0,95,-84.30859375
23396.701982736588,44.0,250.0,-0.3336248,98177.0,0.0040851819236290545,0.010186442,4.2859206,220,-84.28,1045.806572449038,-72.0,250,24544220.0,96,-84.220703125
23643.286121845245,44.0,250.0,-0.33324713,99201.0,0.004055410877661307,-0.0129219545,4.2838564,220,-83.58,1038.1851846812947,-72.0,250,24800220.0,97,-84.095703125
23889.247954130173,44.0,250.0,-0.3332333,100225.0,0.00406567145280321,-0.021422302,4.269379,220,-84.06,1040.8118919176216,-76.0,250,25056220.0,98,-84.080078125
24137.23268890381,44.0,250.0,-0.33285904,101249.0,0.004032506278714352,0.034171022,4.280009,220,-83.88,1032.3216073508743,-72.0,250,25312220.0,99,-84.048828125
24383.935081720352,44.0,250.0,-0.3323907,102273.0,0.004053466967155177,0.055668082,4.296684,220,-83.54,1037.6875435917252,-72.0,250,25568220.0,100,-83.908203125
24630.41423726082,44.0,250.0,-0.33228445,103297.0,0.004057138210358005,0.09481346,4.3032765,220,-83.86,1038.6273818516495,-72.0,250,25824220.0,101,-83.921875
24875.91338443756,44.0,250.0,-0.3314888,104321.0,0.0040733339056370265,0.11057643,4.304615,220,-83.98,1042.7734798430788,-72.0,250,26080220.0,102,-83.66015625
25119.33402633667,44.0,250.0,-0.33060443,105345.0,0.004108115039867787,0.083704494,4.295771,220,-83.8,1051.6774502061535,-72.0,250,26336220.0,103,-83.5234375
25362.624068260193,44.0,250.0,-0.3292134,106369.0,0.004110320307784505,0.09998506,4.2914476,220,-82.84,1052.2419987928333,-68.0,250,26592220.0,104,-83.1015625
25603.95543527603,44.0,250.0,-0.3285446,107393.0,0.004143680170403915,0.06975796,4.2804937,220,-82.84,1060.7821236234024,-72.0,250,26848220.0,105,-83.01171875
25848.438707113266,44.0,250.0,-0.32639942,108417.0,0.004090259396830034,0.09896474,4.2795234,220,-82.08,1047.1064055884888,-72.0,250,27104220.0,106,-82.46875
26091.59091258049,44.0,250.0,-0.32505304,109441.0,0.004112650337999076,0.12064962,4.286474,220,-82.02,1052.8384865277635,-72.0,250,27360220.0,107,-82.171875
26334.9454164505,44.0,250.0,-0.32438973,110465.0,0.004109231528889876,0.09657517,4.282468,220,-81.28,1051.9632713958083,-68.0,250,27616220.0,108,-81.927734375
26578.975127458572,44.0,250.0,-0.32209662,111489.0,0.0040978616737653,0.11657971,4.2680926,220,-80.74,1049.052588483917,-72.0,250,27872220.0,109,-81.390625
26819.930352926254,44.0,250.0,-0.3223333,112513.0,0.004150148634706098,0.056824647,4.2373123,220,-81.64,1062.438050484761,-72.0,250,28128220.0,110,-81.359375
27064.583001613617,44.0,250.0,-0.31991506,113537.0,0.0040874276463603,0.08295178,4.255813,220,-80.64,1046.3814774682367,-72.0,250,28384220.0,111,-80.837890625
27309.291870594025,44.0,250.0,-0.3172756,114561.0,0.004086488586075986,0.069541216,4.2349524,220,-80.26,1046.1410780354524,-68.0,250,28640220.0,112,-80.30859375
27550.75152516365,44.0,250.0,-0.31417802,115585.0,0.004141478632454707,0.1256916,4.2574067,220,-79.28,1060.218529908405,-68.0,250,28896220.0,113,-79.388671875
27790.4244055748,44.0,250.0,-0.31107062,116609.0,0.004172353577444995,0.09181683,4.23427,220,-78.48,1068.1225158259185,-68.0,250,29152220.0,114,-78.716796875
28032.74500656128,44.0,250.0,-0.31085646,117633.0,0.004126764278105232,0.07057478,4.235894,220,-79.4,1056.4516551949393,-68.0,250,29408220.0,115,-78.51171875
28271.384613752365,44.0,250.0,-0.30831578,118657.0,0.0041904192341352215,0.15208113,4.244765,220,-77.64,1072.7473239386168,-68.0,250,29664220.0,116,-77.947265625
28510.97867012024,44.0,250.0,-0.30759916,119681.0,0.004173726239955611,0.13863744,4.258359,220,-77.14,1068.4739174286362,-68.0,250,29920220.0,117,-77.662109375
28754.884699821472,44.0,250.0,-0.30473,120705.0,0.004099939641610858,0.050593335,4.2191167,220,-76.92,1049.5845482523796,-68.0,250,30176220.0,118,-77.21484375
29000.150417089462,44.0,250.0,-0.30392987,121729.0,0.004077210672322981,0.031682916,4.2097454,220,-77.18,1043.765932114683,-68.0,250,30432220.0,119,-76.8125
29244.583765029907,44.0,250.0,-0.3029731,122753.0,0.00409109480529492,0.013631267,4.1843133,220,-76.12,1047.3202701554994,-68.0,250,30688220.0,120,-76.552734375
29486.064844846725,44.0,250.0,-0.3017404,123777.0,0.004141111182534781,-0.05745809,4.1508584,220,-76.24,1060.1244627289038,-68.0,250,30944220.0,121,-76.291015625
29729.116035461426,44.0,250.0,-0.30063537,124801.0,0.004114359602480868,-0.014248544,4.1620593,220,-75.84,1053.276058235102,-64.0,250,31200220.0,122,-76.044921875
29972.010235786438,44.0,250.0,-0.29904127,125825.0,0.004117018844673601,0.026269076,4.180314,220,-75.12,1053.956824236442,-68.0,250,31456220.0,123,-75.466796875
30216.599872112274,44.0,250.0,-0.29806444,126849.0,0.004088480669180214,0.08409127,4.202756,220,-75.68,1046.6510513101348,-64.0,250,31712220.0,124,-75.4765625
30461.636035203934,44.0,250.0,-0.29672956,127873.0,0.004081030274808599,0.11449337,4.204818,220,-75.32,1044.7437503510014,-64.0,250,31968220.0,125,-74.96875
30702.679951667786,44.0,250.0,-0.29597977,128897.0,0.004148621606677075,0.053213973,4.173286,220,-75.36,1062.0471313093312,-64.0,250,32224220.0,126,-74.857421875
30941.181326389313,44.0,250.0,-0.2954624,129921.0,0.00419284794969251,-0.03696278,4.137181,220,-74.84,1073.3690751212825,-64.0,250,32480220.0,127,-74.666015625
31182.241681575775,44.0,250.0,-0.29583597,130945.0,0.004148338698109404,0.016052658,4.1717734,220,-75.06,1061.9747067160074,-64.0,250,32736220.0,128,-74.759765625
31422.54610323906,44.0,250.0,-0.2941837,131969.0,0.004161388263596767,0.01585924,4.1720595,220,-74.16,1065.3153954807724,-64.0,250,32992220.0,129,-74.3203125
31662.483382463455,44.0,250.0,-0.29413766,132993.0,0.004167755853665296,0.014789559,4.199238,220,-74.68,1066.9454985383159,-64.0,250,33248220.0,130,-74.34375
31903.793429136276,44.0,250.0,-0.2936422,134017.0,0.004144046274856698,0.014532551,4.2007523,220,-74.2,1060.8758463633146,-64.0,250,33504220.0,131,-74.1796875
32143.47865128517,44.0,250.0,-0.29340804,135041.0,0.004172138736942189,-0.046043944,4.195057,220,-73.92,1068.0675166572005,-64.0,250,33760220.0,132,-74.19921875
32382.77304172516,44.0,250.0,-0.2922661,136065.0,0.004178952954815674,0.05020377,4.2375474,220,-74.28,1069.8119564328126,-64.0,250,34016220.0,133,-73.828125
32625.30210351944,44.0,250.0,-0.2923433,137089.0,0.004123217203751953,0.0599156,4.2452083,220,-74.04,1055.5436041605,-64.0,250,34272220.0,134,-73.865234375
32869.12704253197,44.0,250.0,-0.29199108,138113.0,0.004101303189287873,0.053216778,4.223221,220,-73.84,1049.9336164576955,-64.0,250,34528220.0,135,-73.80078125
33109.74450993538,44.0,250.0,-0.29151025,139137.0,0.004155974255698696,0.036878493,4.2151575,220,-73.8,1063.9294094588663,-64.0,250,34784220.0,136,-73.6875
33352.200613737106,105.6,250.0,-0.2894615,140162.0,0.004124457929992009,0.05498707,4.2852244,76,-73.4,1055.8612300779546,105.6,76,35040296.0,137,-73.04429268292682
33597.65274167061,105.6,250.0,-0.28891307,141186.0,0.004074114200675904,0.047407493,4.238433,76,-73.28,1042.9732353730315,-64.0,250,35296296.0,138,-73.07421875
33843.26087617874,105.6,250.0,-0.28931883,142210.0,0.004071526384916565,0.045813672,4.245244,76,-73.42,1042.3107545386408,-64.0,250,35552296.0,139,-73.103515625
34088.79628419876,105.6,250.0,-0.28723034,143234.0,0.004072732352795593,0.0952986,4.269833,76,-72.52,1042.6194823156718,-64.0,250,35808296.0,140,-72.59375
34331.54252243042,105.6,250.0,-0.28691503,144258.0,0.004119528307770003,0.10989795,4.281219,76,-72.08,1054.5992467891208,-64.0,250,36064296.0,141,-72.53515625
34571.2397248745,105.6,250.0,-0.28535074,145283.0,0.0041719302094621186,0.11120312,4.3456306,76,-72.36,1068.0141336223023,100.2,90,36320386.0,142,-72.02321951219513
34815.881264448166,110.8,248.19,-0.2841463,146309.0,0.004087613255470328,0.12974836,4.431237,63,-70.63600000000001,1046.428993400404,110.8,63,36576518.0,143,-71.73372319688109
35061.88336992264,110.8,250.0,-0.28569433,147333.0,0.004065005858674536,0.10521065,4.2940693,63,-71.92,1040.6414998206812,-64.0,250,36832518.0,144,-72.2109375
35307.85956645012,110.8,250.0,-0.28355122,148358.0,0.00406543403027324,0.04028275,4.3157825,63,-71.8,1040.7511117499496,104.4,79,37088597.0,145,-71.67180487804879
35554.37355923653,110.8,250.0,-0.28228238,149384.0,0.004056564857421509,0.1372178,4.428718,63,-71.52,1038.4806034999065,108.7,69,37344747.0,146,-71.22748538011696
35800.97334814072,110.8,250.0,-0.28063276,150411.0,0.004055153511865024,0.181608,4.5180182,63,-70.8,1038.1192990374461,109.8,66,37600967.0,147,-70.76066212268744
36046.58194899559,110.8,250.0,-0.28017756,151438.0,0.00407151865414878,0.079191625,4.4840426,63,-70.8,1042.3087754620876,109.9,66,37857180.0,148,-70.69756572541382
36292.394235134125,110.8,250.0,-0.2799769,152463.0,0.004068144907274575,0.058833178,4.361051,63,-71.12,1041.4450962622914,105.5,77,38113257.0,149,-70.78878048780487
36538.02079510689,110.8,250.0,-0.27876106,153488.0,0.004071220962875055,0.035470333,4.3532863,63,-70.24,1042.2325664960142,109.6,66,38369323.0,150,-70.40624390243902
36786.23981618881,110.8,248.19,-0.27738115,154515.0,0.004028700119923328,0.0546112,4.479308,63,-69.63600000000001,1031.347230700372,109.9,66,38625553.0,151,-69.91178188899707
37029.27462911606,110.8,250.0,-0.27561224,155543.0,0.004114636861918855,0.092175454,4.5787735,63,-70.48,1053.347036651227,109.5,67,38881848.0,152,-69.61994163424123
37274.298904418945,110.8,250.0,-0.27312085,156575.0,0.004081228273255167,0.009349975,4.7738705,63,-70.44,1044.7944379533228,110.4,64,39138420.0,153,-68.69350775193799
37518.550564050674,110.8,250.0,-0.27481148,157601.0,0.004094137994835948,-0.017473714,4.412547,63,-69.36,1048.0993266780029,107.1,73,39394579.0,154,-69.414522417154
37764.67734360695,110.8,250.0,-0.26870292,158636.0,0.004062946753712999,0.07212813,4.9412045,63,-69.76,1040.1143689505277,110.3,65,39651397.0,155,-67.41739130434783
38007.77939605713,111.5,244.81,-0.26654196,159673.0,0.004113498795757532,0.31288078,5.160308,62,-63.721000000000004,1053.0556917139281,111.5,62,39908354.0,156,-67.02237222757955
38254.93212866783,111.5,246.4,-0.26087213,160715.0,0.004046081099071355,0.2764029,5.4675965,62,-64.837,1035.796761362267,111.1,63,40165405.0,157,-65.18714011516315
38500.022086143494,111.5,248.34,-0.2541873,161767.0,0.004080134536313269,0.34743115,5.8978252,62,-65.97399999999999,1044.514441296197,111.5,62,40423353.0,158,-63.36235741444867
38744.00096464157,112.0,240.18,-0.24521048,162832.0,0.00409871545502608,0.26135418,6.490642,60,-57.93899999999999,1049.2711564866765,112.0,60,40681594.0,159,-60.443380281690146
38986.06132483482,112.0,232.93,-0.22193441,163939.0,0.004131200991362794,0.63159114,7.9025626,60,-51.275,1057.5874537888753,111.5,62,40942119.0,160,-53.389430894308944
39228.88429927826,112.0,214.56,-0.19997118,165071.0,0.004118226466387944,0.72711635,8.893132,60,-32.988,1054.2659753953135,111.1,63,41201212.0,161,-46.79726148409894
39471.76078462601,112.3,215.53,-0.16434596,166242.0,0.004117319132678535,0.8928195,10.106986,60,-33.17,1054.033697965705,112.3,60,41457276.0,162,-36.79709649871904
39713.54510784149,112.3,202.1,-0.083502054,167527.0,0.004135917443699497,1.7643706,12.156068,60,-20.022999999999996,1058.7948655870712,112.3,60,41712763.0,163,-17.158599221789885
39956.69258141518,112.3,205.44,0.0054256422,168934.0,0.004112730374296711,1.9700408,12.993693,60,-22.848000000000003,1052.8589758199582,111.9,61,41968420.0,164,0.4571428571428565
40201.09343242645,112.3,156.34,0.09956452,170487.0,0.004091638780561618,2.6535769,13.752361,60,24.754,1047.4595278237741,111.6,61,42226640.0,165,15.267868641339343
40445.03296542168,112.3,157.49,0.18196015,172130.0,0.004099376545168587,1.6563742,13.559838,60,26.22,1049.4403955631583,112.1,60,42483261.0,166,27.53043213633597
40688.42203903198,112.3,162.39,0.24091917,173858.0,0.00410864787464172,1.1411657,13.718762,60,21.739,1051.8138559082804,111.9,61,42739558.0,167,34.88929398148148
40933.550800323486,112.3,127.38,0.35500836,175762.0,0.004079488652132555,0.9169688,13.522355,60,53.99800000000001,1044.349094945934,111.9,61,42996042.0,168,46.944117647058825
41177.93993139267,112.4,135.26,0.46904933,177845.0,0.004091834999474314,1.4436107,13.218882,59,45.335,1047.5097598654245,112.4,59,43253808.0,169,56.75295247239558
41422.188747406006,112.4,113.39,0.6090319,180122.0,0.0040941856600254685,1.6084225,13.334791,59,67.917,1048.11152896652,112.3,60,43511213.0,170,67.68190601668863
41663.343495607376,112.4,109.11,0.68489194,182496.0,0.004146714951533839,1.0763339,12.863024,59,70.725,1061.5590275926627,112.3,60,43764375.0,171,73.60046335299073
41906.60389471054,112.4,101.51,0.76687384,185014.0,0.004110821176347361,1.2514226,12.545961,59,77.88,1052.3702211449245,112.3,60,44022693.0,172,77.04575059571089
42150.11614561081,112.4,105.77,0.8694643,187682.0,0.00410656957217957,1.3291914,12.4200945,59,72.932,1051.2818104779699,112.4,59,44278890.0,173,82.75412293853073
42392.66457939148,112.7,98.15,0.93639195,190455.0,0.004122887888463021,0.97618824,11.998466,59,80.094,1055.4592994465334,112.7,59,44535519.0,174,85.71298232960692
42636.19767189026,112.7,84.77,0.9827401,193299.0,0.004106218131340867,0.31498495,11.758855,59,92.79299999999999,1051.191841623262,112.7,59,44791877.0,175,87.74690576652603
42880.857508420944,113.1,92.2,1.0636392,196265.0,0.004087307562124441,0.59551704,11.567648,58,85.72200000000001,1046.3507359038567,113.1,58,45048076.0,176,91.28432231962238
43125.83870053291,113.1,77.4,1.1461972,199358.0,0.004081946011361348,1.2095326,10.6991005,58,98.965,1044.978178908505,112.7,59,45304510.0,177,94.17795021015196
43368.6838593483,113.1,81.47,1.2065257,202543.0,0.004117850258485991,0.2637381,10.43824,58,95.491,1054.1696661724136,112.7,59,45559969.0,178,96.46653061224491
43611.754199028015,113.1,92.32,1.2824074,205848.0,0.004114035473508004,0.3813989,9.596041,58,84.57,1053.193081218049,113.1,58,45817045.0,179,98.5694099848714
43856.252838134766,113.5,84.51,1.3210461,209217.0,0.004090002315159678,0.10051342,9.336507,57,92.08200000000001,1047.0405926808776,113.5,57,46073985.0,180,99.81923419412287
44101.29634356499,113.5,74.29,1.3211507,212578.0,0.004080907993232897,-0.18537696,9.544143,57,101.38200000000002,1044.7124462676218,113.1,58,46329235.0,181,100.03867896459387
44343.01095247269,113.6,69.92,1.391816,216054.0,0.004137110307560504,0.7517292,9.094861,56,105.086,1059.100238735489,113.6,56,46585411.0,182,101.92192174913693
44586.34589123726,113.6,70.33,1.419113,219576.0,0.004109561927592755,0.53900737,8.841464,56,105.05699999999999,1052.0478534637452,113.1,58,46842329.0,183,102.49687677455991
44831.49099230766,113.6,73.35,1.4647219,223165.0,0.004079216739937244,0.6508055,8.654385,56,101.558,1044.2794854239346,113.1,58,47098698.0,184,103.82730565617162
45076.95930480957,113.6,71.47,1.4883094,226796.0,0.004073845580342391,0.64727175,8.140877,56,103.406,1042.904468567652,113.5,57,47355267.0,185,104.3643348939686
45316.21211719513,113.6,69.28,1.4684888,230385.0,0.004179679185498922,0.5138441,8.753264,56,105.37100000000001,1069.997871487724,113.1,58,47608805.0,186,104.34895514070773
45558.06740474701,113.6,67.5,1.5542973,234121.0,0.004134703897203372,0.8412277,7.7993364,56,107.191,1058.4841976840632,113.1,58,47866877.0,187,105.6912205567452
45801.65542292595,113.6,68.56,1.5686164,237875.0,0.0041052922367692144,-0.026717182,7.6725926,56,105.76899999999999,1050.9548126129189,113.2,57,48123135.0,188,106.37128396377197
46049.22429680824,113.6,63.55,1.5722473,241634.0,0.004039279996383749,0.40339798,7.4863253,56,110.855,1034.0556790742396,113.2,57,48378121.0,189,106.61673317371643
46293.03916311264,113.6,68.63,1.5954227,245435.0,0.00410147262616678,0.5032853,7.138465,56,105.545,1049.9769922986957,113.2,57,48634708.0,190,106.82488818731913
46534.51904582977,113.6,73.64,1.6122726,249265.0,0.004141131711461825,0.21455428,6.9883666,56,100.53699999999999,1060.1297181342272,113.6,56,48891619.0,191,107.12947780678851
46780.97653269768,113.6,65.05,1.6212718,253108.0,0.004057494916094702,0.47398594,7.0316987,56,109.25699999999999,1038.7186985202438,113.5,57,49147241.0,192,107.44996096799375
47024.58545947075,113.6,69.67,1.6212361,256950.0,0.004104939885604146,0.45208055,7.0481415,56,105.352,1050.8646107146612,113.5,57,49402753.0,193,107.39416970327954
47270.694123506546,113.6,65.98,1.6654435,260871.0,0.00406324581833717,0.6246942,6.3255877,56,107.801,1040.1909294943155,113.5,57,49659430.0,194,108.23289977046672
47518.35334968567,113.6,63.88,1.7001708,264839.0,0.004037806365738769,0.99856687,5.9439034,56,109.64099999999999,1033.6784296291248,113.5,57,49915783.0,195,108.99460685483871
47766.0970954895,113.9,61.64,1.6952374,268805.0,0.0040364288380131865,0.6669819,6.2167134,56,111.62999999999998,1033.3257825313758,113.9,56,50171766.0,196,108.97193645990923
48012.2674305439,113.9,65.79,1.6737552,272741.0,0.004062227886958941,0.46154776,6.362978,56,107.84199999999997,1039.930339061489,113.9,56,50427600.0,197,108.33600101626017
48260.31787419319,113.9,63.44,1.7158008,276736.0,0.004031438062710574,0.26043704,6.0477815,56,109.87499999999999,1032.0481440539068,113.9,56,50683260.0,198,109.31704630788485
48507.381667137146,113.9,61.78,1.7301911,280758.0,0.004047537634245121,0.4180578,5.5722666,56,111.57600000000001,1036.169634366751,113.6,56,50939102.0,199,109.59835902536051
48753.87961745262,113.9,60.99,1.7572398,284825.0,0.004056828864987194,0.6641747,5.7670116,56,111.88099999999999,1038.5481894367215,113.5,57,51195521.0,200,110.09476272436686
49000.78024935722,114.3,62.94,1.7482332,288876.0,0.004050212396322995,0.5114305,5.5053964,55,110.01799999999999,1036.8543734586867,114.3,55,51450670.0,201,109.98570723278203
49246.68793487549,114.3,65.11,1.7602125,292950.0,0.004066566678843086,0.22454855,5.447572,55,108.12100000000002,1041.04106978383,113.9,56,51707382.0,202,110.00029455081001
49493.596170425415,114.3,62.4,1.7297555,296978.0,0.004050087668289996,0.3070859,5.884798,55,110.23800000000001,1036.822443082239,113.9,56,51963320.0,203,109.33190168818273
49739.50951719284,114.3,63.4,1.7448676,301033.0,0.004066473061121639,0.220866,5.658083,55,109.84000000000002,1041.0171036471395,113.9,56,52219312.0,204,109.66007398273736
49985.30616593361,114.3,62.13,1.7947732,305162.0,0.004068403719591225,0.07004365,4.8010206,55,110.42399999999999,1041.5113522153536,113.9,56,52475561.0,205,110.5981351416808
50225.14463877678,114.3,63.05,1.7680554,309253.0,0.004169472846226376,-0.11047321,5.1613216,55,109.97900000000001,1067.3850486339522,113.9,56,52731773.0,206,110.05076998288929
50471.30718922615,114.3,64.8,1.7956212,313389.0,0.0040623563502023095,0.05459029,4.8247356,55,108.27700000000003,1039.9632256517912,113.9,56,52987608.0,207,110.708583172147
50717.104159116745,114.3,60.63,1.7839068,317506.0,0.00406839840395553,0.031615764,5.114212,55,112.01900000000003,1041.5099914126156,114.0,55,53243648.0,208,110.3142822443527
50963.404210567474,114.3,62.21,1.8142071,321669.0,0.0040600884738347005,-0.06163411,4.7879615,55,110.323,1039.3826493016834,113.9,56,53499206.0,209,111.01044919529186
51205.18406009674,114.3,61.54,1.8244783,325853.0,0.004135993971155791,-0.14706601,4.7587495,55,110.62100000000002,1058.8144566158826,113.9,56,53755342.0,210,111.12619502868068
51445.609884262085,114.3,59.57,1.8060145,330016.0,0.004159286979556264,0.0812057,4.95055,55,112.45700000000001,1064.7774667664034,114.3,55,54012366.0,211,110.52834494355032
51689.34849476814,114.3,65.92,1.8180367,334187.0,0.004102755808461239,0.046211522,4.868292,55,106.65799999999999,1050.3054869660773,113.9,56,54267662.0,212,110.94519299928074
51933.253459215164,114.3,60.11,1.8319521,338390.0,0.0040999575480851255,-0.56117207,4.778218,55,112.235,1049.5891323097921,114.0,55,54523940.0,213,111.15638829407565
52178.35065841675,114.3,59.59,1.8456454,342612.0,0.004080013983258679,-0.12029005,4.462566,55,112.42800000000001,1044.4835797142218,114.2,55,54780243.0,214,111.30502131691142
52421.232189655304,114.3,59.19,1.8506,346841.0,0.004117233594915908,-0.18264827,4.2142005,55,112.60300000000001,1054.0118002984725,114.0,55,55036012.0,215,111.47751241428234
52662.49778366089,114.3,59.94,1.830934,351044.0,0.004144809806477638,-0.14414099,4.6156344,55,112.3,1061.0713104582753,114.3,55,55291725.0,216,111.03792529145849
52906.125685453415,114.3,59.23,1.8579204,355287.0,0.0041046201713447455,-0.10325024,4.274259,55,112.59800000000001,1050.782763864255,114.3,55,55547678.0,217,111.4839028988923
53147.6280913353,114.3,59.47,1.8456072,359512.0,0.004140745498366165,-0.3604389,4.660541,55,112.48,1060.030847581738,114.2,55,55803652.0,218,111.30515976331363
53395.892716646194,114.3,60.73,1.8547655,363752.0,0.004027960079885388,-0.034595687,4.3292003,55,110.90899999999999,1031.1577804506594,114.2,55,56059531.0,219,111.44801886792452
53634.979550123215,114.3,59.27,1.8844672,368041.0,0.004182580803204768,0.13548845,3.7696867,55,112.55900000000001,1070.7406856204207,114.3,55,56315446.0,220,112.0094194450921
53876.83913707733,114.3,60.93,1.8475043,372273.0,0.004134630396891027,-0.120494105,4.5401316,55,110.816,1058.465381604103,114.3,55,56571793.0,221,111.13511342155009
54120.98951005936,114.3,61.59,1.8794963,376550.0,0.004095836462529681,-0.0874744,4.2107797,55,110.625,1048.5341344075982,114.2,55,56827648.0,222,111.87049333645078
54363.539081573486,114.3,58.39,1.8885188,380847.0,0.004122868549127679,0.26872912,3.9565306,55,112.917,1055.454348576686,114.3,55,57084016.0,223,111.95696997905516
54606.451261758804,114.3,58.34,1.8811648,385134.0,0.004116714111400667,0.1402627,3.9993641,55,112.931,1053.8788125185706,114.2,55,57340195.0,224,111.84718917658036
54850.619980335236,114.3,60.18,1.8794081,389417.0,0.00409552872223054,0.2751791,4.2883873,55,111.123,1048.4553528910183,114.3,55,57596145.0,225,111.8185384076582
55092.461235523224,114.3,62.45,1.89216,393723.0,0.004134943805277057,0.16958238,3.835894,55,109.08000000000004,1058.5456141509264,114.3,55,57852217.0,226,112.0093590339062
55334.111156225204,114.3,60.86,1.9044578,398042.0,0.004138217786685183,-0.06556078,3.5470836,55,110.83500000000002,1059.3837533914068,114.3,55,58107831.0,227,112.22062977541098
55576.581087589264,114.3,58.02,1.9151027,402387.0,0.004124222720624842,-0.1333314,3.487666,55,113.069,1055.8010164799596,114.3,55,58364115.0,228,112.40506329113924
55817.82144498825,114.6,62.18,1.8880363,406681.0,0.0041452434028113406,-0.3186007,3.9368746,54,109.26100000000002,1061.1823111197032,114.6,54,58619169.0,229,112.0283185840708
56058.97613143921,114.6,62.13,1.8961179,410997.0,0.004146716013347566,0.0016097854,4.029775,54,109.20900000000002,1061.559299416977,114.3,55,58875618.0,230,111.95257182576461
56305.12688589096,114.6,58.64,1.9176285,415345.0,0.0040625510258024055,0.04229893,3.4137177,54,112.804,1040.0130626054158,114.3,55,59132393.0,231,112.24500919963202
56548.372297525406,114.6,57.92,1.8976141,419661.0,0.004111074462949472,-0.018245013,3.8529356,54,113.08900000000001,1052.4350625150648,114.6,54,59387671.0,232,112.12937905468027
56789.17483782768,114.6,58.07,1.9218292,424016.0,0.004152780110810756,-0.15770018,3.545885,54,113.01599999999999,1063.1117083675538,114.6,54,59643931.0,233,112.37044776119404
57028.69697833061,114.6,58.24,1.910418,428358.0,0.0041749793897978655,-0.3917211,3.856934,54,112.95900000000002,1068.7947237882536,114.6,54,59900373.0,234,112.13222017503456
57270.45639514923,114.7,58.87,1.9171896,432707.0,0.004136343531760978,-0.47396433,3.837119,54,112.70299999999999,1058.9039441308105,114.7,54,60156099.0,235,112.33115658772132
57520.487975120544,114.7,59.84,1.9240295,437069.0,0.0039994947842777765,-0.21749914,3.3972306,54,111.18699999999998,1023.8706647751108,114.6,54,60411987.0,236,112.35178817056396
57764.11778616905,114.7,57.84,1.9277947,441437.0,0.00410458800463009,-0.113370344,3.6741228,54,113.124,1050.774529185303,114.3,55,60668079.0,237,112.41456043956045
58010.68491125107,114.7,59.47,1.9131318,445783.0,0.0040556907157325555,-0.0006730628,4.0005546,54,111.37,1038.2568232275341,114.6,54,60924217.0,238,112.14052001840773
58256.59020447731,114.7,61.61,1.921205,450139.0,0.004066606240476339,-0.021176921,3.8229067,54,109.46700000000003,1041.051197561943,114.4,54,61179698.0,239,112.35061983471076
58502.53902101517,114.7,57.53,1.9414837,454533.0,0.004065886610379674,0.14843678,3.4737797,54,113.22600000000003,1040.8669722571967,114.6,54,61435843.0,240,112.63757396449704
58748.21522974968,114.7,60.0,1.9385898,458919.0,0.004070398208890632,0.040838026,3.6230526,54,111.148,1042.0219414760018,114.6,54,61691596.0,241,112.58132694938442
58991.41157770157,114.7,59.1,1.931262,463299.0,0.0041119038522643755,0.106146455,3.6317441,54,111.493,1052.64738617968,114.6,54,61947995.0,242,112.33794520547944
59234.45650935173,114.7,57.22,1.961411,467725.0,0.004114465556679032,0.20920925,3.250808,54,113.34800000000001,1053.3031825098321,114.6,54,62204527.0,243,112.84557162223227
59478.18086409569,114.7,59.76,1.9298623,472101.0,0.004102995784112512,-0.17227872,3.6898596,54,111.24600000000002,1050.366920732803,114.6,54,62460064.0,244,112.39844606946983
59723.6045320034,114.7,59.09,1.9407971,476496.0,0.004074586646533308,-0.31897095,3.8035607,54,111.502,1043.0941815125268,114.6,54,62716160.0,245,112.54075085324233
