serial_timesteps,nupdates,clipfrac,policy_loss,eprewmean,eplenmean,policy_entropy,value_loss,curbestlen,time_elapsed,approxkl,explained_variance,curbestrew,total_timesteps,epbestrew,epbestlen,fps
2048,1,0.088609695,-0.004048911,-77.01799999999997,995.14,1.3745545,21.463964,648,58.30424475669861,0.011445525,0.0011590123176574707,55.4,131072,55.4,648,2248
4096,2,0.0,-0.00018936947,-80.10099999999997,1000.0,1.3742576,25.69102,1000,112.6115357875824,0.00079628156,0.0018170475959777832,-79.9,262144,55.4,648,2414
6144,3,0.0,-0.0005892721,-79.58999999999997,998.87,1.3777573,23.10527,887,167.3759593963623,0.0022406413,0.003292560577392578,31.5,393216,55.4,648,2393
8192,4,0.01937294,-0.0010757834,-73.04199999999997,987.46,1.3701904,26.050964,591,223.25018501281738,0.0040081036,0.0033056139945983887,61.1,524288,61.1,591,2345
10240,5,0.0,-0.00022925188,-77.70899999999997,998.11,1.3703941,20.932583,855,278.6279294490814,0.0026675742,0.008915364742279053,34.7,655360,61.1,591,2367
12288,6,0.0068206787,-0.0006741739,-68.71499999999997,978.24,1.365841,26.587551,465,334.69944286346436,0.0035004532,0.005781710147857666,73.7,786432,73.7,465,2337
14336,7,0.044841766,-0.0012436297,-75.41899999999998,993.22,1.3723538,20.28052,545,388.3118076324463,0.006890339,0.011753499507904053,65.7,917504,73.7,465,2444
16384,8,0.0,-0.000630511,-75.24499999999998,993.49,1.3678405,25.226227,761,444.66667580604553,0.0021596083,0.007492005825042725,44.1,1048576,73.7,465,2325
18432,9,0.0,-0.0002941749,-71.48099999999998,985.88,1.3703873,23.344744,654,499.3549952507019,0.0015807546,0.009661495685577393,54.8,1179648,73.7,465,2396
20480,10,0.0,-0.00027503137,-71.61399999999998,985.2,1.3774648,22.974989,555,554.9874258041382,0.0014151144,0.01036924123764038,64.7,1310720,73.7,465,2356
22528,11,0.0043697357,-0.0010385823,-68.51499999999999,982.23,1.3757913,25.060268,526,610.7805588245392,0.005293129,0.007792949676513672,67.6,1441792,73.7,465,2350
24576,12,0.02835083,-0.0013649391,-74.19699999999997,984.98,1.3684283,19.322372,514,665.5597608089447,0.004490187,0.017354965209960938,68.8,1572864,73.7,465,2392
26624,13,0.0,-0.00015968793,-73.12699999999997,988.31,1.3701147,23.177479,588,721.1152112483978,0.00036627715,0.012080013751983643,61.4,1703936,73.7,465,2359
28672,14,1.1444092e-05,-0.00035734384,-76.21999999999997,993.23,1.369056,23.221296,452,776.7260694503784,0.0016452915,0.01329958438873291,75.0,1835008,75.0,452,2357
30720,15,0.0,-0.00029870766,-75.04999999999997,991.54,1.3728766,23.057709,646,832.4009499549866,0.0014768821,0.014008045196533203,55.6,1966080,75.0,452,2354
32768,16,0.02248764,-0.0015127363,-80.30199999999996,1000.0,1.3704576,22.608498,1000,887.3961608409882,0.004283416,0.013744056224822998,-79.9,2097152,75.0,452,2383
34816,17,0.0,-0.00042751152,-75.19699999999997,988.99,1.376501,20.363264,374,942.7141356468201,0.002402455,0.019474446773529053,82.8,2228224,82.8,374,2369
36864,18,0.015636444,-0.0013402093,-76.93099999999998,992.3,1.3719379,18.778687,390,999.5158770084381,0.007006995,0.0221061110496521,81.2,2359296,82.8,374,2307
38912,19,0.014482498,-0.00069805107,-72.84799999999997,987.53,1.3738009,24.642788,483,1054.8650624752045,0.004547272,0.01807647943496704,71.9,2490368,82.8,374,2368
40960,20,0.037395477,-0.0011478582,-76.47999999999998,995.79,1.3758825,19.831415,824,1110.8539490699768,0.0052076615,0.022132039070129395,37.8,2621440,82.8,374,2341
43008,21,0.014291763,-0.0006482463,-75.85899999999997,995.61,1.3644742,21.334713,695,1165.872178554535,0.0067568836,0.021492600440979004,50.7,2752512,82.8,374,2383
45056,22,0.06708336,-0.002401763,-71.54499999999999,986.52,1.3747159,28.738058,647,1221.9476323127747,0.009123228,0.013703405857086182,55.5,2883584,82.8,374,2337
47104,23,0.0007266998,-0.0005370501,-75.37999999999997,990.82,1.371594,21.01279,599,1276.7004420757294,0.0034362888,0.020366430282592773,60.3,3014656,82.8,374,2393
49152,24,0.052106857,-0.000855951,-72.34899999999998,982.54,1.3689598,27.199457,267,1331.0270702838898,0.004219003,0.015159666538238525,93.5,3145728,93.5,267,2412
51200,25,0.034181595,-0.0011111371,-75.26699999999997,993.71,1.3697422,26.511435,586,1385.7420451641083,0.004907469,0.01790863275527954,61.6,3276800,93.5,267,2395
53248,26,0.0045757294,-0.0003788199,-76.01699999999997,991.2,1.3716408,23.230923,504,1441.4431056976318,0.0023873828,0.021810412406921387,69.8,3407872,93.5,267,2353
55296,27,0.009822845,-0.000565887,-68.08199999999998,981.92,1.3697637,26.793787,488,1496.0432605743408,0.0042121317,0.01891803741455078,71.4,3538944,93.5,267,2400
57344,28,0.0060272217,-0.00019086596,-71.50299999999997,986.1,1.3641176,24.045288,682,1551.7239122390747,0.0039300155,0.021400749683380127,52.0,3670016,93.5,267,2354
59392,29,0.0,-5.6849807e-05,-73.93199999999999,990.37,1.370633,24.166777,572,1606.322535276413,0.00058762706,0.022289276123046875,63.0,3801088,93.5,267,2400
61440,30,0.010540009,-0.0004973343,-71.63499999999998,987.42,1.371654,23.42253,701,1661.1427721977234,0.0034568962,0.022533178329467773,50.1,3932160,93.5,267,2391
63488,31,0.018714905,-0.00050846476,-76.40799999999997,995.11,1.3695998,18.416557,666,1716.3676195144653,0.003318058,0.03619050979614258,53.6,4063232,93.5,267,2374
65536,32,0.016672134,-0.0004697385,-72.65699999999998,985.62,1.3666489,21.010267,504,1770.5199406147003,0.004598772,0.02776169776916504,69.8,4194304,93.5,267,2420
67584,33,0.0,-0.00010413673,-72.49599999999997,986.02,1.3624058,20.23816,609,1826.1522371768951,0.0012637656,0.02928215265274048,59.3,4325376,93.5,267,2356
69632,34,0.035978317,-0.00094636367,-73.56299999999997,984.67,1.3603165,26.899733,378,1880.1806240081787,0.0056136716,0.02286708354949951,82.4,4456448,93.5,267,2426
71680,35,0.0016288757,-0.00023272677,-73.73699999999997,986.41,1.3521854,19.648335,536,1935.1908390522003,0.0021004002,0.03451186418533325,66.6,4587520,93.5,267,2382
73728,36,0.03361702,-0.00071952824,-71.88199999999998,979.88,1.35196,30.497305,297,1990.482049703598,0.0061904397,0.020008206367492676,90.5,4718592,93.5,267,2370
75776,37,0.0,-0.00022318203,-72.07199999999997,981.78,1.3570329,22.676218,306,2046.243840932846,0.0008932658,0.028957903385162354,89.6,4849664,93.5,267,2350
77824,38,0.0038642883,-0.00043218763,-77.25099999999996,993.53,1.3582902,19.25599,610,2101.362391471863,0.0041173953,0.038207948207855225,59.2,4980736,93.5,267,2378
79872,39,0.016202927,-0.00044431456,-69.40499999999999,975.13,1.3581419,26.368498,452,2155.7174746990204,0.0029178471,0.02839607000350952,75.0,5111808,93.5,267,2411
81920,40,0.005590439,-0.00022070574,-76.11899999999997,992.22,1.35694,21.499424,602,2209.3151762485504,0.002954859,0.03806507587432861,60.0,5242880,93.5,267,2445
83968,41,0.0,-5.36365e-05,-73.54199999999997,986.47,1.3552381,21.807058,672,2263.706090450287,0.0007498271,0.03815269470214844,53.0,5373952,93.5,267,2410
86016,42,0.0011539459,-0.00014568347,-72.21399999999998,983.2,1.3552761,20.699211,430,2317.7171535491943,0.002489919,0.0397181510925293,77.2,5505024,93.5,267,2426
88064,43,0.0050849915,-0.00023924424,-76.56799999999997,986.7,1.359186,21.007303,310,2371.580701828003,0.002328494,0.043866872787475586,89.2,5636096,93.5,267,2433
90112,44,0.013515472,-0.00030985018,-74.46499999999997,983.68,1.3594369,21.61037,233,2425.3278663158417,0.0033585245,0.0428432822227478,96.9,5767168,96.9,233,2438
92160,45,0.044534683,-8.461569e-05,-65.79499999999999,969.06,1.3540959,34.21656,453,2478.8645253181458,0.0037152611,0.023196518421173096,74.9,5898240,96.9,233,2448
94208,46,0.0066547394,-0.00011271125,-69.41299999999997,975.21,1.3591086,26.539227,347,2532.4725680351257,0.003318753,0.032802462577819824,85.5,6029312,96.9,233,2445
96256,47,0.009206772,-0.00023114259,-72.27199999999998,983.78,1.3569406,33.902973,561,2585.928341627121,0.0031051112,0.02624887228012085,64.1,6160384,96.9,233,2452
98304,48,0.04531479,-0.00096375693,-67.06699999999998,971.77,1.3543723,33.261642,474,2639.6724243164062,0.005221124,0.028696298599243164,72.8,6291456,96.9,233,2438
100352,49,0.048662186,0.00021726392,-72.01099999999998,981.17,1.352363,29.586243,502,2693.5018453598022,0.0050502885,0.03374779224395752,70.0,6422528,96.9,233,2435
102400,50,0.05142212,-0.0017988298,-64.26199999999999,973.75,1.354085,27.587906,534,2746.733042240143,0.009511217,0.030904173851013184,66.8,6553600,96.9,233,2462
104448,51,0.043418884,-0.0010209908,-64.44599999999997,965.58,1.3525885,28.183235,226,2800.2609252929688,0.0059098005,0.03634798526763916,97.6,6684672,97.6,226,2449
106496,52,0.045118332,-3.4530916e-05,-71.11799999999998,982.25,1.3497297,23.727125,306,2853.6019604206085,0.0033140935,0.04819536209106445,89.6,6815744,97.6,226,2457
108544,53,0.0022735596,-0.0002549888,-73.09999999999997,990.05,1.34657,27.334831,718,2907.0628316402435,0.0025123847,0.04036545753479004,48.4,6946816,97.6,226,2451
110592,54,0.019527435,-0.0003008058,-65.45499999999998,965.66,1.341735,31.40517,314,2960.3430161476135,0.0032174562,0.037862181663513184,88.8,7077888,97.6,226,2460
112640,55,0.005716324,-5.4668955e-05,-63.49799999999998,966.11,1.339467,38.3272,311,3013.464652299881,0.002498093,0.031734347343444824,89.1,7208960,97.6,226,2467
114688,56,0.00872612,-6.1819876e-05,-68.24599999999998,973.55,1.3275026,29.58476,414,3066.882976770401,0.003022872,0.043598830699920654,78.8,7340032,97.6,226,2453
116736,57,0.0038490295,-0.00017681289,-72.58799999999998,986.94,1.3335638,27.667831,472,3120.3318848609924,0.0025557186,0.048205554485321045,73.0,7471104,97.6,226,2452
118784,58,0.00063705444,-0.000119237346,-75.78899999999997,988.92,1.3391647,18.952106,466,3175.3873784542084,0.0021096605,0.08161807060241699,73.6,7602176,97.6,226,2380
120832,59,0.019536972,-0.00038374992,-73.29899999999999,992.04,1.3368226,23.997969,762,3229.657799243927,0.0037060294,0.066925048828125,44.0,7733248,97.6,226,2415
122880,60,0.020612717,0.00017725524,-68.31599999999997,972.24,1.3347217,21.611572,216,3283.7514131069183,0.0037955104,0.07435280084609985,98.6,7864320,98.6,216,2423
124928,61,0.012981415,-0.0005139789,-70.22099999999996,973.28,1.3425845,20.729326,198,3338.044926404953,0.007317209,0.07972174882888794,100.4,7995392,100.4,198,2415
126976,62,0.03341484,-0.001054611,-68.37899999999998,974.88,1.3408444,33.218437,275,3391.579929113388,0.007788697,0.051297783851623535,92.7,8126464,100.4,198,2448
129024,63,0.017303467,-0.0004010921,-71.98299999999998,980.89,1.3438438,27.268528,406,3444.9080035686493,0.004867067,0.06389480829238892,79.6,8257536,100.4,198,2458
131072,64,0.0072898865,-0.0002449887,-61.83699999999998,949.5,1.3395295,45.51247,262,3499.1547758579254,0.0039332653,0.03806579113006592,94.0,8388608,100.4,198,2416
133120,65,0.032510757,-0.0006989495,-58.13599999999999,942.52,1.3396622,44.287308,181,3552.685019016266,0.0052695256,0.03754693269729614,102.1,8519680,102.1,181,2448
135168,66,0.038244247,-0.00013589246,-54.56199999999998,926.8,1.32407,43.93154,302,3605.3321962356567,0.0042261058,0.03917592763900757,90.0,8650752,102.1,181,2489
137216,67,0.07135582,-0.0012640561,-56.61199999999998,937.29,1.3123399,67.14409,259,3659.255351305008,0.0076762605,0.03326147794723511,94.3,8781824,102.1,181,2430
139264,68,0.018051147,-0.00028140028,-53.22299999999999,921.41,1.3076438,53.631195,250,3712.590828895569,0.0048069176,0.04538387060165405,95.2,8912896,102.1,181,2457
141312,69,0.037769318,-0.0003371079,-53.16999999999999,922.89,1.3113042,43.076653,349,3766.8944511413574,0.005903325,0.054084718227386475,85.3,9043968,102.1,181,2413
143360,70,0.12877274,0.00026952906,-55.27999999999998,943.99,1.3058441,59.894115,241,3820.088012933731,0.008328279,0.04778575897216797,96.1,9175040,102.1,181,2464
145408,71,0.04550934,-0.00049674883,-45.83899999999998,909.64,1.3045548,59.902145,287,3874.4443504810333,0.0058520213,0.04288744926452637,91.5,9306112,102.1,181,2412
147456,72,0.02303505,-0.000307477,-61.510999999999974,956.25,1.3214662,42.099045,287,3927.3333008289337,0.0038758495,0.0656963586807251,91.5,9437184,102.1,181,2478
149504,73,0.0074481964,-0.00037299853,-58.76799999999999,948.84,1.3178954,55.963608,238,3980.7665905952454,0.002640181,0.05304253101348877,96.4,9568256,102.1,181,2453
151552,74,0.023040771,-3.3670345e-05,-43.154999999999994,902.82,1.3137573,55.07024,185,4034.9239099025726,0.0035943126,0.05457580089569092,101.7,9699328,102.1,181,2420
153600,75,0.013662338,-2.6682785e-05,-51.582999999999984,917.03,1.3060828,58.666836,198,4088.218132019043,0.0022162886,0.05814582109451294,100.4,9830400,102.1,181,2459
155648,76,0.0345726,-0.0009675098,-54.02199999999998,921.4,1.3063668,50.551197,180,4141.677889108658,0.0049141846,0.06812804937362671,102.2,9961472,102.2,180,2451
157696,77,0.038446426,-0.0003710674,-44.70999999999998,918.37,1.3064678,67.54284,342,4196.164950847626,0.0036561447,0.05991470813751221,86.0,10092544,102.2,180,2405
159744,78,0.024560928,-0.00028540494,-42.893999999999984,910.22,1.3098079,67.778046,218,4249.138286590576,0.004381835,0.05931740999221802,98.4,10223616,102.2,180,2474
161792,79,0.021177292,-0.00014546458,-52.38399999999998,925.04,1.3005223,53.180164,240,4302.269049882889,0.002948175,0.07469773292541504,96.2,10354688,102.2,180,2467
163840,80,0.024816513,-0.00022841085,-51.565,926.86,1.3028641,59.033234,206,4354.936856985092,0.003690527,0.06473493576049805,99.6,10485760,102.2,180,2488
165888,81,0.030939102,-0.00025944156,-49.86799999999998,929.91,1.3051262,73.00265,283,4407.320481777191,0.00403265,0.06497704982757568,91.9,10616832,102.2,180,2503
167936,82,0.034317017,-0.00010053629,-45.35199999999999,914.78,1.3030388,64.98984,394,4459.8791654109955,0.0038827711,0.06957846879959106,80.8,10747904,102.2,180,2493
169984,83,0.036260605,-0.00028086043,-44.73899999999999,918.66,1.3001245,83.6411,313,4512.705249071121,0.0054759737,0.06816023588180542,88.9,10878976,102.2,180,2481
172032,84,0.06266594,-0.0021411811,-31.457000000000004,865.92,1.2904053,99.42411,245,4567.147392988205,0.00868307,0.06676089763641357,95.7,11010048,102.2,180,2407
174080,85,0.060691833,-0.0005186972,-54.69699999999998,938.16,1.2920403,72.23947,312,4620.885200023651,0.0062943962,0.0708962082862854,89.0,11141120,102.2,180,2439
176128,86,0.08234596,-0.0014654318,-42.52199999999999,906.5,1.2858111,88.648636,182,4674.138595819473,0.0076581305,0.07373017072677612,102.0,11272192,102.2,180,2461
178176,87,0.013528824,-0.0004762333,-24.741000000000003,848.81,1.287538,92.96596,238,4726.927607059479,0.004783999,0.0686107873916626,96.4,11403264,102.2,180,2483
180224,88,0.031906128,-0.0011981417,-58.347999999999985,934.63,1.2884909,47.914948,202,4779.42197394371,0.0070930445,0.08605825901031494,100.0,11534336,102.2,180,2496
182272,89,0.024326324,-0.00015000651,-35.577999999999996,877.1,1.2806776,64.45007,175,4833.318620681763,0.0042378292,0.08532518148422241,102.7,11665408,102.7,175,2432
184320,90,0.041597366,-0.00012505945,-56.87599999999998,929.92,1.2842873,59.882694,233,4886.248941421509,0.0048439596,0.08685243129730225,96.9,11796480,102.7,175,2476
186368,91,0.0052452087,-8.494119e-05,-38.336,894.67,1.2874157,84.27346,311,4938.971926689148,0.0028057161,0.07204604148864746,89.1,11927552,102.7,175,2487
188416,92,0.03260231,-0.000935389,-20.435000000000002,845.79,1.2798046,104.219475,187,4993.419552087784,0.0037769487,0.07809066772460938,101.5,12058624,102.7,175,2407
190464,93,0.023817062,-0.0007641217,-36.899,890.31,1.2728809,105.54909,165,5047.158392190933,0.0052893655,0.07730996608734131,103.7,12189696,103.7,165,2439
192512,94,0.06126213,-0.00017950806,-50.28699999999999,924.09,1.2813584,66.315575,254,5099.976964235306,0.0059093186,0.08523470163345337,94.8,12320768,103.7,165,2481
194560,95,0.013689041,0.00012800205,-36.784,889.16,1.2754728,91.51365,221,5153.954710245132,0.004368234,0.07442402839660645,98.1,12451840,103.7,165,2428
196608,96,0.04215622,-0.0013551061,-21.962000000000003,861.06,1.2790097,101.693085,330,5207.553719997406,0.006425536,0.07740509510040283,87.2,12582912,103.7,165,2445
198656,97,0.037885666,-0.0004762347,-35.771,889.04,1.2665846,91.74205,234,5261.6113159656525,0.0062003653,0.07228231430053711,96.8,12713984,103.7,165,2424
200704,98,0.0182724,-0.00033320652,-26.980000000000004,851.18,1.2627348,101.448456,266,5315.135225772858,0.0033957027,0.07645505666732788,93.6,12845056,103.7,165,2449
202752,99,0.010753632,-0.00034588724,-27.055000000000003,831.91,1.2425747,95.98483,189,5369.5966947078705,0.0026950713,0.07435053586959839,101.3,12976128,103.7,165,2406
204800,100,0.07841873,-0.0024134559,-23.418000000000006,845.59,1.2476474,130.20587,177,5423.402926445007,0.008512162,0.06915271282196045,102.5,13107200,103.7,165,2436
206848,101,0.032880783,-0.00079298456,-11.078000000000007,812.28,1.2499319,131.87035,269,5475.990937232971,0.0046029473,0.06770360469818115,93.3,13238272,103.7,165,2493
208896,102,0.012910843,-0.00012054505,-18.741,828.85,1.2448559,128.30511,243,5528.631977796555,0.004361493,0.062329113483428955,95.9,13369344,103.7,165,2490
210944,103,0.0018520355,-0.00010831058,-21.554999999999996,846.98,1.245872,116.077965,207,5580.939981937408,0.0023020022,0.05807483196258545,99.5,13500416,103.7,165,2505
212992,104,0.016271591,-0.00031853962,-16.084000000000007,832.31,1.2481582,119.71551,172,5635.553596735001,0.0030434404,0.07053911685943604,103.0,13631488,103.7,165,2400
215040,105,0.058696747,-0.00071527285,-29.553000000000008,866.9,1.2545459,95.82972,132,5689.747443437576,0.0069541372,0.07534247636795044,107.0,13762560,107.0,132,2418
217088,106,0.047843933,-0.00018437624,-25.546000000000003,856.86,1.2503546,111.34709,209,5743.397059202194,0.005497452,0.07392638921737671,99.3,13893632,107.0,132,2443
219136,107,0.03624153,-0.00014497622,-37.92,880.5,1.2445799,88.07408,171,5797.9167630672455,0.0044969176,0.08458185195922852,103.1,14024704,107.0,132,2404
221184,108,0.030431747,-0.0011550768,-53.667999999999985,927.87,1.2612197,71.151375,157,5851.788651227951,0.005123387,0.101482093334198,104.5,14155776,107.0,132,2433
223232,109,0.0025558472,-0.00030287993,-31.007,861.42,1.2541146,96.44858,216,5904.781861066818,0.0019042097,0.08095788955688477,98.6,14286848,107.0,132,2473
225280,110,0.011959076,-0.0006640811,-38.23500000000001,883.65,1.2392617,77.502335,187,5958.411363124847,0.0039558224,0.09511977434158325,101.5,14417920,107.0,132,2444
227328,111,0.011310577,-0.0007826284,-31.810000000000006,859.44,1.2453835,114.02368,211,6013.098719835281,0.0045829117,0.08072376251220703,99.1,14548992,107.0,132,2397
229376,112,0.0822525,-8.7645865e-05,-34.112,872.45,1.251727,95.44373,166,6067.458401679993,0.007881598,0.08651232719421387,103.6,14680064,107.0,132,2411
231424,113,0.05111313,-0.00045670633,-32.724000000000004,858.57,1.2450325,116.108826,120,6121.787828683853,0.0074273488,0.08131855726242065,108.2,14811136,108.2,120,2412
233472,114,0.053459167,-0.0016559917,-28.456999999999997,845.93,1.2464181,93.123344,224,6174.605425834656,0.0073017394,0.09111374616622925,97.8,14942208,108.2,120,2481
235520,115,0.10216904,0.00087862153,-26.517,846.55,1.2325753,93.55064,155,6227.285593748093,0.0077058147,0.08500081300735474,104.7,15073280,108.2,120,2488
237568,116,0.008169174,-0.0005752156,-27.505000000000006,836.41,1.2207303,107.79323,270,6281.537989616394,0.003730603,0.09132373332977295,93.2,15204352,108.2,120,2416
239616,117,0.02374649,-0.00048111583,-31.793000000000003,869.28,1.2093637,105.52385,232,6335.60994386673,0.0034980853,0.09580320119857788,97.0,15335424,108.2,120,2424
241664,118,0.017496109,-0.0006794367,-38.113,892.44,1.2115612,87.77118,249,6389.301394701004,0.0037740974,0.11404687166213989,95.3,15466496,108.2,120,2441
243712,119,0.028917313,-0.0005885714,-38.04,871.69,1.2146549,79.94001,257,6442.6616995334625,0.0040064505,0.11031568050384521,94.5,15597568,108.2,120,2456
245760,120,0.08352089,-0.00030892366,-27.382,845.19,1.2108415,77.46772,206,6495.8234786987305,0.0072218585,0.11162757873535156,99.6,15728640,108.2,120,2465
247808,121,0.007253647,-0.00021463292,-25.943,830.8,1.1974438,102.952,173,6549.147056818008,0.0022657008,0.09866863489151001,102.9,15859712,108.2,120,2459
249856,122,0.008197784,-0.00012144203,-37.02400000000001,881.55,1.1852024,95.813194,165,6603.6806609630585,0.0023101491,0.09770071506500244,103.7,15990784,108.2,120,2403
251904,123,0.09095192,0.00061889837,-35.258,893.92,1.1808594,97.78052,265,6657.205280780792,0.00673744,0.10071063041687012,93.7,16121856,108.2,120,2448
253952,124,0.017271042,-0.00046147173,-36.014,871.45,1.1968951,94.76295,131,6710.24644947052,0.0044931816,0.10099607706069946,107.1,16252928,108.2,120,2471
256000,125,0.016750336,-0.0006787853,-34.964,870.96,1.2024654,98.21536,200,6763.931670188904,0.004543268,0.09964388608932495,100.2,16384000,108.2,120,2441
258048,126,0.025705338,-0.0013871999,-21.343000000000004,844.86,1.1930933,95.18226,245,6817.030544996262,0.005445708,0.08984375,95.7,16515072,108.2,120,2468
260096,127,0.01645279,-0.0007876039,-22.289,834.3,1.1908617,105.53266,221,6870.126232147217,0.003970148,0.09181809425354004,98.1,16646144,108.2,120,2468
262144,128,0.045890808,5.6914985e-05,-25.465000000000003,856.05,1.2043016,104.4124,317,6923.486066818237,0.004583254,0.09460818767547607,88.5,16777216,108.2,120,2456
264192,129,0.06481171,-0.0012457521,-19.424999999999997,835.69,1.1827388,124.70732,168,6976.569635391235,0.006163975,0.07921385765075684,103.4,16908288,108.2,120,2469
266240,130,0.017827988,-0.0007611313,-10.526000000000002,816.77,1.173797,127.5252,198,7031.461975574493,0.00365034,0.09022611379623413,100.4,17039360,108.2,120,2387
268288,131,0.068315506,0.00015386096,-22.825,839.66,1.1827674,117.71105,204,7085.564611196518,0.0060734893,0.08740752935409546,99.8,17170432,108.2,120,2423
270336,132,0.041669846,-0.00094000844,-16.353000000000005,804.97,1.1611423,125.32109,134,7139.316120624542,0.0075156926,0.0786471962928772,106.8,17301504,108.2,120,2438
272384,133,0.04283905,-0.0015989209,-10.757,789.05,1.1739506,121.520065,171,7194.453038454056,0.0068694605,0.09415161609649658,103.1,17432576,108.2,120,2377
274432,134,0.005235672,-0.0002688798,-32.271,874.06,1.1896126,122.16915,244,7248.820435285568,0.0025877147,0.09168022871017456,95.8,17563648,108.2,120,2410
276480,135,0.03014183,-0.00090232695,-13.94,810.87,1.186671,120.48699,186,7302.885849475861,0.0053270133,0.09807389974594116,101.6,17694720,108.2,120,2424
278528,136,0.05895996,-0.0008723356,-32.561,866.95,1.2058513,106.537025,174,7356.41553735733,0.0061377534,0.08983886241912842,102.8,17825792,108.2,120,2448
280576,137,0.08663559,-0.0010375548,-6.354000000000002,795.07,1.21155,122.891685,208,7409.674901485443,0.006972848,0.08375144004821777,99.4,17956864,108.2,120,2461
282624,138,0.23331642,0.0007808873,-15.801000000000005,819.47,1.2101841,115.45884,216,7462.746164083481,0.013123409,0.08337372541427612,98.6,18087936,108.2,120,2469
284672,139,0.101018906,-0.0027211304,-19.755000000000003,838.99,1.2226663,124.74573,152,7515.7364020347595,0.008641974,0.08570349216461182,105.0,18219008,108.2,120,2473
286720,140,0.08805466,-0.0044686147,-6.751,799.04,1.2313355,148.61105,122,7569.3207840919495,0.007814468,0.07971370220184326,108.0,18350080,108.2,120,2446
288768,141,0.046957016,-0.0034874654,-7.206000000000001,783.57,1.2316809,146.40477,171,7622.928182601929,0.0068818163,0.07212525606155396,103.1,18481152,108.2,120,2445
290816,142,0.014724731,-0.00061695697,11.293999999999997,718.69,1.2145069,161.49847,174,7676.391663312912,0.0039420947,0.060675859451293945,102.8,18612224,108.2,120,2451
292864,143,0.02217865,-0.0013450682,-3.1420000000000026,752.94,1.1938552,166.09009,170,7730.013123035431,0.0041112904,0.05244481563568115,103.2,18743296,108.2,120,2444
294912,144,0.02777481,-0.00030467758,15.204999999999998,679.58,1.1868697,179.99724,167,7785.007913351059,0.004614641,0.05948752164840698,103.5,18874368,108.2,120,2383
296960,145,0.027446747,-0.0005872005,7.371999999999997,717.87,1.1985012,171.03311,147,7838.337672710419,0.0036141963,0.056559979915618896,105.5,19005440,108.2,120,2457
299008,146,0.02832222,-0.0001629906,-6.9380000000000015,800.91,1.186457,187.37973,166,7892.4141681194305,0.0043188925,0.05898672342300415,103.6,19136512,108.2,120,2424
301056,147,0.046474457,-0.0004999207,-4.998000000000002,771.5,1.1990689,165.49005,152,7947.4678156375885,0.0061473427,0.07240235805511475,105.0,19267584,108.2,120,2380
303104,148,0.035095215,0.00011817687,3.737999999999998,754.21,1.185544,178.85521,152,8001.287684202194,0.0031119017,0.0652693510055542,105.0,19398656,108.2,120,2435
305152,149,0.012046814,-0.00069253816,13.556999999999995,706.07,1.1849881,176.9804,216,8054.420911550522,0.0035797039,0.0644339919090271,98.6,19529728,108.2,120,2467
307200,150,0.019792557,-0.00049201894,-3.4430000000000005,775.97,1.1703452,154.61932,206,8107.5074417591095,0.0038448002,0.06371337175369263,99.6,19660800,108.2,120,2469
309248,151,0.0015678406,-4.637028e-05,-2.8470000000000004,760.0,1.1736822,170.90863,154,8160.773600816727,0.0013766605,0.06098049879074097,104.8,19791872,108.2,120,2461
311296,152,0.007068634,-0.0007257165,2.8689999999999976,752.89,1.164914,152.53262,198,8214.555677175522,0.0026288326,0.05707043409347534,100.4,19922944,108.2,120,2437
313344,153,0.011432648,-0.00020121166,5.087999999999999,730.7,1.1518964,157.17249,168,8267.961529493332,0.0029281408,0.06422477960586548,103.4,20054016,108.2,120,2454
315392,154,0.0054626465,-7.27083e-05,0.984999999999998,761.72,1.1619654,149.16418,150,8322.5568857193,0.0028048176,0.06854403018951416,105.2,20185088,108.2,120,2400
317440,155,0.0028533936,-0.00038124318,5.129,720.28,1.1610963,153.48589,162,8375.809920072556,0.0019727268,0.06533217430114746,104.0,20316160,108.2,120,2461
319488,156,0.0054035187,-0.0005815821,24.417999999999996,667.53,1.1424177,174.75401,156,8430.131454706192,0.0027299067,0.06585150957107544,104.6,20447232,108.2,120,2412
321536,157,0.010457993,-0.0005471044,-0.5460000000000019,747.0,1.1409937,156.92299,126,8483.180238485336,0.0028796168,0.056959688663482666,107.6,20578304,108.2,120,2470
323584,158,0.009716034,-0.00039298768,6.621999999999998,715.36,1.1245118,168.09076,147,8536.715810775757,0.0027426975,0.06544935703277588,105.5,20709376,108.2,120,2448
325632,159,0.047636032,-0.00024206094,14.981,681.82,1.1235284,177.72237,179,8590.183350801468,0.0050787874,0.047449469566345215,102.3,20840448,108.2,120,2451
327680,160,0.0125103,0.00012475353,9.356999999999998,718.04,1.1114585,167.431,177,8644.229723215103,0.002967835,0.06023597717285156,102.5,20971520,108.2,120,2425
329728,161,0.040327072,-0.0007787604,-5.942,770.93,1.1201606,150.60007,146,8697.444318056107,0.004937234,0.06375616788864136,105.6,21102592,108.2,120,2463
331776,162,0.04668808,-0.00012298752,0.4099999999999986,757.46,1.1150596,155.23575,183,8752.415642499924,0.0052144863,0.068936288356781,101.9,21233664,108.2,120,2384
333824,163,0.019723892,-0.0005179894,-17.560000000000002,807.03,1.1311014,143.92847,211,8806.820923805237,0.0034212226,0.07054108381271362,99.1,21364736,108.2,120,2409
335872,164,0.022195816,-0.0003459488,-4.746999999999999,779.0,1.1132083,142.42567,206,8860.410825967789,0.003364343,0.06553143262863159,99.6,21495808,108.2,120,2445
337920,165,0.10516167,-1.6909471e-05,9.394,707.66,1.1012386,151.84642,150,8915.117466926575,0.007374596,0.07131463289260864,105.2,21626880,108.2,120,2395
339968,166,0.02977562,-3.9024635e-06,-15.858000000000002,820.04,1.1174046,140.60878,181,8968.74122428894,0.004724671,0.05967599153518677,102.1,21757952,108.2,120,2444
342016,167,0.023418427,-0.00023665579,7.8089999999999975,713.5,1.1028634,151.22427,157,9022.046485424042,0.0025606195,0.05207622051239014,104.5,21889024,108.2,120,2458
344064,168,0.017799377,-0.0007412202,1.8299999999999985,743.26,1.110791,147.15158,167,9075.033567905426,0.004186671,0.07010906934738159,103.5,22020096,108.2,120,2473
346112,169,0.00658226,-0.00021050645,10.812000000000003,713.5,1.1152855,160.55882,131,9128.57909488678,0.0025950177,0.06585782766342163,107.1,22151168,108.2,120,2447
348160,170,0.022388458,-0.0011285424,-1.9659999999999993,751.19,1.1171943,147.71667,234,9181.65298318863,0.00439138,0.06740379333496094,96.8,22282240,108.2,120,2469
350208,171,0.010755539,-0.0006957554,-5.5690000000000035,757.19,1.1153398,154.60281,197,9235.479506015778,0.0028126214,0.055335164070129395,100.5,22413312,108.2,120,2436
352256,172,0.0,-0.00014983374,4.053999999999998,731.03,1.105075,186.88863,175,9288.476442813873,0.00017272432,0.05925530195236206,102.7,22544384,108.2,120,2473
354304,173,0.0029830933,-0.00012401913,12.526,696.36,1.0966157,171.11879,127,9343.21611571312,0.0010175939,0.059732675552368164,107.5,22675456,108.2,120,2394
356352,174,0.030195236,0.000332981,8.948999999999996,712.11,1.1025684,169.39369,136,9396.76848077774,0.0036001673,0.056643784046173096,106.6,22806528,108.2,120,2447
358400,175,0.01291275,-0.0006213038,9.931999999999997,692.27,1.1046131,164.17336,126,9450.628056287766,0.0026565942,0.05700182914733887,107.6,22937600,108.2,120,2433
360448,176,0.0010662079,-0.00011752662,19.087999999999997,680.79,1.084614,168.00891,164,9504.721153974533,0.00118477,0.05854690074920654,103.8,23068672,108.2,120,2423
362496,177,0.028759003,0.0005386379,13.162999999999995,700.0,1.0740359,173.24559,137,9558.12776184082,0.0031884022,0.053641676902770996,106.5,23199744,108.2,120,2454
364544,178,0.0056591034,-5.413824e-05,3.7219999999999964,734.35,1.0697886,169.78497,191,9611.77752995491,0.0015912154,0.055545270442962646,101.1,23330816,108.2,120,2443
366592,179,0.01819992,-0.000338377,16.874999999999996,682.9,1.0763937,162.10791,147,9665.925855398178,0.003482281,0.06351131200790405,105.5,23461888,108.2,120,2420
368640,180,0.0054454803,-0.00046805476,7.596,725.64,1.0910927,154.4192,121,9719.691563606262,0.003027007,0.062251269817352295,108.1,23592960,108.2,120,2437
370688,181,0.0077590942,-0.00066884956,3.357999999999998,727.98,1.0705849,161.27306,132,9773.175671815872,0.0030567925,0.0634380578994751,107.0,23724032,108.2,120,2451
372736,182,0.0024032593,-0.0003885983,5.539999999999997,736.19,1.0670123,180.87741,168,9826.138300895691,0.002647411,0.06372344493865967,103.4,23855104,108.2,120,2474
374784,183,0.005340576,-0.00032679006,8.484999999999996,696.73,1.0661157,170.65704,131,9880.305619955063,0.0023904962,0.048270463943481445,107.1,23986176,108.2,120,2419
376832,184,0.005224228,-0.000515695,12.176000000000002,689.85,1.0691874,182.68523,146,9934.711236715317,0.002621941,0.050666749477386475,105.6,24117248,108.2,120,2409
378880,185,0.008419037,-0.00019974065,-1.1110000000000038,752.65,1.0861627,178.01134,188,9988.284356594086,0.0018587081,0.05519461631774902,101.4,24248320,108.2,120,2446
380928,186,0.006467819,1.0807562e-05,24.820999999999994,643.48,1.0666939,194.35168,142,10042.01960325241,0.0020699266,0.04525059461593628,106.0,24379392,108.2,120,2439
382976,187,0.019721985,-0.0004747942,14.969999999999994,671.92,1.0735874,195.43298,138,10095.041960716248,0.0036978044,0.05059409141540527,106.4,24510464,108.2,120,2472
385024,188,0.01190567,-0.00029353032,6.603999999999998,725.55,1.0710267,176.09009,143,10150.177060842514,0.002462168,0.05578428506851196,105.9,24641536,108.2,120,2377
387072,189,0.025428772,-0.0005398257,36.69199999999999,584.83,1.0489938,195.66798,109,10205.272680521011,0.0036274684,0.05677610635757446,109.3,24772608,109.3,109,2379
389120,190,0.05692482,-0.0010765081,22.272999999999993,668.96,1.0885179,192.32921,166,10260.594006061554,0.0058165803,0.045422255992889404,103.6,24903680,109.3,109,2369
391168,191,0.03250122,-0.0005656962,24.563999999999993,646.05,1.0691776,227.93527,128,10314.499490737915,0.0042954143,0.043553829193115234,107.4,25034752,109.3,109,2432
393216,192,0.05822754,-5.8014433e-05,40.455,577.23,1.1021913,227.77562,135,10368.72059583664,0.005525411,0.03356045484542847,106.7,25165824,109.3,109,2417
395264,193,0.030334473,-0.0016987477,48.513000000000005,546.7,1.0963806,243.8472,151,10422.174410820007,0.004841153,0.0426369309425354,105.1,25296896,109.3,109,2452
397312,194,0.015457153,-0.0006991833,36.224,609.53,1.0922223,229.24232,177,10475.73324584961,0.003291016,0.04817235469818115,102.5,25427968,109.3,109,2447
399360,195,0.014469147,-0.0005519884,46.93,582.55,1.0687463,245.96504,141,10528.788930416107,0.0028005866,0.043100833892822266,106.1,25559040,109.3,109,2470
401408,196,0.03944969,0.0003661749,49.49800000000001,556.87,1.0466753,246.47636,138,10582.510539531708,0.0039238078,0.049155354499816895,106.4,25690112,109.3,109,2439
403456,197,0.011024475,0.00023127062,35.615,585.59,1.0550345,239.04666,163,10637.337708473206,0.0026434506,0.036073505878448486,103.9,25821184,109.3,109,2390
405504,198,0.018472672,-0.0012292066,29.524,606.46,1.0334532,239.13297,164,10691.152475595474,0.003509978,0.04452627897262573,103.8,25952256,109.3,109,2435
407552,199,0.08780098,0.0016596295,29.350999999999996,618.2,1.0594541,212.6348,132,10745.344282865524,0.0063635586,0.040850162506103516,107.0,26083328,109.3,109,2418
409600,200,0.14116669,0.004023097,25.522,646.48,1.0587176,204.93263,149,10799.87839436531,0.010527972,0.04201322793960571,105.3,26214400,109.3,109,2403
411648,201,0.044834137,-0.0009271414,13.220999999999997,689.41,1.0668782,190.26476,162,10853.125589847565,0.0048437025,0.04355645179748535,104.0,26345472,109.3,109,2462
413696,202,0.0054855347,-0.00030837,24.163,630.04,1.0638325,194.7829,178,10907.797087907791,0.0023212233,0.04683035612106323,102.4,26476544,109.3,109,2397
415744,203,0.01607132,-0.0006994761,19.093,670.73,1.0583069,188.63837,130,10962.141711950302,0.0031453036,0.04319775104522705,107.2,26607616,109.3,109,2411
417792,204,0.0041484833,-0.0003227769,41.608999999999995,575.7,1.0261401,208.9066,131,11015.710799455643,0.0018494973,0.05060160160064697,107.1,26738688,109.3,109,2446
419840,205,0.007980347,-2.0749434e-05,32.642,625.33,1.0225314,205.07875,125,11070.73237490654,0.0019065314,0.04345959424972534,107.7,26869760,109.3,109,2382
421888,206,0.0015735626,1.7795643e-05,22.163,660.05,1.0504311,187.27313,140,11125.351480007172,0.0015831527,0.044149816036224365,106.2,27000832,109.3,109,2400
423936,207,0.013544083,-0.00029873903,31.083000000000002,640.92,1.0372773,187.12177,160,11178.645626068115,0.0025744454,0.053175508975982666,104.2,27131904,109.3,109,2459
425984,208,0.009737015,-0.0005089582,19.467,677.0,1.0366349,197.52849,156,11231.831227779388,0.002092462,0.04785609245300293,104.6,27262976,109.3,109,2464
428032,209,0.0020751953,-0.000112163354,34.635999999999996,625.41,1.0360283,208.45917,139,11284.89662194252,0.0017803344,0.04987812042236328,106.3,27394048,109.3,109,2470
430080,210,0.008670807,-0.00035747883,38.146,580.3,1.0361345,227.46526,154,11337.935298919678,0.0022082666,0.042231619358062744,104.8,27525120,109.3,109,2471
432128,211,0.009525299,-0.00064407365,20.866999999999997,673.01,1.0138575,215.22957,164,11392.399062633514,0.0025201563,0.048980653285980225,103.8,27656192,109.3,109,2407
434176,212,0.0046577454,-0.00015328615,43.722,574.59,1.0126957,212.23772,121,11445.598123073578,0.0016986078,0.04781085252761841,108.1,27787264,109.3,109,2463
436224,213,0.014709473,-2.0633644e-05,34.65599999999999,605.19,1.0046885,214.24686,150,11499.077810525894,0.002772315,0.04184246063232422,105.2,27918336,109.3,109,2450
438272,214,0.012384415,-3.401524e-05,18.420999999999996,657.43,1.0026053,196.9044,166,11552.693957090378,0.0024934616,0.042076706886291504,103.6,28049408,109.3,109,2444
440320,215,0.012290955,-0.00032673404,24.192999999999994,629.74,0.9694831,200.4735,102,11607.325749874115,0.002132228,0.047805726528167725,110.0,28180480,110.0,102,2399
442368,216,0.0076522827,-0.0004077825,23.546,666.24,0.98914033,196.97855,169,11661.92133808136,0.00289148,0.054189324378967285,103.3,28311552,110.0,102,2400
444416,217,0.0032634735,-0.00043494185,24.011,621.55,1.007755,213.89287,160,11715.028167009354,0.0020801532,0.04324054718017578,104.2,28442624,110.0,102,2468
446464,218,3.8146973e-05,-0.00016221855,39.305,578.72,1.0097226,217.12016,152,11769.253687858582,0.0009804345,0.04630059003829956,105.0,28573696,110.0,102,2417
448512,219,0.005554199,-0.00050212146,44.11200000000001,560.68,1.0131397,215.63806,161,11824.06477689743,0.0023586222,0.03881651163101196,104.1,28704768,110.0,102,2391
450560,220,0.008205414,-0.0004505579,34.778999999999996,593.95,0.9846499,230.72458,136,11879.034274101257,0.0023153236,0.04627799987792969,106.6,28835840,110.0,102,2384
452608,221,0.008598328,-8.4466774e-05,34.695,584.78,0.9939003,231.94455,142,11932.605662345886,0.0019952187,0.04083949327468872,106.0,28966912,110.0,102,2447
454656,222,0.0069293976,3.3343204e-06,42.038999999999994,541.37,0.984121,245.51884,152,11986.271821975708,0.0017113417,0.04110676050186157,105.0,29097984,110.0,102,2442
456704,223,0.0036392212,-3.120569e-05,44.515999999999984,566.65,0.9820462,225.8231,150,12040.108143091202,0.001294837,0.04891103506088257,105.2,29229056,110.0,102,2434
458752,224,0.0049037933,-0.00018777266,27.181000000000004,609.87,0.9933491,219.29813,153,12094.777980089188,0.0021926593,0.04289883375167847,104.9,29360128,110.0,102,2397
460800,225,0.003616333,-0.0001679098,42.742000000000004,544.35,0.97122544,242.42012,150,12148.629782915115,0.0015940485,0.048599064350128174,105.2,29491200,110.0,102,2434
462848,226,0.040369034,0.0009798956,42.76400000000002,544.13,0.97086424,243.50305,143,12203.112932682037,0.0034012005,0.050694286823272705,105.9,29622272,110.0,102,2405
464896,227,0.0159626,-0.00063165557,50.82900000000001,533.55,0.94875073,218.121,126,12257.406188249588,0.003199121,0.055196940898895264,107.6,29753344,110.0,102,2414
466944,228,0.013086319,-4.3978707e-05,31.478999999999996,606.93,0.9716181,236.65828,160,12312.332464456558,0.002609383,0.03959697484970093,104.2,29884416,110.0,102,2386
468992,229,0.005056381,-5.0597697e-05,28.27799999999999,628.93,0.96991986,213.62273,118,12366.42694067955,0.0013744769,0.04155606031417847,108.4,30015488,110.0,102,2423
471040,230,0.0027809143,-8.117419e-05,36.779,573.95,0.9620765,223.7786,155,12420.858162879944,0.0015237815,0.04760044813156128,104.7,30146560,110.0,102,2408
473088,231,0.006547928,-0.0003935574,50.00500000000001,551.8,0.971029,230.98895,148,12474.962089538574,0.0017097347,0.04469829797744751,105.4,30277632,110.0,102,2423
475136,232,0.005290985,-0.00047703605,31.706,614.67,0.98399985,211.59406,121,12528.110028266907,0.0024890685,0.046636879444122314,108.1,30408704,110.0,102,2466
477184,233,0.01285553,0.0002773419,40.19,559.86,0.9650474,232.92673,131,12581.818699359894,0.0018296406,0.04780268669128418,107.1,30539776,110.0,102,2440
479232,234,0.024642944,1.4015022e-06,30.252000000000002,619.2,0.93681264,210.12802,144,12636.643970251083,0.0026394783,0.05582845211029053,105.8,30670848,110.0,102,2390
481280,235,0.016012192,-0.0006028203,33.066,591.06,0.94514567,221.41853,144,12691.354034423828,0.0029923157,0.054782211780548096,105.8,30801920,110.0,102,2395
483328,236,0.009988785,-0.00020311488,44.69100000000001,534.87,0.9540802,242.57217,158,12746.900385856628,0.0018728417,0.0499340295791626,104.4,30932992,110.0,102,2359
485376,237,0.019433975,-0.00033049437,39.59499999999999,555.8,0.9463,221.5319,130,12801.063667297363,0.0030931707,0.04987078905105591,107.2,31064064,110.0,102,2420
487424,238,0.0023479462,1.2111541e-05,42.413999999999994,557.64,0.945417,242.06381,153,12855.677847623825,0.0010496372,0.05154848098754883,104.9,31195136,110.0,102,2400
489472,239,0.00799942,-0.00017562511,43.768,554.11,0.9219294,240.79568,113,12909.865901470184,0.0015760742,0.056025564670562744,108.9,31326208,110.0,102,2419
491520,240,0.006948471,-0.0004898562,34.058,601.16,0.9367139,227.04636,120,12964.456340789795,0.0021758042,0.05233931541442871,108.2,31457280,110.0,102,2401
493568,241,0.04584503,0.0010118381,42.211999999999996,549.65,0.9095463,245.50642,157,13020.22529244423,0.0041346382,0.05975693464279175,104.5,31588352,110.0,102,2351
495616,242,0.019641876,-0.0004864588,55.31500000000001,488.69,0.9509064,252.75926,160,13073.609754800797,0.0029979942,0.04761987924575806,104.2,31719424,110.0,102,2455
497664,243,0.009683609,-0.00054048176,50.812000000000005,513.7,0.9390981,264.53662,139,13126.791728019714,0.0027530093,0.05385947227478027,106.3,31850496,110.0,102,2464
499712,244,0.0064754486,-4.507445e-05,54.38300000000001,488.0,0.91575074,269.21402,143,13181.54701256752,0.0014905365,0.05597877502441406,105.9,31981568,110.0,102,2393
501760,245,0.0062847137,-0.0004796551,51.288000000000004,498.93,0.90320474,261.95874,126,13236.036073207855,0.0015015714,0.05668240785598755,107.6,32112640,110.0,102,2405
503808,246,0.007894516,-0.00025559915,51.85500000000001,503.27,0.9134339,273.5051,108,13289.664148807526,0.0018124883,0.056887269020080566,109.4,32243712,110.0,102,2444
505856,247,0.015134811,-0.00013103164,38.741,554.33,0.93571824,242.82579,155,13342.694145679474,0.0027123285,0.06237906217575073,104.7,32374784,110.0,102,2471
507904,248,0.02287674,-4.6287423e-05,54.965999999999994,502.19,0.9275697,268.06378,112,13397.466953277588,0.0032683066,0.055155396461486816,109.0,32505856,110.0,102,2393
509952,249,0.016119003,-0.00033816198,46.115,510.62,0.91803294,256.16702,133,13451.6316781044,0.0026935174,0.0521276593208313,106.9,32636928,110.0,102,2420
512000,250,0.0073394775,-0.000268043,45.522999999999996,516.54,0.89530605,258.32364,152,13506.940456867218,0.0019409416,0.06285721063613892,105.0,32768000,110.0,102,2369
514048,251,0.0041999817,-7.329373e-05,51.592,495.89,0.89690477,269.22055,158,13562.379693031311,0.0016214288,0.056692421436309814,104.4,32899072,110.0,102,2365
516096,252,0.010772705,-2.6785601e-05,39.402,577.75,0.91583234,241.3314,129,13616.068659305573,0.0019841944,0.06689608097076416,107.3,33030144,110.0,102,2441
518144,253,0.00223732,-0.0004212464,58.25899999999999,489.28,0.89064145,255.65749,150,13670.957209825516,0.0012719413,0.06049501895904541,105.2,33161216,110.0,102,2388
520192,254,0.0013389587,-9.153469e-05,59.007000000000005,461.78,0.8942854,279.77634,90,13726.262366771698,0.001128843,0.05690497159957886,111.2,33292288,111.2,90,2370
522240,255,0.018157959,0.00018860902,54.437000000000005,507.48,0.8906412,253.37161,138,13779.915033102036,0.0023902014,0.06345677375793457,106.4,33423360,111.2,90,2443
524288,256,0.025043488,-0.0008018091,27.559999999999995,606.08,0.86889946,215.23283,137,13833.74817943573,0.0032965553,0.07128918170928955,106.5,33554432,111.2,90,2434
526336,257,0.021705627,-8.141181e-05,48.529,516.51,0.8867259,229.88922,127,13887.088908195496,0.0028690964,0.06165957450866699,107.5,33685504,111.2,90,2457
528384,258,0.011569977,-0.00026453618,40.751,554.25,0.89279765,215.96112,116,13940.337605953217,0.002164707,0.06286555528640747,108.6,33816576,111.2,90,2461
530432,259,0.019670486,-0.00024312234,51.878,493.03,0.9175691,238.06898,141,13995.11209988594,0.0028916849,0.0543096661567688,106.1,33947648,111.2,90,2393
532480,260,0.034715652,-0.00020471372,55.617999999999995,485.66,0.90403324,268.9728,141,14050.909492492676,0.0040334617,0.05759018659591675,106.1,34078720,111.2,90,2349
534528,261,0.0751667,0.0016603965,41.711999999999996,554.65,0.87654865,268.6889,137,14106.44855761528,0.0059639635,0.06975549459457397,106.5,34209792,111.2,90,2360
536576,262,0.010530472,-0.00023424416,52.289000000000016,478.91,0.87313503,258.88477,140,14160.86025929451,0.001910468,0.07821077108383179,106.2,34340864,111.2,90,2409
538624,263,0.01689148,-0.0002001867,57.88300000000002,463.01,0.8617232,280.92255,135,14216.235499382019,0.0022108408,0.07417488098144531,106.7,34471936,111.2,90,2367
540672,264,0.037130356,0.00082358334,59.876000000000005,473.11,0.86478865,262.77097,147,14270.844998836517,0.003625021,0.0730319619178772,105.5,34603008,111.2,90,2400
542720,265,0.016195297,-0.00039384014,38.406,567.69,0.87059176,245.24225,152,14324.995429754257,0.002316928,0.08044165372848511,105.0,34734080,111.2,90,2420
544768,266,0.017999649,1.4683395e-05,53.88700000000001,482.95,0.87431556,261.64923,122,14380.138817548752,0.00264619,0.07045263051986694,108.0,34865152,111.2,90,2377
546816,267,0.012176514,-0.00011066849,66.564,436.26,0.86010385,267.85834,163,14435.269363880157,0.002407726,0.07663798332214355,103.9,34996224,111.2,90,2377
548864,268,0.007736206,-0.00023889204,54.95099999999999,472.31,0.86743355,264.03467,149,14489.56260728836,0.0020010173,0.07602280378341675,105.3,35127296,111.2,90,2414
550912,269,0.013061523,-0.000112175825,55.46000000000001,497.25,0.87515587,247.97574,133,14544.717308044434,0.0022495203,0.07458049058914185,106.9,35258368,111.2,90,2376
552960,270,0.007493973,-0.00021194149,60.248999999999995,459.37,0.8661074,244.49106,130,14598.421974658966,0.0016610536,0.0793536901473999,107.2,35389440,111.2,90,2440
555008,271,0.011016846,-0.00046985218,43.83800000000001,543.4,0.86072457,250.23755,158,14652.316631555557,0.0020508498,0.07499951124191284,104.4,35520512,111.2,90,2432
557056,272,7.05719e-05,-0.00025899106,49.193000000000005,519.88,0.8671766,258.11166,119,14706.376077890396,0.0005586628,0.07689344882965088,108.3,35651584,111.2,90,2424
559104,273,0.005586624,-0.0004152887,64.41900000000001,447.7,0.8619321,260.93542,148,14760.962236642838,0.0018447082,0.08599269390106201,105.4,35782656,111.2,90,2401
561152,274,0.07056999,0.0025014286,76.11500000000001,370.78,0.85627043,277.1396,119,14816.417344093323,0.0061789346,0.08898621797561646,108.3,35913728,111.2,90,2363
563200,275,0.008987427,-0.0003156597,62.071,471.18,0.869212,258.3938,147,14871.57693862915,0.002306406,0.08256304264068604,105.5,36044800,111.2,90,2376
565248,276,0.003616333,-0.00023377244,58.18500000000001,470.0,0.8421333,289.25443,123,14925.763707876205,0.0017531222,0.09410858154296875,107.9,36175872,111.2,90,2419
567296,277,0.0036354065,-0.0004304414,57.903,462.81,0.8515525,267.34433,108,14979.353380918503,0.0020405015,0.09457743167877197,109.4,36306944,111.2,90,2446
569344,278,0.021240234,-3.0564963e-05,66.09599999999999,440.94,0.8509197,293.69577,165,15033.05128288269,0.0027806454,0.09716284275054932,103.7,36438016,111.2,90,2441
571392,279,0.01004982,-0.00064521155,63.996,431.91,0.8327192,290.01566,131,15086.771927118301,0.002533535,0.09928923845291138,107.1,36569088,111.2,90,2439
573440,280,0.004020691,-0.00039784127,60.856000000000016,433.28,0.82514733,298.04114,128,15140.362322568893,0.0016067879,0.09419703483581543,107.4,36700160,111.2,90,2445
575488,281,0.011850357,-0.00032410945,66.833,443.58,0.8330598,297.81253,145,15193.756131649017,0.0025369164,0.09498172998428345,105.7,36831232,111.2,90,2455
577536,282,0.047275543,0.0006319619,69.724,414.67,0.8307241,283.1203,134,15247.30804157257,0.0043095667,0.10407900810241699,106.8,36962304,111.2,90,2447
579584,283,0.046060562,0.0010909981,68.979,422.12,0.8366747,297.50653,108,15301.028586149216,0.0044501745,0.0969206690788269,109.4,37093376,111.2,90,2439
581632,284,0.04837227,0.0011649703,62.04600000000001,451.41,0.82893836,302.47223,127,15355.707361221313,0.004790361,0.10409188270568848,107.5,37224448,111.2,90,2397
583680,285,0.020513535,6.37127e-05,69.97399999999999,402.16,0.83814853,311.51306,144,15409.368547677994,0.0026040573,0.10431259870529175,105.8,37355520,111.2,90,2442
585728,286,0.033988953,-0.00069802505,75.84100000000001,373.52,0.82948756,321.82706,126,15464.652444839478,0.0046141176,0.10500800609588623,107.6,37486592,111.2,90,2370
587776,287,0.012105942,-0.00048900716,67.786,414.03,0.8228564,311.8212,148,15519.031788110733,0.0024043636,0.11310923099517822,105.4,37617664,111.2,90,2410
589824,288,0.007501602,-0.00045309044,76.08099999999999,381.13,0.8122566,320.06918,152,15573.42657494545,0.0022932072,0.11943632364273071,105.0,37748736,111.2,90,2409
591872,289,0.010816574,-0.00022408064,69.305,408.85,0.80473256,316.34903,93,15627.990467309952,0.0021455525,0.12325900793075562,110.9,37879808,111.2,90,2402
593920,290,0.014200211,-0.00010683783,73.594,355.95,0.79141873,315.52026,102,15682.118467330933,0.0022612445,0.12223672866821289,110.0,38010880,111.2,90,2421
595968,291,0.023683548,5.412847e-05,80.42599999999999,357.7,0.77822995,336.5527,106,15737.603498458862,0.0027686094,0.11778503656387329,109.6,38141952,111.2,90,2363
598016,292,0.057914734,0.001614684,70.77899999999998,404.12,0.7971341,300.18347,130,15791.443074464798,0.00482725,0.12396359443664551,107.2,38273024,111.2,90,2434
600064,293,0.037521362,0.00037666666,75.365,368.27,0.7791004,305.64853,138,15845.404342889786,0.0038404802,0.1246611475944519,106.4,38404096,111.2,90,2429
602112,294,0.05177307,0.0015328354,68.03800000000001,391.49,0.7710389,298.6274,153,15900.872964859009,0.004993068,0.12693732976913452,104.9,38535168,111.2,90,2363
604160,295,0.038700104,-0.0014755783,70.28699999999999,399.03,0.73760664,252.67636,136,15955.360087156296,0.0038035533,0.11692965030670166,106.6,38666240,111.2,90,2405
606208,296,0.018808365,-0.0013551798,76.172,360.2,0.749346,289.99945,135,16010.873704433441,0.0028549535,0.1253027319908142,106.7,38797312,111.2,90,2361
608256,297,0.039922714,0.00037609314,66.426,407.61,0.75616324,296.69324,109,16065.505278348923,0.003904726,0.1326366662979126,109.3,38928384,111.2,90,2399
610304,298,0.058050156,0.0015912298,72.166,380.24,0.77222633,289.4246,134,16119.95252943039,0.004841171,0.13356488943099976,106.8,39059456,111.2,90,2407
612352,299,0.042936325,0.0006058072,77.477,367.17,0.7349952,315.3665,131,16174.01214003563,0.0037386958,0.13915222883224487,107.1,39190528,111.2,90,2424
614400,300,0.052164078,0.0012531559,69.936,382.52,0.7474922,306.727,126,16229.232191801071,0.004534846,0.13718187808990479,107.6,39321600,111.2,90,2373
616448,301,0.045387268,0.0007277073,73.49,367.0,0.7722708,309.38116,120,16283.853152275085,0.0040163347,0.14020472764968872,108.2,39452672,111.2,90,2400
618496,302,0.0053653717,-0.00041980745,83.859,313.36,0.7711151,312.983,121,16338.335649490356,0.0022455014,0.14542627334594727,108.1,39583744,111.2,90,2405
620544,303,0.0030765533,-0.00039318157,82.404,337.92,0.7799417,301.5413,147,16392.912801504135,0.0021009573,0.13608747720718384,105.5,39714816,111.2,90,2401
622592,304,0.004562378,-0.00037962402,85.119,320.78,0.77220523,316.06207,132,16447.18671154976,0.001592159,0.1430872678756714,107.0,39845888,111.2,90,2415
624640,305,0.013950348,-0.00053493364,81.767,334.28,0.7579883,322.0942,135,16502.638305187225,0.002486506,0.1513153314590454,106.7,39976960,111.2,90,2363
626688,306,0.018259048,0.00035425168,84.21099999999998,319.85,0.7496992,326.15118,121,16558.43696951866,0.0025471884,0.15259772539138794,108.1,40108032,111.2,90,2349
628736,307,0.011270523,-0.00022741476,77.274,359.19,0.7509776,303.1262,138,16612.86087322235,0.0016089815,0.14861464500427246,106.4,40239104,111.2,90,2408
630784,308,0.0036830902,-0.00017366675,79.64399999999999,355.51,0.76821613,310.2325,120,16666.865362882614,0.0010916317,0.15388602018356323,108.2,40370176,111.2,90,2427
632832,309,0.007993698,-0.00014317082,85.615,305.81,0.75488144,304.8444,131,16720.876037597656,0.0016345319,0.16328370571136475,107.1,40501248,111.2,90,2426
634880,310,0.040920258,0.0014447755,79.428,347.66,0.7353896,302.5532,132,16774.76754260063,0.004375353,0.16208845376968384,107.0,40632320,111.2,90,2432
636928,311,0.033956528,0.00071876345,78.453,337.39,0.7425253,290.27286,126,16828.714923858643,0.0036000817,0.16597145795822144,107.6,40763392,111.2,90,2430
638976,312,0.047973633,0.0016495265,83.26800000000001,319.27,0.7379023,295.521,136,16882.794024944305,0.0052207913,0.16845226287841797,106.6,40894464,111.2,90,2423
641024,313,0.012945175,-0.0003392809,73.27100000000002,399.22,0.7484246,274.3024,142,16936.500910043716,0.0023950883,0.17336273193359375,106.0,41025536,111.2,90,2440
643072,314,0.030540466,0.0002750479,78.184,340.08,0.7337383,295.9417,148,16991.922249555588,0.003656056,0.1834905743598938,105.4,41156608,111.2,90,2365
645120,315,0.06327057,0.0022117656,69.44999999999999,377.37,0.72773916,279.98956,135,17046.95652604103,0.0062246416,0.17521673440933228,106.7,41287680,111.2,90,2381
647168,316,0.012420654,-0.00029016525,84.71900000000001,324.78,0.72519857,286.72116,120,17102.12109065056,0.0017461664,0.17227870225906372,108.2,41418752,111.2,90,2376
649216,317,0.012260437,-0.00042026554,80.771,344.24,0.72140115,303.63147,129,17156.603627204895,0.0018530565,0.16996759176254272,107.3,41549824,111.2,90,2405
651264,318,0.0102825165,-0.00019601888,85.89400000000002,313.03,0.72958404,301.91425,140,17211.215408086777,0.0019346967,0.18218648433685303,106.2,41680896,111.2,90,2400
653312,319,0.008960724,-0.00033938244,87.34100000000001,298.56,0.711744,319.04062,119,17265.43527841568,0.0015948705,0.1849745512008667,108.3,41811968,111.2,90,2417
655360,320,0.010261536,-0.00031163095,88.75299999999999,284.44,0.73734623,291.3962,112,17320.940096616745,0.0017827045,0.20107388496398926,109.0,41943040,111.2,90,2361
657408,321,0.008447647,-0.00010143953,86.488,287.07,0.72420645,311.8191,124,17375.171981811523,0.0019313068,0.1927528977394104,107.8,42074112,111.2,90,2417
659456,322,0.012237549,1.8474067e-05,81.727,314.66,0.73485976,306.66174,131,17429.418946504593,0.0017642442,0.20263022184371948,107.1,42205184,111.2,90,2416
661504,323,0.014135361,-0.00060274283,86.117,320.81,0.7278605,311.1034,129,17482.994562864304,0.0021155067,0.1998356580734253,107.3,42336256,111.2,90,2446
663552,324,0.027086258,0.0005191982,75.527,346.63,0.713245,316.6863,125,17536.9406850338,0.002927057,0.2016136646270752,107.7,42467328,111.2,90,2429
665600,325,0.015340805,-0.00024372697,85.307,308.89,0.69502574,321.8557,124,17591.514544725418,0.0021956963,0.20459973812103271,107.8,42598400,111.2,90,2401
667648,326,0.024272919,0.0003295836,86.538,296.58,0.71198535,315.54248,102,17647.146914482117,0.0030229911,0.2117389440536499,110.0,42729472,111.2,90,2356
669696,327,0.021966934,0.00034936832,85.31200000000001,318.85,0.70621324,314.30258,126,17702.720479488373,0.0026502048,0.21981751918792725,107.6,42860544,111.2,90,2358
671744,328,0.044107437,0.0014785107,82.00299999999999,321.91,0.68694514,317.53845,130,17757.676198005676,0.0045270426,0.20707672834396362,107.2,42991616,111.2,90,2385
673792,329,0.06048584,0.0020996823,84.999,311.97,0.6695307,308.80115,120,17811.992511034012,0.005513024,0.20630204677581787,108.2,43122688,111.2,90,2413
675840,330,0.06018448,0.0026168253,82.337,308.56,0.6635596,310.14386,140,17866.18787765503,0.005024439,0.21745222806930542,106.2,43253760,111.2,90,2418
677888,331,0.024227142,-0.00082731433,81.007,311.85,0.6585022,296.76343,136,17921.35409474373,0.002407504,0.21059256792068481,106.6,43384832,111.2,90,2376
679936,332,0.018241882,-0.0009008307,87.26400000000001,299.33,0.66070956,310.88043,124,17976.216369390488,0.0025119598,0.22039735317230225,107.8,43515904,111.2,90,2389
681984,333,0.034313202,0.000410474,81.03300000000002,321.6,0.6761441,305.7813,120,18031.83995604515,0.003148857,0.22030305862426758,108.2,43646976,111.2,90,2356
684032,334,0.09632492,0.005477412,83.40900000000002,317.86,0.66662127,292.94034,120,18086.98987841606,0.008541895,0.23344439268112183,108.2,43778048,111.2,90,2376
686080,335,0.02238655,3.8480975e-05,86.061,321.37,0.66481763,280.6601,127,18141.702657461166,0.0023066949,0.2343040108680725,107.5,43909120,111.2,90,2395
688128,336,0.012105942,-0.00047417684,88.527,296.71,0.6640557,294.37158,129,18196.602911233902,0.0022007683,0.23372787237167358,107.3,44040192,111.2,90,2387
690176,337,0.0059070587,-0.00021657797,80.055,341.39,0.66710943,283.5206,114,18251.112966537476,0.0010191258,0.23035567998886108,108.8,44171264,111.2,90,2404
692224,338,0.006383896,-0.00050714053,83.46900000000001,317.26,0.65780944,300.31403,121,18305.25026202202,0.0019367082,0.238822340965271,108.1,44302336,111.2,90,2421
694272,339,0.0062351227,-0.00053030066,90.809,283.9,0.6598374,302.42426,122,18360.46881866455,0.0019723442,0.22500824928283691,108.0,44433408,111.2,90,2373
696320,340,0.006044388,-0.00034026528,82.811,323.84,0.6598798,290.92166,126,18415.401985883713,0.001890635,0.2477063536643982,107.6,44564480,111.2,90,2386
698368,341,0.006591797,-0.00016535193,89.20600000000002,279.91,0.6532729,296.43008,127,18470.521810293198,0.0019169698,0.247697114944458,107.5,44695552,111.2,90,2378
700416,342,0.006761551,-0.00017335285,91.41999999999999,277.79,0.6379234,304.02975,123,18525.19758439064,0.0015442795,0.24675345420837402,107.9,44826624,111.2,90,2397
702464,343,0.0076084137,-0.00028459518,87.97,302.28,0.6428151,301.90494,127,18580.01963543892,0.001238994,0.23878246545791626,107.5,44957696,111.2,90,2390
704512,344,0.0067596436,-0.00041307285,91.852,263.46,0.63448876,311.51993,134,18635.85352087021,0.0020503318,0.26032644510269165,106.8,45088768,111.2,90,2347
706560,345,0.004137039,-0.00027583403,90.45,267.47,0.63126445,308.00388,117,18689.873712062836,0.0016012081,0.2534598112106323,108.5,45219840,111.2,90,2426
708608,346,0.0017757416,-0.00014714297,88.013,271.82,0.65001065,299.80673,108,18745.44557595253,0.0010716466,0.259310245513916,109.4,45350912,111.2,90,2358
710656,347,0.0042972565,-0.0003198004,91.646,265.52,0.6386514,314.88885,126,18800.61489534378,0.001505954,0.24610787630081177,107.6,45481984,111.2,90,2375
712704,348,0.003189087,-0.00020924577,86.48899999999999,297.07,0.6405514,305.5414,110,18854.693990707397,0.0016722055,0.25713545083999634,109.2,45613056,111.2,90,2423
714752,349,0.005914688,-2.4532153e-05,91.24299999999998,269.55,0.63425875,313.05716,134,18910.03273177147,0.0013444519,0.2497028112411499,106.8,45744128,111.2,90,2368
716800,350,0.0016899109,-0.00016277524,88.944,292.54,0.62879694,312.22723,127,18965.868597507477,0.0008361666,0.2634505033493042,107.5,45875200,111.2,90,2347
718848,351,0.031965256,0.0008761276,88.887,273.09,0.63194597,314.43738,104,19021.201516389847,0.003649225,0.25117242336273193,109.8,46006272,111.2,90,2369
720896,352,0.08917236,0.0040285466,90.43,257.66,0.6356672,308.68384,94,19077.16163802147,0.0070806323,0.2576218247413635,110.8,46137344,111.2,90,2342
722944,353,0.038202286,0.0008302005,83.895,302.99,0.63770646,302.1288,125,19133.0168902874,0.0033393393,0.26721489429473877,107.7,46268416,111.2,90,2346
724992,354,0.0018806458,-9.9969286e-05,88.82300000000004,273.73,0.6238565,306.67715,118,19188.010915517807,0.0012427103,0.26045089960098267,108.4,46399488,111.2,90,2383
727040,355,0.0057315826,-0.00022398663,86.99599999999998,302.01,0.6120614,306.76703,129,19242.683346033096,0.0014489713,0.26649701595306396,107.3,46530560,111.2,90,2397
729088,356,0.0023345947,-0.00019780236,88.83699999999999,273.59,0.6152699,299.82437,98,19297.385313749313,0.0010157039,0.275951623916626,110.4,46661632,111.2,90,2396
731136,357,0.0048923492,-0.00025739253,89.53700000000002,276.6,0.61438787,306.53955,123,19352.20354437828,0.0016675662,0.270425021648407,107.9,46792704,111.2,90,2391
733184,358,0.0055618286,-0.0001655751,91.88199999999999,273.17,0.60381854,303.28033,117,19407.10045361519,0.0012227577,0.2618902325630188,108.5,46923776,111.2,90,2387
735232,359,0.0038814545,-0.00016982871,82.735,314.59,0.60871077,299.6206,118,19462.884858846664,0.0010128248,0.270283579826355,108.4,47054848,111.2,90,2349
737280,360,0.004014969,-0.00039981204,89.17499999999998,290.23,0.6044482,307.09708,114,19517.759615182877,0.0018690578,0.2761869430541992,108.8,47185920,111.2,90,2388
739328,361,0.0068893433,-0.00027377444,90.31599999999999,278.82,0.5992464,314.4866,121,19572.455448150635,0.0019318552,0.26654577255249023,108.1,47316992,111.2,90,2397
741376,362,0.018993378,5.2366297e-05,90.59299999999999,286.06,0.60935336,317.16736,129,19627.827934026718,0.0023212756,0.23868972063064575,107.3,47448064,111.2,90,2367
743424,363,0.026735306,0.00014106432,94.34499999999998,258.55,0.6059898,310.25568,133,19682.32848906517,0.0028912197,0.26024365425109863,106.9,47579136,111.2,90,2405
745472,364,0.03802681,0.0011044499,91.70600000000002,264.92,0.59524024,326.84305,122,19737.25311732292,0.003543683,0.246457040309906,108.0,47710208,111.2,90,2386
747520,365,0.012716293,-0.00054508436,92.52199999999999,256.76,0.5958246,323.1194,134,19791.932933807373,0.0018193425,0.24619537591934204,106.8,47841280,111.2,90,2397
749568,366,0.016716003,0.0001462436,90.87900000000002,273.19,0.5938656,320.69537,120,19846.482529640198,0.0019553632,0.2597520351409912,108.2,47972352,111.2,90,2402
751616,367,0.037843704,0.0009621871,94.569,246.3,0.5840025,308.2363,128,19901.568408727646,0.0034607295,0.2560114860534668,107.4,48103424,111.2,90,2379
753664,368,0.015995026,0.00013175263,89.7,274.97,0.592839,308.93552,135,19957.37922811508,0.0018527886,0.2711590528488159,106.7,48234496,111.2,90,2348
755712,369,0.009220123,-0.00044781255,91.89699999999998,263.01,0.57781464,317.7225,129,20013.464208126068,0.0016817753,0.24384623765945435,107.3,48365568,111.2,90,2337
757760,370,0.009693146,-0.0005212812,84.05,321.46,0.6052529,307.98114,132,20068.537944555283,0.0021519577,0.26369667053222656,107.0,48496640,111.2,90,2380
759808,371,0.014051437,-0.0005498711,87.06299999999999,301.34,0.59603214,312.36502,114,20124.43717765808,0.0022659153,0.2553437352180481,108.8,48627712,111.2,90,2345
761856,372,0.0030155182,-0.0002917237,91.53099999999999,266.67,0.6046079,313.44434,133,20179.73226571083,0.00090050406,0.2668660283088684,106.9,48758784,111.2,90,2370
763904,373,0.00431633,-0.00021931363,86.13199999999999,290.63,0.5947586,315.3336,126,20234.02705860138,0.0017502083,0.27520179748535156,107.6,48889856,111.2,90,2414
765952,374,0.0029773712,-0.00016077387,91.98899999999999,262.09,0.5956819,307.96268,140,20289.999578237534,0.0009441201,0.2785415053367615,106.2,49020928,111.2,90,2341
768000,375,0.0026512146,-0.00034403562,87.10600000000001,290.9,0.58925897,314.36578,121,20345.39914417267,0.0010871782,0.27624762058258057,108.1,49152000,111.2,90,2366
770048,376,0.0055656433,-0.00022428845,86.969,282.26,0.5795693,320.1428,118,20401.3111307621,0.0016832758,0.26237601041793823,108.4,49283072,111.2,90,2344
772096,377,0.0012016296,-0.00022108389,82.84499999999998,303.48,0.5853768,316.5308,120,20455.952495336533,0.0008698429,0.28193604946136475,108.2,49414144,111.2,90,2398
774144,378,0.003396988,-0.00015751427,96.80300000000001,233.97,0.5933975,312.74576,99,20511.346204042435,0.0014025122,0.2850871682167053,110.3,49545216,111.2,90,2366
776192,379,0.005613327,-0.00024676617,91.888,273.11,0.571239,325.40933,115,20565.7974755764,0.0014327115,0.2659186124801636,108.7,49676288,111.2,90,2407
778240,380,0.0010528564,-0.00015591038,88.2,279.96,0.5804794,309.88354,126,20621.600287914276,0.00084129465,0.2857532501220703,107.6,49807360,111.2,90,2349
780288,381,0.0015773773,-0.00029310846,91.29800000000002,279.01,0.57741886,309.8557,112,20677.0848300457,0.001114653,0.28651541471481323,109.0,49938432,111.2,90,2363
782336,382,0.003063202,-0.0002719042,90.74700000000001,274.51,0.56191707,321.36743,139,20732.78502225876,0.0013019732,0.2788059115409851,106.3,50069504,111.2,90,2353
784384,383,0.0014019012,-7.078028e-05,79.87700000000001,333.16,0.5731181,319.97314,122,20788.237221956253,0.00076587265,0.2739534378051758,108.0,50200576,111.2,90,2363
786432,384,0.0016517639,-0.00017692482,91.196,260.01,0.5711945,324.4075,109,20844.651012659073,0.0007767503,0.28643786907196045,109.3,50331648,111.2,90,2323
788480,385,0.0032291412,-0.00010264705,91.12899999999999,250.67,0.57004803,322.67136,132,20899.536453723907,0.0010556612,0.2751005291938782,107.0,50462720,111.2,90,2388
790528,386,0.019706726,0.00045448786,92.70100000000001,254.97,0.558848,323.40637,117,20954.72025203705,0.002389977,0.29058539867401123,108.5,50593792,111.2,90,2375
792576,387,0.011312485,1.9589163e-05,92.32500000000002,258.73,0.55234015,310.52057,134,21009.442345142365,0.00150081,0.27981388568878174,106.8,50724864,111.2,90,2395
794624,388,0.008050919,-0.00071574835,88.07700000000003,281.19,0.55777204,304.57175,117,21064.64089488983,0.0016546127,0.28654396533966064,108.5,50855936,111.2,90,2374
796672,389,0.045200348,0.0014464736,89.64399999999999,275.53,0.54590684,315.34668,115,21119.795113563538,0.003764067,0.2670927047729492,108.7,50987008,111.2,90,2376
798720,390,0.06881714,0.0017547328,87.333,308.65,0.5545554,296.14984,126,21175.92251777649,0.005340778,0.30298107862472534,107.6,51118080,111.2,90,2335
800768,391,0.035284042,0.0008323013,97.149,220.5,0.5457288,313.50497,105,21231.126056671143,0.002935318,0.25155359506607056,109.7,51249152,111.2,90,2375
802816,392,0.074611664,0.003471632,89.37700000000002,278.2,0.5601619,303.18307,115,21286.416876077652,0.0064339857,0.2743925452232361,108.7,51380224,111.2,90,2370
804864,393,0.08533096,0.004337569,88.207,289.9,0.55382365,295.4235,113,21342.317296743393,0.0076464564,0.2730844020843506,108.9,51511296,111.2,90,2344
806912,394,0.01268959,-0.00048054656,92.31200000000001,258.86,0.56388694,279.79022,117,21397.18602180481,0.0021192913,0.28674447536468506,108.5,51642368,111.2,90,2388
808960,395,0.0062217712,-0.0005072631,93.608,245.9,0.55663705,279.61444,116,21452.34268975258,0.0018296537,0.2794613838195801,108.6,51773440,111.2,90,2376
811008,396,0.0025787354,-0.00017586735,89.35,268.46,0.5548931,286.42874,101,21507.576355218887,0.0009808859,0.2923394441604614,110.1,51904512,111.2,90,2373
813056,397,0.0035514832,-0.00024273703,97.29199999999997,229.08,0.5568635,284.77786,114,21562.45261836052,0.0013584448,0.2841714024543762,108.8,52035584,111.2,90,2388
815104,398,0.004535675,-0.00024319078,92.68199999999997,255.16,0.5511998,290.6865,124,21617.189413547516,0.0011423132,0.285602867603302,107.8,52166656,111.2,90,2394
817152,399,0.002439499,-5.7208857e-05,90.258,259.38,0.5466708,284.5706,108,21671.94125509262,0.0008416433,0.29728013277053833,109.4,52297728,111.2,90,2394
819200,400,0.0014133453,-0.00017939752,91.067,261.3,0.5472357,289.53555,114,21727.660106897354,0.0013122765,0.277363657951355,108.8,52428800,111.2,90,2352
821248,401,0.0017871857,-0.00020176193,84.387,298.07,0.5538235,288.424,108,21782.661660671234,0.00083972694,0.3012734651565552,109.4,52559872,111.2,90,2383
823296,402,0.004432678,-0.00019944516,91.00299999999999,251.93,0.54810053,289.41708,110,21838.31115961075,0.0012639549,0.28985893726348877,109.2,52690944,111.2,90,2355
825344,403,0.0036239624,-0.00030322134,93.008,261.91,0.54511255,292.3256,122,21894.07327914238,0.0013554415,0.28387290239334106,108.0,52822016,111.2,90,2350
827392,404,0.0043621063,-0.0002773643,89.23200000000001,289.66,0.55963564,283.98453,104,21948.786936998367,0.0013485795,0.3057783842086792,109.8,52953088,111.2,90,2395
829440,405,0.001914978,-0.00021764288,90.15299999999999,260.43,0.5425783,287.014,131,22003.808365106583,0.0010175258,0.3118102550506592,107.1,53084160,111.2,90,2382
831488,406,0.007425308,-0.00043439906,94.609,245.9,0.5326871,299.33563,115,22059.068786382675,0.0015002955,0.2885425090789795,108.7,53215232,111.2,90,2372
833536,407,0.007209778,6.2734e-05,94.56000000000002,246.39,0.5414636,288.83127,124,22113.2554769516,0.0014904044,0.3171476125717163,107.8,53346304,111.2,90,2419
835584,408,0.004333496,-0.00034096988,93.13900000000001,260.6,0.5385351,295.77563,123,22168.53427886963,0.0017644485,0.3034151792526245,107.9,53477376,111.2,90,2371
837632,409,0.0007801056,-0.00019733587,94.36099999999999,248.38,0.5363867,295.9009,103,22223.510142326355,0.0006463445,0.30742204189300537,109.9,53608448,111.2,90,2384
839680,410,0.0026226044,-0.000265876,90.48,257.16,0.5268092,295.2933,115,22278.431101560593,0.00109719,0.3088715076446533,108.7,53739520,111.2,90,2386
841728,411,0.004219055,-0.00040054793,86.289,289.06,0.5273001,292.88266,125,22332.690540790558,0.001550929,0.3168051242828369,107.7,53870592,111.2,90,2416
843776,412,0.005367279,-0.00016705459,81.157,320.36,0.5354947,296.71225,131,22388.383839845657,0.0015770613,0.29737842082977295,107.1,54001664,111.2,90,2353
845824,413,0.0020370483,-7.4500014e-05,90.21400000000001,259.82,0.526262,301.90765,103,22443.620884895325,0.0012446512,0.28717339038848877,109.9,54132736,111.2,90,2373
847872,414,0.0021343231,-0.00016789927,89.094,271.02,0.5139957,302.15753,128,22499.1124522686,0.0010903238,0.3041539192199707,107.4,54263808,111.2,90,2362
849920,415,0.0049419403,4.3852357e-05,86.08600000000003,281.08,0.5266347,296.78592,110,22554.65407896042,0.0011710643,0.3189663290977478,109.2,54394880,111.2,90,2359
851968,416,0.0015830994,-5.71252e-05,94.21499999999996,249.84,0.5161202,300.67914,99,22609.616026878357,0.00096330704,0.29899269342422485,110.3,54525952,111.2,90,2384
854016,417,0.0055503845,-0.00013175074,96.13299999999998,240.67,0.52563816,301.78738,93,22665.170258760452,0.0014663157,0.3181384205818176,110.9,54657024,111.2,90,2359
856064,418,0.002243042,-0.00030078302,92.835,253.63,0.52501464,303.18256,117,22721.5509827137,0.0010454921,0.30362409353256226,108.5,54788096,111.2,90,2324
858112,419,0.0010166168,-0.0001106212,93.155,260.44,0.51641387,304.76013,119,22776.546528100967,0.0007061057,0.3001890182495117,108.3,54919168,111.2,90,2383
860160,420,0.0037517548,-7.838532e-05,90.911,272.87,0.515664,305.29898,98,22831.022201776505,0.0011718428,0.2902442216873169,110.4,55050240,111.2,90,2406
862208,421,0.0040779114,-0.00020690636,95.53299999999999,246.67,0.5192182,309.05606,108,22885.41602087021,0.001480631,0.28865116834640503,109.4,55181312,111.2,90,2410
864256,422,0.0025253296,-0.00019644799,90.33700000000003,258.59,0.52214056,306.71805,110,22939.97339987755,0.001063371,0.29495275020599365,109.2,55312384,111.2,90,2402
866304,423,0.005334854,-8.053511e-05,85.314,298.81,0.51991117,306.7217,121,22995.93701863289,0.0013283481,0.2979918122291565,108.1,55443456,111.2,90,2342
868352,424,0.0026721954,-0.00020087475,92.345,258.53,0.5143596,311.2482,107,23051.408304691315,0.0014725586,0.29294514656066895,109.5,55574528,111.2,90,2363
870400,425,0.005449295,-0.00019861794,95.624,225.74,0.5140705,305.6671,121,23106.7924015522,0.0014401987,0.30946463346481323,108.1,55705600,111.2,90,2366
872448,426,0.004350662,-0.00015036418,87.21499999999997,279.8,0.52872026,305.69946,112,23162.397655010223,0.0011141292,0.31070148944854736,109.0,55836672,111.2,90,2357
874496,427,0.008369446,-6.475464e-05,89.23700000000002,269.59,0.522101,305.2297,115,23218.09362745285,0.0017364373,0.32295459508895874,108.7,55967744,111.2,90,2353
876544,428,0.06590843,0.0031602974,93.737,244.61,0.5099636,309.1911,112,23273.94082903862,0.005690206,0.30756324529647827,109.0,56098816,111.2,90,2347
878592,429,0.036380768,0.0015951758,95.37800000000001,238.21,0.52466756,305.45172,117,23329.680555343628,0.0033815457,0.2981013059616089,108.5,56229888,111.2,90,2351
880640,430,0.04254341,0.00084797345,95.12500000000001,250.75,0.5457916,279.0027,122,23384.986761808395,0.0037213217,0.3314007520675659,108.0,56360960,111.2,90,2370
882688,431,0.016485214,-0.00040499424,88.575,276.21,0.53073144,292.2552,109,23440.917778253555,0.002133029,0.29685574769973755,109.3,56492032,111.2,90,2344
884736,432,0.0391407,0.0011417131,88.396,278.0,0.5366742,278.48267,132,23496.33980536461,0.0031732535,0.31721383333206177,107.0,56623104,111.2,90,2365
886784,433,0.060577393,0.0021152657,89.57,266.26,0.51781905,285.76636,129,23551.676425218582,0.0050326223,0.32533764839172363,107.3,56754176,111.2,90,2368
888832,434,0.07375908,0.004141554,90.186,260.1,0.5055721,286.5078,97,23606.438675880432,0.006455923,0.2996743321418762,110.5,56885248,111.2,90,2393
890880,435,0.055419922,0.0020710719,88.12799999999997,290.69,0.5070761,279.43835,114,23661.13533306122,0.004621081,0.32067471742630005,108.8,57016320,111.2,90,2396
892928,436,0.040708542,0.0014955597,92.47,247.27,0.5043865,275.27264,88,23717.006833791733,0.004006349,0.3229951858520508,111.4,57147392,111.4,88,2346
894976,437,0.027479172,0.000647817,93.59499999999998,246.03,0.51079476,265.49994,106,23773.69375181198,0.002672935,0.3432351350784302,109.6,57278464,111.4,88,2312
897024,438,0.0019817352,-0.0001535764,93.46600000000001,247.32,0.5086921,277.24042,125,23829.285712242126,0.001184572,0.3091636300086975,107.7,57409536,111.4,88,2357
899072,439,0.036384583,0.0016001294,91.32300000000001,258.74,0.50104696,264.5896,119,23884.430645942688,0.0033414396,0.31574898958206177,108.3,57540608,111.4,88,2376
901120,440,0.021411896,0.00040801775,97.67199999999998,225.28,0.49263054,261.56934,123,23938.841814041138,0.0021324228,0.3206997513771057,107.9,57671680,111.4,88,2409
903168,441,0.039102554,0.0010826912,93.82800000000002,243.7,0.49415228,262.68527,111,23994.195364952087,0.0034258836,0.29784107208251953,109.1,57802752,111.4,88,2368
905216,442,0.04648781,0.0011359584,97.396,228.04,0.49222118,254.22,113,24050.26523566246,0.0039283433,0.29555201530456543,108.9,57933824,111.4,88,2337
907264,443,0.022201538,0.00047228264,98.15700000000001,220.43,0.48685217,254.46259,114,24107.060906887054,0.0020576005,0.30098026990890503,108.8,58064896,111.4,88,2307
909312,444,0.020908356,0.00057965744,96.124,240.76,0.49272865,259.17487,126,24162.238463401794,0.0021481642,0.30957257747650146,107.6,58195968,111.4,88,2375
911360,445,0.03087616,0.00076606136,95.725,244.75,0.49358892,259.13416,110,24218.380205869675,0.0028670838,0.30650222301483154,109.2,58327040,111.4,88,2334
913408,446,0.01817894,0.00036654322,88.73600000000002,274.6,0.5007863,255.60085,115,24273.529578208923,0.001865929,0.32490992546081543,108.7,58458112,111.4,88,2376
915456,447,0.023889542,0.00039028487,89.22699999999999,269.69,0.49316603,263.73123,119,24328.284888505936,0.0023801497,0.3009459972381592,108.3,58589184,111.4,88,2393
917504,448,0.0056705475,-0.00035792546,89.04900000000002,261.46,0.5098106,259.0996,115,24383.01223230362,0.001182876,0.32148754596710205,108.7,58720256,111.4,88,2395
919552,449,0.008024216,-0.00015885082,94.08699999999999,251.12,0.49731615,251.27844,118,24437.396580457687,0.0012566012,0.321030855178833,108.4,58851328,111.4,88,2410
921600,450,0.027988434,0.00093308685,92.0,241.96,0.4967275,245.61069,116,24492.350533008575,0.0025677374,0.32894426584243774,108.6,58982400,111.4,88,2385
923648,451,0.017145157,0.0002601269,97.543,226.57,0.48638776,243.61806,118,24546.992300510406,0.0018917042,0.3280508518218994,108.4,59113472,111.4,88,2399
925696,452,0.0114860535,5.5880446e-05,95.33099999999999,238.68,0.48614913,240.15468,104,24603.31800174713,0.0015456271,0.328100323677063,109.8,59244544,111.4,88,2327
927744,453,0.009260178,9.344262e-05,94.57599999999998,236.22,0.48503518,240.20056,108,24659.6960272789,0.0017468816,0.3319751024246216,109.4,59375616,111.4,88,2324
929792,454,0.015403748,0.00017803456,92.09200000000001,261.06,0.4732085,237.2662,108,24714.77502298355,0.0019449543,0.33114320039749146,109.4,59506688,111.4,88,2379
931840,455,0.0030918121,-0.00011494144,96.50699999999999,226.92,0.47632143,242.22917,111,24771.359855413437,0.0010066183,0.3110719323158264,109.1,59637760,111.4,88,2316
933888,456,0.013082504,0.00013022186,91.73200000000001,254.65,0.48418036,241.36316,126,24826.948215007782,0.0015465397,0.32662492990493774,107.6,59768832,111.4,88,2358
935936,457,0.033096313,0.00082458253,93.41400000000002,257.85,0.49000874,230.60625,105,24883.302895069122,0.0029393584,0.3246306777000427,109.7,59899904,111.4,88,2325
937984,458,0.048152924,0.002340716,92.87999999999998,263.19,0.48535612,228.66867,124,24938.723239660263,0.0039114445,0.3300599455833435,107.8,60030976,111.4,88,2365
940032,459,0.026651382,0.00047155103,96.455,227.44,0.47400817,222.68312,104,24993.33699297905,0.002501864,0.3270339369773865,109.8,60162048,111.4,88,2400
942080,460,0.006372452,-0.0002787325,96.03999999999998,231.59,0.4797889,224.47888,113,25049.70918917656,0.0013531501,0.332707941532135,108.9,60293120,111.4,88,2325
944128,461,0.015554428,0.00022490845,97.86300000000001,223.37,0.47616726,224.76918,123,25104.746754407883,0.0016380912,0.3504887819290161,107.9,60424192,111.4,88,2382
946176,462,0.022794724,0.00022536611,97.789,224.11,0.46631676,225.63887,113,25159.12505507469,0.0021253177,0.3466120958328247,108.9,60555264,111.4,88,2410
948224,463,0.024158478,-0.00034818702,97.86100000000002,213.38,0.46472493,226.63815,121,25215.186453819275,0.002456546,0.332069456577301,108.1,60686336,111.4,88,2338
950272,464,0.037210464,0.0014956271,96.93999999999998,232.6,0.46132922,222.0266,116,25271.461577415466,0.0030559346,0.33298999071121216,108.6,60817408,111.4,88,2329
952320,465,0.02703476,3.1518139e-06,95.896,243.04,0.4609171,218.30252,111,25327.652671337128,0.0027449268,0.32375675439834595,109.1,60948480,111.4,88,2332
954368,466,0.024972916,0.0006294011,98.465,217.35,0.4464577,216.12488,107,25383.207888364792,0.0023239173,0.3099803328514099,109.5,61079552,111.4,88,2359
956416,467,0.027807236,0.00056286936,90.68400000000001,255.12,0.45710543,212.18271,97,25438.54437851906,0.0024593964,0.33000755310058594,110.5,61210624,111.4,88,2368
958464,468,0.030750275,0.00029164684,92.016,251.81,0.4581587,210.3873,110,25493.688120365143,0.0028582457,0.3457184433937073,109.2,61341696,111.4,88,2377
960512,469,0.009881973,-0.00021089014,97.29,229.1,0.462711,218.04875,117,25549.01943421364,0.0015041709,0.3296077847480774,108.5,61472768,111.4,88,2368
962560,470,0.004415512,-0.0003382349,93.34700000000001,248.51,0.44945472,209.02855,124,25603.50385117531,0.0011377132,0.3396904468536377,107.8,61603840,111.4,88,2405
964608,471,0.021663666,0.00049023074,94.90799999999999,242.91,0.4538858,211.30952,112,25658.296597480774,0.0020211746,0.3269403576850891,109.0,61734912,111.4,88,2393
966656,472,0.0337677,0.0011033129,92.74599999999998,244.51,0.45369828,207.13066,100,25712.828826904297,0.0030322727,0.3188939094543457,110.2,61865984,111.4,88,2403
968704,473,0.0476799,0.0015238917,95.138,240.61,0.45964953,191.92188,117,25767.74297261238,0.004058667,0.3562111258506775,108.5,61997056,111.4,88,2386
970752,474,0.028779984,0.00090558483,95.889,223.09,0.44168568,195.23024,115,25822.846583366394,0.002480303,0.35370737314224243,108.7,62128128,111.4,88,2378
972800,475,0.053129196,0.0024334502,96.569,226.3,0.44652474,191.37701,121,25877.8060233593,0.0046535437,0.3470255136489868,108.1,62259200,111.4,88,2384
974848,476,0.016216278,-5.906947e-05,99.259,209.41,0.44656834,182.62709,123,25934.462394714355,0.0016002059,0.3427937626838684,107.9,62390272,111.4,88,2313
976896,477,0.006072998,-0.0003601965,96.03400000000002,221.64,0.44079697,183.28305,110,25991.204506635666,0.0012328336,0.3521721363067627,109.2,62521344,111.4,88,2310
978944,478,0.009096146,-0.00046799757,98.53599999999999,216.64,0.44475412,186.49156,104,26048.61909723282,0.0015797544,0.3468332886695862,109.8,62652416,111.4,88,2282
980992,479,0.005302429,-1.1890425e-06,95.81900000000002,223.79,0.44534954,186.87714,108,26103.582964897156,0.0011182295,0.3625926375389099,109.4,62783488,111.4,88,2384
983040,480,0.0045871735,-8.094577e-05,95.215,239.84,0.44218868,184.85036,100,26159.368853092194,0.0014510155,0.3688672184944153,110.2,62914560,111.4,88,2349
985088,481,0.020446777,0.0006202241,95.97399999999999,232.25,0.43165618,189.44731,118,26214.569764852524,0.0019183009,0.35535383224487305,108.4,63045632,111.4,88,2377
987136,482,0.040693283,0.001933266,92.65899999999999,265.4,0.4347185,192.19225,101,26269.453658103943,0.003574742,0.347844660282135,110.1,63176704,111.4,88,2388
989184,483,0.01622963,0.00046409405,89.04299999999999,251.51,0.43292317,183.40619,107,26324.815901517868,0.0017521433,0.364438533782959,109.5,63307776,111.4,88,2367
991232,484,0.012031555,2.8606823e-05,91.76399999999998,264.34,0.43660274,182.35095,126,26380.361543893814,0.0015119497,0.3586612343788147,107.6,63438848,111.4,88,2359
993280,485,0.020048141,0.0005419155,97.58199999999997,216.17,0.42958647,180.12247,102,26436.623457431793,0.0020717354,0.35209858417510986,110.0,63569920,111.4,88,2329
995328,486,0.01805687,-0.000103288534,92.85500000000002,243.42,0.43529943,176.11395,110,26491.84304189682,0.0020231802,0.4024243950843811,109.2,63700992,111.4,88,2373
997376,487,0.010480881,0.00028966472,93.60600000000001,245.92,0.44037768,180.23239,104,26546.512685775757,0.0012999817,0.38758546113967896,109.8,63832064,111.4,88,2397
999424,488,0.0035820007,-3.45468e-05,90.832,263.65,0.443837,184.32458,137,26601.166100025177,0.00082754437,0.37386053800582886,106.5,63963136,111.4,88,2398
1001472,489,0.0053138733,-8.356218e-05,98.362,208.37,0.43736616,182.62675,116,26655.883654117584,0.0013276277,0.3789174556732178,108.6,64094208,111.4,88,2395
1003520,490,0.003955841,-9.106095e-05,93.27599999999998,239.21,0.43996435,187.73373,116,26711.786413669586,0.0010241711,0.3726372718811035,108.6,64225280,111.4,88,2344
1005568,491,0.0050411224,-0.00018757029,95.763,234.36,0.43284443,190.27847,104,26767.27594923973,0.0012731357,0.3579317331314087,109.8,64356352,111.4,88,2364
1007616,492,0.0054397583,7.4937125e-05,95.32399999999998,238.75,0.44075355,190.93732,122,26823.489446878433,0.0011141272,0.36228054761886597,108.0,64487424,111.4,88,2331
1009664,493,0.0045833588,-5.5188964e-05,98.31299999999999,218.87,0.42640898,192.79497,117,26878.90318918228,0.00089101575,0.33896780014038086,108.5,64618496,111.4,88,2365
1011712,494,0.010351181,0.00013294151,95.06500000000004,231.33,0.4275864,181.7637,94,26933.35325241089,0.001553748,0.3815041184425354,110.8,64749568,111.4,88,2407
1013760,495,0.020149231,0.0005808864,87.39000000000001,288.06,0.43893656,180.61731,115,26987.592564105988,0.001877673,0.3819202184677124,108.7,64880640,111.4,88,2416
1015808,496,0.022886276,0.000539356,95.053,231.45,0.4331123,182.4311,110,27042.45201277733,0.0022267161,0.3715856671333313,109.2,65011712,111.4,88,2389
1017856,497,0.025522232,0.0006696389,97.075,221.24,0.42281643,181.60674,95,27098.927443027496,0.0022429936,0.36351335048675537,110.7,65142784,111.4,88,2320
1019904,498,0.011144638,-0.00012545398,95.33399999999997,228.64,0.42561826,177.07173,92,27153.635038375854,0.0014774909,0.3532365560531616,111.0,65273856,111.4,88,2396
1021952,499,0.013425827,0.00016424255,97.91000000000003,222.9,0.4234582,172.816,115,27208.294981956482,0.0014696801,0.37429267168045044,108.7,65404928,111.4,88,2398
1024000,500,0.0216465,0.00067441334,93.89999999999998,232.97,0.42236912,169.58548,121,27262.743665456772,0.0019283297,0.38351523876190186,108.1,65536000,111.4,88,2407
1026048,501,0.037513733,0.0017491586,91.85600000000002,253.41,0.41453356,169.94174,99,27317.421253681183,0.0034966157,0.37411564588546753,110.3,65667072,111.4,88,2398
1028096,502,0.027675629,0.00084462564,96.33800000000001,228.61,0.41038814,165.0621,110,27372.231733322144,0.0023717112,0.3739030957221985,109.2,65798144,111.4,88,2391
1030144,503,0.029340744,0.0011783995,96.972,232.28,0.4167921,174.47275,106,27427.207594394684,0.0025979707,0.36416763067245483,109.6,65929216,111.4,88,2384
1032192,504,0.028936386,0.000956125,94.88999999999999,243.09,0.42157042,171.13626,103,27481.724674463272,0.0026298708,0.3831685185432434,109.9,66060288,111.4,88,2404
1034240,505,0.0037403107,0.00015259029,92.62200000000001,255.76,0.42236936,175.80074,106,27537.569661140442,0.00069027056,0.36191678047180176,109.6,66191360,111.4,88,2347
1036288,506,0.036230087,0.0012396715,98.35200000000003,218.48,0.404257,165.50735,119,27593.22716832161,0.003337588,0.36447811126708984,108.3,66322432,111.4,88,2355
1038336,507,0.032266617,0.0013786908,95.82699999999998,243.73,0.4120258,163.84645,114,27649.99465751648,0.0026914026,0.3805221915245056,108.8,66453504,111.4,88,2308
1040384,508,0.041330338,0.0018851173,91.551,256.46,0.41284114,163.90698,115,27706.120530843735,0.0036997704,0.3709542155265808,108.7,66584576,111.4,88,2335
