eprew_recent,eplen,best_ext_ret,total_secs,tcount,recent_best_ext_ret,eprew_std,best_eplen,n_updates,eprew,epcount,rew_mean,recent_worst_eplen,eplen_std,recent_best_eplen
147.69203158650396,172.66,158.6,359.8314850330353,100083528.0,158.6,4.351043438073216,149,391,148.789,1393.0,0.8138102,500,10.332686001229302,149
147.82562711864406,172.94,159.1,711.8834435939789,100340815.0,159.1,4.094378585328914,148,392,148.592,2868.0,0.8750109,500,10.076527179539585,148
147.9960597826087,170.5,159.1,1071.9872364997864,100597026.0,159.1,3.6741816775984284,148,393,149.533,4340.0,0.8704297,500,9.341841360245848,148
147.6057980900409,174.75,161.0,1425.797611951828,100852478.0,161.0,4.869901333702768,143,394,147.719,5806.0,0.8649841,500,11.174412736247037,143
148.12376438727148,175.48,161.0,1781.7175018787384,101109206.0,159.5,5.401781557967704,143,395,147.53400000000002,7283.0,0.8771225,500,13.38841290071381,147
148.42859078590786,172.46,161.0,2140.85565161705,101364457.0,158.5,4.0604742333870325,143,396,148.707,8759.0,0.8738695,500,9.78408912469628,149
148.35418918918919,174.3,161.0,2501.751807451248,101621023.0,158.9,9.560477969223088,143,397,148.16899999999998,10239.0,0.87897885,500,23.34844748586081,148
147.99467939972715,171.16,161.0,2861.67521071434,101876159.0,158.3,3.9196952687677133,143,398,149.38299999999998,11705.0,0.8673852,500,9.780306743655844,150
148.39202702702704,174.47,161.0,3221.465907096863,102133072.0,158.3,4.235349336241344,143,399,147.99599999999998,13185.0,0.87819445,379,10.661571178770979,150
148.5665314401623,171.51,161.0,3579.0262727737427,102389338.0,158.1,4.2529908299924655,143,400,149.063,14664.0,0.88000685,318,10.063294689116482,148
147.60034270047979,173.28,161.0,3938.94069814682,102644292.0,158.3,4.161063686126422,143,401,148.557,16123.0,0.8594292,500,10.14009861884982,150
148.0050305914344,174.06,161.0,4294.820636749268,102900469.0,157.9,4.465297750430537,143,402,148.154,17594.0,0.87157243,500,10.51553137031125,149
148.76114864864866,177.22,161.0,4649.758164644241,103156266.0,158.3,11.849737338861145,143,403,147.14499999999998,19074.0,0.8810363,433,29.545415888086602,150
148.5936614969656,174.64,161.0,5008.1726224422455,103412112.0,159.1,32.65136461160544,143,404,145.967,20557.0,0.8818285,500,34.39317374131093,148
148.639115874079,174.3,161.0,5368.4866597652435,103670344.0,159.9,4.42136585231306,143,405,148.082,22050.0,0.8876728,310,10.22692524662227,146
148.4291836734694,170.51,161.0,5727.671232700348,103925072.0,159.0,3.9421613361200736,143,406,149.75799999999998,23520.0,0.8716128,500,9.752430466299158,148
148.94427223719677,173.68,161.0,6087.92670917511,104180285.0,160.1,4.730999471570463,143,407,148.138,25004.0,0.88459677,500,11.826140536963022,145
148.80569705093833,171.9,161.0,6441.588205337524,104437340.0,158.3,5.220169633259056,143,408,149.023,26496.0,0.8884718,500,13.26838347350573,150
147.71235494880546,175.1,161.0,6797.388192176819,104691813.0,159.9,33.13958930041228,143,409,146.03900000000002,27961.0,0.86724395,500,36.041503853196794,146
148.7892545332438,171.42,161.0,7154.0128808021545,104948985.0,159.8,4.333901244837035,143,410,149.21,29450.0,0.88572,342,10.26954721494575,146
148.87442799461644,174.11,161.0,7510.683664798737,105204873.0,159.5,7.102102435194805,143,411,148.12900000000002,30936.0,0.88488686,500,17.714341647377132,147
148.90376091336466,172.07,161.0,7864.538892507553,105461009.0,158.4,3.9003204996512784,143,412,149.15,32425.0,0.8894038,500,9.671871587236877,148
148.56278600269178,171.78,161.0,8218.114018678665,105716978.0,160.2,6.072335959085269,143,413,149.04399999999998,33911.0,0.88072616,500,15.068895115435637,145
149.46511007338225,169.87,161.0,8578.646793603897,105973363.0,158.3,6.024149400537805,143,414,149.668,35410.0,0.8957434,297,14.875251258382157,150
148.90651443922096,172.21,161.0,8933.445569038391,106229121.0,158.2,4.6992931383347445,143,415,148.762,36899.0,0.8842318,500,11.383580280386306,149
148.60006747638326,172.86,161.0,9291.958086967468,106484722.0,159.1,4.543387612784099,143,416,148.777,38381.0,0.8798812,500,10.744319429354285,148
149.41990647962592,169.99,161.0,9648.119780540466,106740936.0,160.3,3.8816202802438053,143,417,149.832,39878.0,0.8944513,274,9.58800813516551,145
149.0323252688172,171.06,161.0,10001.604063510895,106996601.0,159.1,3.814715061442992,143,418,149.457,41366.0,0.8863159,500,9.010904505098253,147
148.8958389261745,170.26,161.0,10357.354803085327,107252684.0,158.9,3.943799690653672,143,419,149.738,42856.0,0.8861784,500,9.794508665573787,148
149.18192771084338,172.1,161.0,10715.832232236862,107509019.0,159.6,4.475587559192648,143,420,149.15400000000002,44350.0,0.8897259,500,11.057576588023254,146
149.55336442371754,171.8,161.0,11076.886053562164,107765718.0,159.9,4.386887735057735,143,421,149.304,45851.0,0.89804846,380,10.997272389097217,146
149.48103564223268,171.4,161.0,11436.082980155945,108020124.0,159.4,4.963818187645473,143,422,149.247,47338.0,0.8878945,394,11.732859838931,146
149.45533333333333,172.04,161.0,11794.337619066238,108276316.0,158.8,5.47087735194274,143,423,149.251,48838.0,0.8959394,500,13.734569523650897,148
149.7804391217565,170.01,161.0,12148.1312353611,108532055.0,160.7,4.765090870067432,143,424,149.953,50341.0,0.89998645,489,11.740949706050188,144
149.2283522348232,169.23,161.0,12507.553456306458,108788531.0,159.9,4.265685759640528,143,425,150.365,51840.0,0.8924468,500,10.601749855566297,146
149.64213669542139,169.4,161.0,12867.610728740692,109045539.0,159.5,4.692932025930057,143,426,149.967,53347.0,0.90222156,365,11.56460116043783,147
149.41110367892975,169.24,161.0,13224.25862288475,109300804.0,160.1,5.635672453221532,143,427,149.814,54842.0,0.89384055,500,13.591997645673722,145
149.59973386560213,171.12,161.0,13582.060864925385,109557250.0,158.9,5.482682190315248,143,428,149.386,56345.0,0.8983209,338,13.349367026192665,148
149.10993288590606,170.52,161.0,13938.790339708328,109811827.0,158.8,3.9097287629706483,143,429,149.58899999999997,57835.0,0.88669807,500,9.496820520574241,148
149.15925680159256,168.54,161.0,14295.403768777847,110069467.0,159.9,4.100163289431287,143,430,150.38100000000003,59342.0,0.89766604,500,9.418513683166788,146
149.69821546596165,168.51,161.0,14648.235518693924,110326552.0,159.5,3.916372173325717,143,431,150.427,60855.0,0.9062298,500,9.460967181002161,147
149.69839679358716,169.37,161.0,15005.815396785736,110581349.0,159.2,3.3328630334893763,143,432,150.16800000000003,62352.0,0.8961602,297,8.449443768674954,147
149.335609103079,170.9,161.0,15365.052370548248,110836730.0,158.8,4.177723183744944,143,433,149.52300000000002,63846.0,0.89159447,500,10.205390732353171,146
149.7610113107119,171.56,161.0,15721.649063110352,111092311.0,159.9,6.624037665955712,143,434,149.215,65349.0,0.89896905,377,16.445254634696298,146
149.89728835978838,169.67,161.0,16081.08473944664,111349190.0,158.7,3.96990919291613,143,435,149.939,66861.0,0.90597004,362,9.398994627086454,149
149.7362433862434,171.81,161.0,16444.051476716995,111605779.0,159.5,7.5765608952875185,143,436,148.98499999999999,68373.0,0.90549785,500,17.672970887770962,145
149.12191689008043,171.86,161.0,16798.697237730026,111860603.0,159.4,32.33363085086486,143,437,147.346,69865.0,0.8894547,500,34.321719071165425,147
149.59141716566864,171.15,161.0,17153.666488170624,112116037.0,159.1,4.460808895256554,143,438,149.328,71368.0,0.8978141,500,11.07192395205097,148
150.02879684418147,168.16,161.0,17511.25185441971,112373576.0,159.5,3.7571493182997124,143,439,150.577,72889.0,0.9120244,328,9.042919882427357,147
149.93408338848445,170.43,161.0,17869.663932800293,112629291.0,160.1,4.283351958454967,143,440,149.43599999999998,74400.0,0.9057768,500,10.158991091638972,145
149.82971352431713,170.21,161.0,18228.128036737442,112884416.0,159.5,4.179663144321561,143,441,149.804,75901.0,0.8992605,333,10.204209915520163,147
149.8931561461794,167.03,161.0,18584.115645885468,113139885.0,159.3,3.0141001974055213,143,442,151.02,77406.0,0.9017146,366,7.10416075268571,146
149.5750165672631,168.79,161.0,18937.755011558533,113396213.0,159.9,3.921630273240965,143,443,150.19600000000003,78915.0,0.90202343,500,9.576319752389223,146
149.69530423280423,168.26,161.0,19290.87907934189,113652439.0,159.2,3.787443860970086,143,444,150.53700000000003,80427.0,0.90495825,500,9.522205626849276,147
150.1195137976347,168.08,161.0,19644.998789787292,113909858.0,161.0,5.026358124925042,143,445,150.218,81949.0,0.9157006,398,12.218576021779297,143
150.07190192180252,170.8,161.0,20002.696609973907,114165342.0,159.0,6.211392758472129,142,446,149.48,83458.0,0.90540624,323,14.880188170853216,142
150.0111111111111,168.9,161.0,20358.76119542122,114421764.0,160.1,3.5527983337082336,142,447,150.232,84970.0,0.9065511,409,8.475258108164022,144
150.4646825396825,168.76,161.0,20712.886862516403,114676409.0,159.1,3.7280423817333395,142,448,150.51,86482.0,0.90741676,253,9.342505017392284,148
150.50412303664922,169.41,161.0,21073.02564883232,114933813.0,159.9,5.37864295152597,142,449,150.04,88010.0,0.92100006,406,13.24469327693171,146
150.38719309887193,168.3,161.0,21430.404166460037,115187999.0,160.5,4.172133746657699,142,450,150.55,89517.0,0.9044937,290,10.197548725061333,144
150.20466798159106,171.1,161.0,21785.171429634094,115444916.0,160.0,5.977184872496417,142,451,149.33100000000002,91038.0,0.9139466,500,14.828014027508875,145
150.4509162303665,169.0,161.0,22140.347949504852,115702465.0,160.3,4.07919305745634,142,452,150.228,92566.0,0.9170258,300,9.808159868191384,145
150.70132538104704,166.44,161.0,22492.649307727814,115955940.0,159.5,3.221011642326056,142,453,151.422,94075.0,0.90989935,360,7.9778693897556385,147
150.19323258869906,168.11,161.0,22848.39897274971,116212603.0,160.8,5.741258659910734,142,454,150.643,95597.0,0.91356164,500,14.097443030564088,143
150.5503272251309,173.37,161.0,23202.126066207886,116469509.0,160.1,32.67770877830941,141,455,146.793,97125.0,0.9179728,500,40.66636325023421,141
150.70151216305064,168.0,161.0,23557.51777100563,116724665.0,160.0,5.930111634699636,141,456,150.67600000000002,98646.0,0.91678834,308,14.757371039585609,145
150.4236375574524,167.14,161.0,23913.35344338417,116980299.0,159.5,4.839212642569036,141,457,151.061,100169.0,0.91635597,500,12.111168399456758,147
150.68067664281068,166.02,161.0,24262.889169454575,117237885.0,160.3,4.1037660752045815,141,458,151.552,101706.0,0.9247859,500,10.235213725174477,145
150.7806557377049,168.43,161.0,24619.9088845253,117493164.0,160.3,4.870381812548171,141,459,150.459,103231.0,0.9196764,500,12.200209014602986,145
150.67570584372947,167.16,161.0,24974.266461849213,117748898.0,160.7,4.581791243607678,141,460,150.86700000000002,104754.0,0.9169304,319,11.170246192452518,144
150.80654878847412,169.14,161.0,25326.821047067642,118004891.0,160.1,5.894595066669126,141,461,150.25699999999998,106281.0,0.9217131,270,14.538239233139617,145
150.5833442622951,167.83,161.1,25681.436126708984,118260794.0,161.1,4.929344378312394,141,462,150.658,107806.0,0.91755164,500,11.70218355692646,143
150.58132372214942,169.47,161.1,26038.135845422745,118517202.0,160.1,7.408666276732945,141,463,150.09199999999998,109332.0,0.91941947,407,18.675360772954292,141
150.73451211525867,167.42,161.3,26397.55154323578,118772854.0,161.3,4.3434681994921975,141,464,151.022,110859.0,0.9207294,500,10.782559992877388,142
150.8349279161206,166.35,161.3,26743.04254245758,119028296.0,160.7,3.5487400581051314,141,465,151.062,112385.0,0.91737497,329,8.545612909557747,144
150.46360655737706,167.56,161.3,27090.27572107315,119284495.0,160.2,3.88985488161191,141,466,150.727,113910.0,0.9176136,500,9.153491137265606,145
150.93508771929822,169.0,161.3,27441.516986370087,119541696.0,159.9,4.654572375632374,141,467,150.166,115449.0,0.9278598,407,11.273863579093016,146
151.09947678221062,166.53,161.3,27790.13602232933,119796659.0,160.9,4.271520923511906,141,468,150.853,116978.0,0.92281306,314,9.657592867790607,143
150.98639322916668,167.1,161.3,28137.318019628525,120053368.0,160.3,5.066367041579202,141,469,151.00500000000002,118514.0,0.9283643,358,12.740879090549443,145
150.65754408883083,167.69,161.3,28496.092812776566,120310247.0,159.9,5.045938862094941,141,470,150.849,120045.0,0.9202862,487,12.709598734814564,146
151.2556566970091,166.38,161.5,28846.945936203003,120566106.0,161.5,4.387557293073219,141,471,151.421,121583.0,0.9296635,373,10.55820060426965,142
151.33008447043534,168.34,161.5,29205.043573617935,120821944.0,161.3,3.9438472333496906,141,472,150.58700000000002,123122.0,0.932237,241,9.516532982131675,142
150.7720732504905,167.63,161.5,29559.645394325256,121077074.0,160.3,4.310827762738844,141,473,150.642,124651.0,0.9200902,500,9.852568193115944,145
150.8509778357236,166.73,161.5,29914.76141691208,121333410.0,160.7,3.794728448782599,141,474,151.19400000000002,126185.0,0.9263997,500,9.352919330348145,144
151.2093851132686,165.33,161.5,30272.982540607452,121590485.0,160.7,3.779004498541912,141,475,151.635,127730.0,0.9339787,384,9.111591518499939,144
151.23668407310703,165.95,161.5,30629.57614016533,121845598.0,160.7,4.2403088330922305,141,476,151.30899999999997,129262.0,0.9245046,415,10.32412223871841,144
151.435,167.69,161.8,30985.107177257538,122101295.0,161.8,4.16308479375571,141,477,150.875,130802.0,0.9322711,302,10.484936814306513,141
151.34015544041452,163.55,161.8,31337.316372156143,122357619.0,161.1,3.8815299818499396,141,478,152.515,132346.0,0.9338786,500,9.298790243897322,143
151.23257624918887,167.99,161.8,31690.41770553589,122613540.0,161.5,33.79607409152726,141,479,148.624,133887.0,0.93201244,500,35.51858527588057,142
151.49837872892348,163.85,161.8,32046.375611305237,122869168.0,160.3,3.5643584275434486,141,480,152.30700000000002,135429.0,0.933305,299,8.848022377910219,145
151.42149774047772,166.38,161.8,32398.151027202606,123126348.0,160.8,3.4669040944335334,141,481,151.27599999999998,136978.0,0.93459344,419,8.642661627068366,143
151.37968750000002,166.49,161.8,32750.61781525612,123381489.0,160.3,3.2513006628117314,141,482,151.438,138514.0,0.9254093,326,7.985605800438686,145
151.11303501945525,164.95,161.8,33103.6196372509,123637867.0,161.0,3.7963312553042576,141,483,151.76300000000003,140056.0,0.92904377,500,8.804970187343054,143
151.5390402075227,165.1,161.8,33460.056164741516,123893263.0,161.5,3.6647088561030348,141,484,151.797,141598.0,0.9291103,359,8.902246907382429,142
151.2089552238806,165.34,161.8,33814.46750712395,124149158.0,160.7,5.423723720839768,141,485,151.661,143139.0,0.9287073,500,13.516819152448553,144
150.97228366948602,166.96,161.8,34169.71261882782,124405117.0,160.9,4.019682076980716,141,486,150.866,144676.0,0.9268476,500,9.437075818281848,143
151.41157078215903,164.62,161.8,34528.56160378456,124661442.0,160.7,3.435335645901285,141,487,151.76299999999998,146223.0,0.93202204,500,8.683063975348794,144
151.80597686375322,165.99,161.8,34880.38595318794,124918214.0,161.4,4.5997629286736075,141,488,151.44099999999997,147779.0,0.94251007,238,11.106300013956043,142
151.62895077720205,168.37,161.8,35228.68269467354,125173804.0,161.3,6.96030710529356,140,489,150.505,149323.0,0.93484545,306,16.66832625070676,140
151.72118863049096,165.9,161.8,35577.223885297775,125429861.0,160.6,3.9841509760549987,140,490,151.629,150871.0,0.9362967,488,9.778036612735708,144
151.5792501616031,165.55,161.8,35927.23620080948,125685719.0,160.6,4.475316636842582,140,491,151.579,152418.0,0.9344194,500,10.630498577206998,144
151.64750809061488,164.16,161.8,36276.84573888779,125940677.0,161.7,3.4533188384509175,140,492,152.333,153963.0,0.93439245,500,8.378209832655182,141
151.72535392535394,164.65,161.8,36628.946852207184,126197275.0,160.3,3.6194690218317933,140,493,152.038,155517.0,0.942052,500,9.134960317374125,145
151.7154244977317,166.61,161.8,36979.66392993927,126452571.0,161.1,7.293786122446971,140,494,151.278,157060.0,0.93338346,384,18.1960957350746,143
151.96378205128204,165.34,161.8,37335.70730257034,126709825.0,161.1,4.308911231390131,140,495,151.822,158620.0,0.94511425,291,10.473032034707044,143
151.85637540453075,164.73,162.2,37691.29081892967,126964805.0,162.2,3.7041603636991733,140,496,152.014,160165.0,0.93621564,348,8.972017610326008,140
151.94958360025623,166.27,162.2,38047.053225040436,127221935.0,161.6,3.7869776867576066,140,497,151.46,161726.0,0.9469423,337,9.451830510541331,141
152.13159252095423,164.87,162.2,38399.75396823883,127476736.0,161.0,4.8114575754130895,140,498,151.874,163277.0,0.941242,289,11.898449478818657,143
151.97933032839666,165.23,162.2,38750.46235322952,127732520.0,161.0,6.433718287273699,140,499,151.937,164830.0,0.9413804,328,16.211017858234566,143
151.9020592020592,165.42,162.3,39105.305038928986,127988401.0,162.3,3.947608896534712,140,500,151.828,166384.0,0.9413645,500,9.827695558980244,140
152.15496476617554,164.82,162.3,39454.57203888893,128245038.0,161.0,4.800756086284743,140,501,152.02900000000002,167945.0,0.94820917,305,11.785058336724514,143
152.12776349614396,163.86,162.3,39812.79918074608,128500897.0,160.3,2.931029000197713,140,502,152.387,169501.0,0.9444681,324,7.035652066439897,145
152.18109833971903,163.87,162.3,40172.949904203415,128757645.0,160.3,4.563171156115011,140,503,152.513,171067.0,0.95255053,500,11.29748202034418,145
152.4519871794872,163.13,162.3,40523.24956893921,129013002.0,161.5,3.781995637226463,140,504,152.50300000000001,172627.0,0.948524,399,8.696729270248673,142
151.79465894465895,164.88,162.3,40879.79360461235,129269306.0,161.7,5.498382580359428,140,505,151.767,174181.0,0.9418026,500,13.297578726971311,141
152.1425272610648,164.1,162.3,41231.66676521301,129525183.0,161.1,3.5770384398270028,140,506,152.414,175740.0,0.94660217,500,8.921322771876378,143
151.80509020618555,162.94,162.3,41581.12241601944,129780529.0,162.1,4.036369036646674,140,507,152.675,177292.0,0.9386849,500,10.077519536076323,140
152.6786123488224,163.32,162.3,41935.503546237946,130036855.0,161.5,4.101869208056249,140,508,152.663,178863.0,0.95509267,409,10.098395912222891,142
152.5969465648855,163.27,162.3,42286.45943069458,130293494.0,161.5,4.354563009074504,140,509,152.69100000000003,180435.0,0.95540947,317,10.865408413860935,142
152.59725063938617,162.38,162.3,42645.81001877785,130548840.0,161.5,3.552201993130459,140,510,153.119,181999.0,0.9492933,318,8.579953379826723,142
152.31666666666666,163.65,162.3,42997.56601190567,130805434.0,161.9,4.622680932099902,140,511,152.48899999999998,183565.0,0.949758,396,11.592562270697535,141
152.2699363057325,162.33,162.3,43353.51418066025,131061921.0,161.3,3.2726703164235773,140,512,152.97299999999998,185135.0,0.95252484,500,7.545932679265036,142
152.6969968051118,162.32,162.7,43704.220125198364,131316526.0,162.7,4.1108971040394575,139,513,152.915,186700.0,0.9508757,500,10.038804709725158,139
152.6119696010133,161.75,162.7,44056.43001270294,131573651.0,161.0,3.4633618061068923,139,514,153.31500000000003,188279.0,0.96030223,500,8.384956767926713,143
152.68200253485426,162.95,162.7,44403.55295944214,131830855.0,161.1,3.760763087459777,139,515,152.781,189857.0,0.959892,341,9.349197826551752,143
152.67952655150353,162.05,162.7,44749.79916739464,132085754.0,160.5,3.561315908481021,139,516,153.17299999999997,191420.0,0.950162,427,8.418283673053553,144
152.53212005108557,161.48,162.7,45107.161005973816,132341126.0,160.9,3.3157049024302507,139,517,153.34900000000002,192986.0,0.95354176,500,8.150435571182685,143
153.05214646464646,163.22,162.7,45461.22857785225,132597886.0,161.5,3.4563645641048937,139,518,152.58799999999997,194570.0,0.9655156,251,8.4930324384168,142
152.94656925031768,161.65,162.7,45807.24881339073,132853570.0,161.9,3.76017286836656,139,519,153.18999999999997,196144.0,0.9597712,306,9.108649735279098,141
152.88646759847524,162.13,162.7,46154.70974493027,133109016.0,161.5,3.876743994642926,139,520,153.116,197718.0,0.9581926,500,9.447385881819374,142
152.9680783817952,161.08,162.7,46501.47616815567,133365631.0,160.4,3.2599809815396177,139,521,153.482,199300.0,0.96501523,461,8.071777994964927,144
152.76184713375795,161.74,162.7,46852.73953413963,133621217.0,161.5,3.587938126556811,139,522,153.17000000000002,200870.0,0.95649296,499,8.868618832715724,142
152.86507936507937,162.8,162.7,47203.63690280914,133877218.0,161.5,3.8345143108352056,139,523,152.83,202445.0,0.96033186,334,9.410632284814872,142
153.007702020202,162.53,162.7,47560.70915341377,134134242.0,161.8,3.0784353168452308,139,524,153.106,204029.0,0.9665347,265,7.683039763010472,141
152.89955242966752,162.55,162.7,47910.52864050865,134388461.0,161.7,3.3215634872752307,139,525,152.904,205593.0,0.9560128,338,8.150306742693799,141
152.73385876418664,161.94,162.7,48268.2304751873,134646443.0,162.7,2.9483993962826665,139,526,153.071,207179.0,0.96452993,500,7.414607204700732,139
152.79859335038364,163.61,162.7,48609.67411351204,134900986.0,160.7,6.871692367968752,139,527,152.438,208743.0,0.952435,424,16.861135786180004,144
153.2363866077069,160.86,162.7,48961.141219854355,135156981.0,161.5,3.7980535804540727,139,528,153.483,210326.0,0.96780324,265,8.892716120511214,142
152.9553447185326,161.11,162.7,49319.134472608566,135413459.0,162.3,3.3145948470363606,139,529,153.469,211907.0,0.9649134,500,8.299271052327429,140
152.931198478123,162.28,162.7,49669.50904130936,135669254.0,161.5,4.174206032289254,139,530,153.198,213484.0,0.96224684,500,10.394306133648364,142
153.09727503168568,161.55,162.7,50023.88921070099,135924869.0,161.9,3.6426192499354086,139,531,153.275,215062.0,0.9638973,291,8.517482022288041,141
153.2266037735849,160.29,162.7,50373.626670598984,136181813.0,162.7,3.5600820215270335,139,532,153.604,216652.0,0.9713597,339,8.359778705205061,139
153.26091081593927,162.39,162.7,50724.422612667084,136437329.0,161.5,6.686495644207062,139,533,153.024,218233.0,0.9668689,314,16.78802847269446,142
153.02029169308815,161.91,162.7,51070.00864005089,136692533.0,161.7,3.5308021751437746,139,534,152.99399999999997,219810.0,0.9615121,500,8.459426694522508,141
153.22739811912226,162.33,162.8,51423.37184238434,136950404.0,162.8,3.7320696670882243,138,535,153.016,221405.0,0.97609234,471,9.002283043761732,138
153.18976626658244,164.29,162.8,51778.58706688881,137206214.0,161.5,7.874351973337234,138,536,152.30899999999997,222988.0,0.96749353,500,18.824077666648108,142
153.4005681818182,160.7,162.8,52135.87997317314,137461756.0,162.7,4.820089625722742,138,537,153.55599999999998,224572.0,0.9680723,313,11.884022887894485,139
153.4833228445563,161.56,162.8,52487.19539475441,137717843.0,161.9,3.718012775663901,138,538,153.409,226161.0,0.97398394,326,8.896426248781024,141
152.9280834914611,162.12,162.8,52843.89349603653,137973666.0,161.4,3.9275946837727536,138,539,153.02,227742.0,0.9640889,500,9.572126200588876,142
153.02682619647356,160.25,162.8,53199.78338766098,138230785.0,161.9,3.8259193666359472,138,540,154.02899999999997,229330.0,0.9700125,500,9.533493588396649,141
152.86361323155214,162.22,162.8,53553.99021792412,138485662.0,161.7,3.722700095360893,138,541,153.25199999999998,230902.0,0.95567065,500,9.2591360288096,141
153.72324561403508,159.97,162.8,53911.47624182701,138741999.0,161.7,3.3671418146552705,138,542,153.866,232498.0,0.97828156,310,8.237056513099809,141
153.4086544535692,162.02,162.8,54261.70677399635,138996981.0,161.0,3.720284397730904,138,543,153.022,234081.0,0.96740395,500,9.329501594404709,143
153.6687695190506,160.09,162.8,54619.133799791336,139254222.0,161.1,4.148867315304264,138,544,153.97000000000003,235682.0,0.9824898,240,10.002094780594714,143
153.7625392834695,158.63,162.9,54975.07847070694,139509481.0,162.9,3.219724211792058,138,545,154.524,237273.0,0.97453505,259,7.979542593407219,138
153.38279773156899,161.55,162.9,55322.742453575134,139764888.0,161.4,5.001401403606795,138,546,153.37199999999999,238860.0,0.9706066,500,12.519085429854691,141
153.69400374765772,159.64,162.9,55674.44852948189,140021922.0,161.9,3.3186744341679555,138,547,154.10000000000002,240461.0,0.97739685,307,8.265010586805076,141
153.79147869674185,158.02,162.9,56034.29908776283,140277520.0,162.5,3.4247445160186767,138,548,154.62500000000003,242057.0,0.9789083,314,7.658955542369991,138
153.9255,160.25,162.9,56387.94558548927,140533397.0,161.5,3.0663822331862014,138,549,153.99,243657.0,0.9797361,283,7.510492660272027,142
153.76612398246712,160.09,162.9,56736.56476306915,140789334.0,161.9,3.283263467953797,138,550,153.759,245254.0,0.98104376,273,8.073530826100809,141
153.96758276077452,159.9,162.9,57094.559617996216,141045233.0,162.2,3.585650708030551,138,551,153.99699999999999,246855.0,0.9803551,318,8.843641783790204,140
154.01044776119403,159.16,162.9,57449.33932733536,141301986.0,161.7,3.450591833294689,138,552,154.204,248463.0,0.9855684,289,8.521408334307187,141
153.83083176985616,160.0,162.9,57807.99859833717,141558122.0,161.5,4.294989057029134,138,553,153.887,250062.0,0.9808319,280,10.486181383134664,141
153.69685534591196,159.64,162.9,58164.39953708649,141812927.0,161.9,8.255924176008401,138,554,154.054,251652.0,0.9736903,500,19.492829450851925,141
153.69993761696819,161.97,163.5,58523.649582862854,142069386.0,163.5,31.81562094317821,137,555,151.20800000000003,253255.0,0.98298496,500,34.782022655389085,137
153.45764411027568,161.08,163.5,58879.590695142746,142325195.0,162.0,3.3586300778740137,137,556,153.598,254851.0,0.97667575,500,8.041989803524997,140
154.0243947858473,161.68,163.5,59228.2392373085,142582501.0,162.7,7.997409830688934,137,557,153.40599999999998,256462.0,0.98826754,379,19.931823800144333,139
154.14822208359325,159.81,163.5,59578.67799401283,142837645.0,162.2,3.4517554953965077,137,558,154.028,258065.0,0.98474956,500,8.542476221798923,140
154.12038653366585,159.49,163.5,59929.79528093338,143093141.0,162.2,3.363759057958819,137,559,154.175,259669.0,0.98507833,500,8.127108957064623,140
154.27706137631742,157.93,163.5,60283.44291090965,143349787.0,162.8,3.505837417793357,137,560,154.752,261282.0,0.9919911,288,8.086105366615005,138
153.89950155763242,164.16,164.1,60639.69945192337,143606165.0,164.1,32.193024089078676,135,561,150.58,262887.0,0.98365587,500,34.68478629024547,135
154.05451713395638,158.91,164.1,60989.78858757019,143861847.0,163.3,3.5066970214148823,135,562,154.426,264492.0,0.98417366,500,8.25359921488801,137
154.36459627329194,158.76,164.1,61343.27546072006,144117624.0,162.9,3.7998709188602717,135,563,154.391,266102.0,0.9913447,252,9.405445231354015,138
154.0738643434972,159.54,164.1,61694.68544101715,144374165.0,162.6,3.4292092382938666,135,564,154.018,267709.0,0.9862648,365,8.18586586745715,139
154.14658735128367,159.26,164.1,62049.53909134865,144628655.0,163.3,3.9567333748939917,135,565,154.181,269306.0,0.9798671,333,9.236471187634377,137
154.2298148148148,157.84,164.1,62407.39170265198,144886172.0,162.8,3.1003386911755304,135,566,154.75,270926.0,0.9974148,371,7.53487889750061,138
154.29239875389408,159.47,164.1,62763.13738656044,145141510.0,161.7,3.729333854725265,135,567,154.237,272531.0,0.9836685,324,9.357836288373504,138
153.90553827006843,159.09,164.1,63118.901631593704,145397612.0,163.1,2.9933185597259784,135,568,154.362,274138.0,0.98678833,500,7.030071123395553,138
154.51101485148513,158.55,164.1,63473.04830431938,145653811.0,163.1,4.300737029858953,135,569,154.41899999999998,275754.0,0.99511117,381,10.180741623280692,138
154.4858116480793,157.9,164.1,63822.991213321686,145909799.0,163.1,3.525066098671059,135,570,154.74699999999999,277368.0,0.9910709,239,8.754998572244316,138
154.48535980148884,158.53,164.1,64180.54804253578,146165486.0,162.5,3.718536809015072,135,571,154.622,278980.0,0.99200046,274,9.19070726331766,139
154.35512345679012,157.07,164.1,64534.47072172165,146422860.0,163.1,2.989049849032297,135,572,155.159,280600.0,0.9980548,411,7.240517937274929,138
154.61061452513968,157.6,164.1,64886.04423594475,146677931.0,162.4,3.150999841320212,135,573,154.76,282211.0,0.9920501,335,7.7291655435758395,139
154.64025893958078,157.33,164.1,65239.24197220802,146934302.0,162.3,3.575942393272017,135,574,155.106,283833.0,1.0005944,346,8.920823952976543,137
154.29564947172156,158.11,164.1,65592.22425055504,147189252.0,162.3,4.02988039524748,135,575,154.608,285442.0,0.989624,500,9.238933921183765,140
154.83304615384617,157.32,164.1,65944.59643149376,147445531.0,163.3,2.7834072644871792,135,576,155.062,287067.0,1.00212,284,6.884591491148913,137
154.40228677379483,158.81,164.1,66298.14811730385,147701977.0,162.7,3.1170644844147835,135,577,154.54699999999997,288685.0,0.9967633,500,7.367082190392612,139
154.7716049382716,159.08,164.1,66645.73127937317,147957763.0,162.7,5.069244914185938,135,578,154.234,290305.0,0.9997329,360,11.935392745946823,139
154.7615099009901,158.17,164.1,66994.70947504044,148212897.0,163.5,3.266536238892813,135,579,154.679,291921.0,0.9966312,312,7.571069937597988,137
154.7072884496603,157.48,164.1,67350.09168577194,148468832.0,162.7,3.129921884009247,135,580,154.967,293540.0,0.99774647,294,7.28214254186225,139
154.26864197530864,157.03,164.1,67696.73891043663,148725728.0,161.7,3.18583489842145,135,581,155.216,295160.0,0.99508125,500,7.32045763596785,141
154.51266912669126,158.19,164.1,68053.07619524002,148982270.0,163.1,3.469800570638029,135,582,154.678,296786.0,1.0018718,500,8.211814659379497,138
154.83214285714288,156.79,164.1,68408.79379463196,149238351.0,162.3,2.8818424662010944,135,583,155.17200000000003,298410.0,1.0012283,227,6.556363321232282,140
154.90012338062922,157.55,164.1,68761.39651560783,149493585.0,162.7,3.4774525158512226,135,584,154.782,300031.0,1.0007175,273,7.73611659684625,139
154.70893958076448,157.64,164.1,69115.65946030617,149749665.0,163.6,3.424681591038792,135,585,155.034,301653.0,1.0000681,252,8.198194923274269,136
154.7768803945746,159.42,164.1,69471.01347637177,150005635.0,162.3,3.729104316052315,135,586,154.20899999999997,303275.0,1.0002688,286,9.124889040421257,140
154.63927250308262,156.38,164.1,69824.84788560867,150261783.0,162.3,3.287756681994577,135,587,155.484,304897.0,1.0001738,500,8.09664127895018,140
155.10269938650308,156.45,164.1,70177.02739191055,150517735.0,162.7,3.384686100659852,135,588,155.23,306527.0,1.0081813,253,7.66077672302228,138
154.98081180811806,158.16,164.1,70532.11705851555,150773441.0,163.5,3.5732521601476708,135,589,154.487,308153.0,1.007072,315,8.551865293607003,137
154.7168,157.74,164.1,70883.5260746479,151029546.0,162.8,3.3636611006461417,135,590,154.77200000000002,309778.0,1.0001918,500,7.802076646637099,138
155.131498470948,157.2,164.1,71236.95465111732,151286138.0,163.5,3.757889168136816,135,591,155.08700000000002,311413.0,1.0107381,264,8.588364221433556,137
154.92507701786815,159.35,164.1,71585.40852355957,151541861.0,162.2,4.673531427090225,135,592,154.34799999999998,313036.0,1.0015162,418,11.692198253536416,140
154.96834975369458,157.2,164.1,71935.7127995491,151797599.0,162.9,3.212154884186003,135,593,155.13100000000003,314660.0,1.0046406,349,7.681145747868608,138
155.07300613496932,156.02,164.1,72292.59831213951,152053812.0,162.7,5.707284468116164,135,594,155.452,316290.0,1.0078636,272,13.6988904660195,136
155.21486486486486,159.49,164.1,72641.12719869614,152309110.0,162.5,4.9103710654083965,135,595,154.016,317918.0,1.006332,339,11.354730291821115,139
155.17676829268294,157.31,164.1,72990.0066177845,152566347.0,162.7,3.1994491713418434,135,596,155.02499999999998,319558.0,1.0139141,439,7.8786991312018,139
155.20091855480712,159.13,164.1,73342.72817802429,152822294.0,162.9,9.688203342209535,135,597,154.154,321191.0,1.0104893,386,24.163052373406803,138
155.01421568627453,156.72,164.1,73693.0563428402,153078526.0,163.3,2.718309033204282,135,598,155.21399999999997,322823.0,1.0093107,500,6.417289147295763,137
155.00209747069712,157.5,164.1,74046.27628064156,153333485.0,163.1,3.144871857484815,135,599,154.891,324444.0,1.0002631,347,7.58617163001207,138
155.24810281517748,157.27,164.1,74400.70527744293,153589621.0,163.1,4.034894794167503,135,600,154.86799999999997,326078.0,1.0118551,371,9.67042398243221,138
155.3660747091243,155.91,164.1,74755.93178009987,153845233.0,162.3,3.308826226927006,135,601,155.56300000000002,327711.0,1.0111299,286,7.707262808546235,140
154.64889162561576,157.7,164.1,75111.5500869751,154101271.0,163.1,3.4615734861475937,135,602,154.90300000000002,329335.0,1.0015291,500,8.243178998420452,138
154.90551470588235,156.47,164.1,75464.93426203728,154357748.0,163.2,4.777404734790638,135,603,155.49800000000002,330967.0,1.0083883,500,11.654574209296536,137
155.31001843884448,157.43,164.1,75820.34777092934,154612624.0,163.5,3.825454221396459,135,604,155.09000000000003,332594.0,1.007378,415,9.597140199038462,137
155.3243013365735,155.32,164.1,76175.23626923561,154870300.0,161.9,2.834652712414698,135,605,155.888,334240.0,1.0197324,270,6.765914572325015,141
155.2522907758094,155.32,164.1,76532.70408177376,155126749.0,163.3,2.6952734555143016,135,606,155.899,335877.0,1.0136958,255,6.324365580831013,137
155.3591075794621,155.96,164.1,76881.18953299522,155382567.0,163.9,4.133774425388981,135,607,155.65299999999996,337513.0,1.013911,316,10.166533332459004,136
155.54360856269113,155.4,164.1,77234.45864486694,155637669.0,162.7,3.160805435328153,135,608,155.803,339148.0,1.0146301,205,7.8752777728788725,139
155.48423615337796,155.74,164.1,77585.93569540977,155894080.0,163.5,2.9093110868382577,135,609,155.697,340791.0,1.0180227,302,7.216120841560235,137
155.2925,156.69,164.1,77944.30450797081,156150206.0,162.9,3.781467836700454,135,610,154.849,342431.0,1.0147303,500,9.048419751536729,138
155.55647416413373,156.82,164.1,78300.27711105347,156406431.0,163.1,3.3791632100270026,135,611,155.184,344076.0,1.0222971,294,8.138034160655753,138
155.5060975609756,154.04,164.1,78650.98382139206,156662136.0,163.0,2.920537450538856,135,612,156.419,345716.0,1.0143989,306,7.2634977799955305,138
155.57889294403893,155.54,164.1,79005.26365661621,156918340.0,163.7,3.25103060582333,135,613,155.78,347360.0,1.0207545,361,8.251569547667886,136
155.80449301760777,156.35,164.1,79355.4855017662,157174286.0,162.7,3.493090894895236,135,614,155.254,349007.0,1.0214953,222,8.17480886626715,139
155.78041362530413,156.09,164.3,79710.325350523,157429764.0,164.3,3.076196352640709,135,615,155.404,350651.0,1.0218496,296,6.794254926038616,135
155.4189696969697,153.59,164.3,80070.91517686844,157686821.0,163.1,2.8887178816907673,135,616,156.59699999999998,352301.0,1.0207427,500,6.876183534490627,138
155.7740425531915,154.89,164.3,80428.6276948452,157942018.0,163.9,3.170843893981538,135,617,156.043,353946.0,1.0205227,500,7.6992142456227315,136
155.7844108761329,156.2,164.3,80781.07790207863,158198686.0,162.7,3.5776897573713686,135,618,155.45600000000002,355601.0,1.0278815,500,9.023303164584464,136
155.59555690809495,159.68,164.3,81141.37913227081,158454543.0,164.3,32.34508944183027,135,619,152.383,357244.0,1.0182959,500,35.02795455061571,135
155.9472255729795,154.04,164.3,81493.42316961288,158711117.0,163.4,3.3025693028307535,135,620,156.29399999999998,358902.0,1.0286186,500,7.721295228133684,137
156.03720364741642,154.9,164.3,81847.67915987968,158965976.0,163.7,4.112247074289192,131,621,156.068,360547.0,1.0223426,437,10.014489502715554,131
155.8141560798548,154.91,164.3,82200.65075206757,159222406.0,163.5,3.287886859367274,131,622,156.14,362200.0,1.0256283,500,8.187911821703993,137
156.13802304426926,154.83,164.3,82553.12689518929,159477381.0,164.1,3.5517494280987774,131,623,156.026,363849.0,1.0257263,445,8.4179035394806,135
156.13819277108436,154.31,164.3,82903.87508034706,159734050.0,163.2,3.307908100295412,131,624,156.18800000000002,365509.0,1.0331688,417,7.741698779983628,137
155.99037530266344,155.12,164.3,83253.7915892601,159989980.0,163.5,3.20618152948332,131,625,155.98000000000002,367161.0,1.026234,329,8.030292647220275,137
155.76315472606865,159.25,164.3,83609.06610870361,160247767.0,163.5,32.57164410956255,131,626,152.35999999999999,368822.0,1.0306073,500,36.355020286062285,137
156.0642162818955,154.51,164.3,83964.31991887093,160502197.0,163.4,3.187876409147631,131,627,156.062,370468.0,1.0245315,300,7.1881777941283564,137
156.0649303452453,154.76,164.3,84313.83704805374,160757326.0,162.8,3.2172154108794135,131,628,156.175,372119.0,1.0229245,284,7.866536722090604,138
155.90737160120847,155.95,164.3,84669.20361065865,161013626.0,163.5,5.221874280370985,131,629,155.57299999999998,373774.0,1.0250045,500,12.969483412996833,137
156.35438175270107,154.95,164.3,85023.83530020714,161270175.0,163.9,3.323822498269123,131,630,155.99800000000002,375440.0,1.0376198,299,7.901107517304141,136
156.2514182257091,153.83,164.3,85372.86965489388,161525651.0,164.1,2.8028333878416665,131,631,156.455,377097.0,1.029501,243,6.607654651992642,135
156.09723058398555,154.64,164.3,85725.14253044128,161782075.0,163.5,3.3653534732625046,131,632,156.114,378758.0,1.0335903,500,8.123447543992636,137
156.2324113048707,153.93,164.3,86080.37139558792,162038544.0,163.9,3.3389847259309224,131,633,156.241,380421.0,1.0331876,296,8.12558305600281,136
156.42068550811786,154.39,164.7,86436.40597510338,162294417.0,164.7,3.0370472502086634,131,634,156.21200000000002,382084.0,1.0357951,196,7.418753264531716,134
156.46390887290167,154.07,164.7,86783.89358353615,162550564.0,163.9,3.3424570303894705,131,635,156.291,383752.0,1.0375786,226,7.770785031127807,136
156.09246534056658,155.13,164.7,87136.7065269947,162806973.0,163.5,5.231008602554578,131,636,155.90699999999998,385411.0,1.0326835,467,12.997426668383245,137
156.24167167769093,153.73,164.7,87486.17308282852,163063122.0,164.3,2.786377397266924,131,637,156.49900000000002,387074.0,1.033645,500,6.774739847403736,135
156.46516245487365,154.98,164.7,87832.8652908802,163318758.0,163.5,2.9340886148853764,131,638,156.082,388736.0,1.035237,271,7.359320620818201,137
156.49824773413897,153.95,164.7,88184.41734671593,163573230.0,163.7,2.6910399476782203,131,639,156.45200000000003,390391.0,1.0305818,304,6.26956936320191,136
156.36031175059952,153.12,164.7,88545.99219250679,163830182.0,163.8,2.3869855466675953,131,640,156.63,392059.0,1.0386992,453,5.779757780391839,136
156.55643802647413,153.55,164.7,88900.76669454575,164085523.0,163.5,2.9139559022057964,131,641,156.63100000000003,393721.0,1.0361953,207,7.305306290635595,137
156.5291267942584,153.0,164.7,89257.08593416214,164342508.0,162.7,2.654818072862997,131,642,156.821,395393.0,1.041998,242,6.4124878167525585,139
156.54889022195562,153.29,164.7,89605.24252867699,164598710.0,163.1,2.856980223942756,131,643,156.692,397060.0,1.0404824,297,7.02039172696225,138
156.5745050989802,154.14,164.7,89958.22922420502,164854747.0,163.9,3.3682790858240947,131,644,156.264,398727.0,1.0366024,230,8.075914808862212,136
156.6166265060241,153.39,164.7,90310.72726273537,165109315.0,163.3,3.631519103625918,131,645,156.587,400387.0,1.0359474,210,8.966487606638399,137
156.5637402285027,154.62,164.7,90658.6023979187,165364690.0,163.0,9.405137106921941,131,646,156.18600000000004,402050.0,1.034953,380,23.461363984218817,138
156.7129013079667,152.3,164.7,91014.97078728676,165622255.0,163.9,3.7879831045029757,131,647,157.22799999999998,403732.0,1.0514169,221,9.332202312423366,136
156.29437125748504,154.51,164.7,91373.11467766762,165878908.0,163.5,3.0208242252736253,131,648,156.18900000000002,405402.0,1.038197,500,7.2684179846786465,137
156.53407451923078,153.75,164.7,91725.33798241615,166134001.0,163.3,3.3900731555528427,131,649,156.59799999999998,407066.0,1.0348442,500,8.444376827214665,137
156.54805272618336,153.4,164.7,92076.2523598671,166390232.0,163.1,2.462441674436168,131,650,156.591,408735.0,1.0404719,277,5.707889277132134,138
156.85256257449342,152.01,164.7,92432.01610517502,166646668.0,164.3,2.303475634774548,131,651,157.2,410413.0,1.046984,197,5.559667256230359,135
156.7469216975493,154.64,164.7,92792.30944228172,166902495.0,163.5,6.863837046434013,131,652,156.121,412086.0,1.0421684,311,17.163635978428346,135
156.5855861244019,152.99,164.7,93145.69847393036,167158423.0,163.4,3.104480632891756,131,653,156.72000000000003,413758.0,1.0415024,500,7.6752784965758725,137
156.93496420047734,152.9,164.7,93500.24484467506,167414069.0,163.3,3.0963242724236744,131,654,156.67600000000002,415434.0,1.0442119,204,7.272551134230684,137
156.84212410501195,154.64,164.7,93853.93245220184,167670135.0,163.5,3.968812794778811,131,655,156.00500000000002,417110.0,1.0459083,224,9.28710934575447,137
157.01103160405486,151.56,164.7,94202.7135257721,167925739.0,164.2,2.4770585378630043,131,656,157.409,418787.0,1.0482167,257,5.822920229575535,135
156.77337701012507,152.58,164.7,94557.76859736443,168182092.0,163.2,2.5968941064279067,131,657,157.021,420466.0,1.0457323,500,6.3343192215107065,137
157.03766388557804,154.58,164.7,94906.66266775131,168437731.0,163.7,4.24684164997943,131,658,156.15599999999998,422144.0,1.0495734,284,10.369358707268256,136
156.79262782401904,151.89,164.9,95261.03156018257,168694721.0,164.9,2.812906681708442,131,659,157.26600000000002,423826.0,1.0476013,407,6.628566964284212,133
156.6416766467066,150.97,164.9,95613.63751649857,168949819.0,163.7,2.5977151498961537,131,660,157.726,425496.0,1.0406022,500,6.274480058140275,136
156.8425848719476,153.27,164.9,95961.15752315521,169205821.0,163.7,3.472068403704051,131,661,156.621,427175.0,1.0471963,500,8.271462990305887,135
157.20614294152392,151.25,164.9,96310.54601812363,169462696.0,164.7,2.8532535814399678,131,662,157.38800000000003,428868.0,1.0577902,202,6.702797923255631,134
157.07541666666668,151.01,164.9,96662.18680787086,169718144.0,163.9,2.4389118475254485,131,663,157.503,430548.0,1.0477493,423,5.6718515495382995,136
157.09155766944113,152.52,164.9,97015.55876159668,169974010.0,164.3,3.789828492161619,131,664,156.9,432230.0,1.050331,355,9.299978494598793,135
157.28047197640115,152.22,164.9,97365.9659523964,170231036.0,164.3,2.7285664734435184,131,665,156.96500000000003,433925.0,1.059959,224,6.5430573893249635,135
157.21316259678377,151.87,164.9,97742.67554116249,170485672.0,163.5,3.1185052509174964,131,666,156.945,435604.0,1.0490937,192,7.1030345627766724,137
157.00497630331756,150.14,164.9,98094.89388394356,170741894.0,163.9,2.8608907703720527,131,667,157.94799999999998,437292.0,1.0528104,500,6.855683773337273,136
157.195978710822,151.44,164.9,98448.77414131165,170998330.0,164.3,2.7245006881995812,131,668,157.336,438983.0,1.0590259,500,6.481234450318859,135
157.26583629893238,151.23,164.9,98801.88533234596,171253435.0,164.3,3.0999670965995763,131,669,157.19799999999998,440669.0,1.0539843,500,7.450979801341567,135
157.46320422535214,151.51,164.9,99151.68661546707,171510879.0,164.7,2.7875930477743687,131,670,157.25500000000002,442373.0,1.0669949,291,6.402335511358335,134
157.49037212049618,151.32,164.9,99501.13118338585,171766640.0,163.6,2.8863395503647853,131,671,157.33800000000002,444066.0,1.0602732,238,6.569444420953723,136
157.48659184878912,151.75,164.9,99851.72877287865,172022578.0,164.3,3.054809159342036,131,672,157.371,445759.0,1.0578207,296,7.122324058900999,135
157.21940828402367,151.58,165.1,100204.23470163345,172278543.0,165.1,3.1062459657921484,131,673,157.294,447449.0,1.0563107,500,7.339182515784711,133
